prj,clk_target(ns),clk_estimated(ns),clk_uncertainty(ns),bram,dsp,ff,lutc_num_arith,c_num_logic,rtl_num_arith,rtl_num_logic,data_input_port(numxbits),data_output_port(numxbits)
io1_l1n1n1_l3n1n1,10.0,8.419,1.25,12,5,652,991,14,7,12,7,5x32,2x32
io1_l1n1n1_l3n1p1,10.0,8.419,1.25,12,5,679,1068,15,7,13,7,5x32,2x32
io1_l1n1n1_l3p1n1,10.0,8.835,1.25,13,10,8993,4684,153,7,27,7,5x32,2x32
io1_l1n1p1_l3n1n1,10.0,8.419,1.25,12,5,679,1068,15,7,13,7,5x32,2x32
io1_l1n1p1_l3n1p1,10.0,8.419,1.25,12,5,706,1145,16,7,14,7,5x32,2x32
io1_l1n1p1_l3p1n1,10.0,8.835,1.25,13,10,9020,4761,154,7,28,7,5x32,2x32
io1_l1p1n1_l3n1n1,10.0,8.835,1.25,13,10,8899,5221,138,69,12,69,5x32,2x32
io1_l1p1n1_l3n1p1,10.0,8.835,1.25,13,10,8926,5298,139,69,13,69,5x32,2x32
io1_l1p1n1_l3p1n1,10.0,8.905,1.25,14,10,11477,6868,277,69,25,69,5x32,2x32
io2_l1n1n1_l3n1n1,10.0,8.419,1.25,16,5,786,1371,14,7,12,7,6x32,2x32
io2_l1n1n1_l3n1n1_d1d2,10.0,8.419,1.25,16,5,785,1578,15,17,13,17,6x32,2x32
io2_l1n1n1_l3n1n2,10.0,8.419,1.25,16,8,1044,1548,16,8,13,8,6x32,2x32
io2_l1n1n1_l3n1n2_d1d2,10.0,8.419,1.25,16,8,1036,1676,17,12,14,12,6x32,2x32
io2_l1n1n1_l3n1p1,10.0,8.419,1.25,16,5,820,1454,15,7,13,7,6x32,2x32
io2_l1n1n1_l3n1p1_d1d2,10.0,8.419,1.25,16,5,811,1661,16,17,14,17,6x32,2x32
io2_l1n1n1_l3n1p2,10.0,8.419,1.25,16,5,942,1527,18,8,14,8,6x32,2x32
io2_l1n1n1_l3n1p2_d1d2,10.0,8.419,1.25,16,5,940,1635,18,12,14,12,6x32,2x32
io2_l1n1n1_l3p1n1,10.0,9.309,1.25,18,8,4078,4325,159,6,32,6,6x32,2x32
io2_l1n1n1_l3p1n1_d1d2,10.0,9.286,1.25,18,14,4414,4700,151,11,26,11,6x32,2x32
io2_l1n1n1_l3p2n1,10.0,8.835,1.25,18,20,15613,8264,287,6,37,6,6x32,2x32
io2_l1n1n1_l3p2n1_d1d2,10.0,8.813,1.25,18,40,18577,10625,279,11,37,11,6x32,2x32
io2_l1n1n2_l3n1n1,10.0,8.419,1.25,16,8,1038,1479,16,7,13,7,6x32,2x32
io2_l1n1n2_l3n1n1_d1d2,10.0,8.419,1.25,16,8,1036,1676,17,12,14,12,6x32,2x32
io2_l1n1n2_l3n1n2,10.0,8.419,1.25,16,8,1104,1530,18,8,13,8,6x32,2x32
io2_l1n1n2_l3n1n2_d1d2,10.0,8.419,1.25,16,8,1095,1648,19,7,14,7,6x32,2x32
io2_l1n1n2_l3n1p1,10.0,8.419,1.25,16,8,1072,1562,17,7,14,7,6x32,2x32
io2_l1n1n2_l3n1p1_d1d2,10.0,8.419,1.25,16,8,1062,1759,18,12,15,12,6x32,2x32
io2_l1n1n2_l3n1p2,10.0,8.419,1.25,16,8,1162,1620,20,8,15,8,6x32,2x32
io2_l1n1n2_l3n1p2_d1d2,10.0,8.419,1.25,16,8,1159,1718,20,7,15,7,6x32,2x32
io2_l1n1n2_l3p1n1,10.0,9.309,1.25,18,8,4138,4289,161,6,32,6,6x32,2x32
io2_l1n1n2_l3p1n1_d1d2,10.0,9.286,1.25,18,14,4473,4652,153,6,26,6,6x32,2x32
io2_l1n1n2_l3p2n1,10.0,8.933,1.25,18,20,15609,8220,289,6,37,6,6x32,2x32
io2_l1n1n2_l3p2n1_d1d2,10.0,8.91,1.25,18,40,18636,10577,281,6,37,6,6x32,2x32
io2_l1n1p1_l3n1n1,10.0,8.419,1.25,16,5,819,1454,15,7,13,7,6x32,2x32
io2_l1n1p1_l3n1n1_d1d2,10.0,8.419,1.25,16,5,811,1661,16,17,14,17,6x32,2x32
io2_l1n1p1_l3n1n2,10.0,8.419,1.25,16,8,1077,1631,17,8,14,8,6x32,2x32
io2_l1n1p1_l3n1n2_d1d2,10.0,8.419,1.25,16,8,1062,1759,18,12,15,12,6x32,2x32
io2_l1n1p1_l3n1p1,10.0,8.419,1.25,16,5,853,1537,16,7,14,7,6x32,2x32
io2_l1n1p1_l3n1p1_d1d2,10.0,8.419,1.25,16,5,837,1744,17,17,15,17,6x32,2x32
io2_l1n1p1_l3n1p2,10.0,8.419,1.25,16,5,975,1610,19,8,15,8,6x32,2x32
io2_l1n1p1_l3n1p2_d1d2,10.0,8.419,1.25,16,5,966,1718,19,12,15,12,6x32,2x32
io2_l1n1p1_l3p1n1,10.0,9.309,1.25,18,8,4104,4408,160,6,33,6,6x32,2x32
io2_l1n1p1_l3p1n1_d1d2,10.0,9.286,1.25,18,14,4440,4783,152,11,27,11,6x32,2x32
io2_l1n1p1_l3p2n1,10.0,8.835,1.25,18,20,15639,8347,288,6,38,6,6x32,2x32
io2_l1n1p1_l3p2n1_d1d2,10.0,8.813,1.25,18,40,18603,10708,280,11,38,11,6x32,2x32
io2_l1n1p2_l3n1n1,10.0,8.419,1.25,16,5,941,1438,17,7,13,7,6x32,2x32
io2_l1n1p2_l3n1n1_d1d2,10.0,8.419,1.25,16,5,940,1635,18,12,14,12,6x32,2x32
io2_l1n1p2_l3n1n2,10.0,8.419,1.25,16,8,1167,1600,19,8,14,8,6x32,2x32
io2_l1n1p2_l3n1n2_d1d2,10.0,8.419,1.25,16,8,1159,1718,20,7,15,7,6x32,2x32
io2_l1n1p2_l3n1p1,10.0,8.419,1.25,16,5,975,1521,18,7,14,7,6x32,2x32
io2_l1n1p2_l3n1p1_d1d2,10.0,8.419,1.25,16,5,966,1718,19,12,15,12,6x32,2x32
io2_l1n1p2_l3n1p2,10.0,8.419,1.25,16,5,1033,1573,21,8,15,8,6x32,2x32
io2_l1n1p2_l3n1p2_d1d2,10.0,8.419,1.25,16,5,1031,1671,21,7,15,7,6x32,2x32
io2_l1n1p2_l3p1n1,10.0,9.32,1.25,18,8,4169,4368,162,6,33,6,6x32,2x32
io2_l1n1p2_l3p1n1_d1d2,10.0,9.263,1.25,18,14,4505,4733,154,6,27,6,6x32,2x32
io2_l1n1p2_l3p2n1,10.0,9.229,1.25,18,20,15640,8302,290,6,38,6,6x32,2x32
io2_l1n1p2_l3p2n1_d1d2,10.0,9.206,1.25,18,40,18668,10663,282,6,38,6,6x32,2x32
io2_l1p1n1_l3n1n1,10.0,9.263,1.25,18,14,4046,4303,138,37,13,37,6x32,2x32
io2_l1p1n1_l3n1n1_d1d2,10.0,9.286,1.25,18,14,3986,4786,139,42,14,42,6x32,2x32
io2_l1p1n1_l3n1n2,10.0,9.263,1.25,18,14,4176,4366,140,38,13,38,6x32,2x32
io2_l1p1n1_l3n1n2_d1d2,10.0,9.286,1.25,18,14,4045,4738,141,37,14,37,6x32,2x32
io2_l1p1n1_l3n1p1,10.0,9.263,1.25,18,14,4073,4386,139,37,14,37,6x32,2x32
io2_l1p1n1_l3n1p1_d1d2,10.0,9.286,1.25,18,14,4012,4869,140,42,15,42,6x32,2x32
io2_l1p1n1_l3n1p2,10.0,9.286,1.25,18,14,4202,4468,142,38,15,38,6x32,2x32
io2_l1p1n1_l3n1p2_d1d2,10.0,9.263,1.25,18,14,4077,4820,142,37,15,37,6x32,2x32
io2_l1p1n1_l3p1n1,10.0,9.39,1.25,20,14,7439,6751,283,36,32,36,6x32,2x32
io2_l1p1n1_l3p1n1_d1d2,10.0,9.286,1.25,20,14,7273,7077,275,36,24,36,6x32,2x32
io2_l1p1n1_l3p2n1,10.0,9.275,1.25,20,20,17854,10605,411,36,35,36,6x32,2x32
io2_l1p1n1_l3p2n1_d1d2,10.0,9.263,1.25,20,40,21084,13218,403,36,35,36,6x32,2x32
io2_l1p2n1_l3n1n1,10.0,8.835,1.25,18,20,15522,8624,266,69,16,69,6x32,2x32
io2_l1p2n1_l3n1n1_d1d2,10.0,8.813,1.25,18,40,18527,10770,267,42,25,42,6x32,2x32
io2_l1p2n1_l3n1n2,10.0,8.933,1.25,18,20,15588,8663,268,70,16,70,6x32,2x32
io2_l1p2n1_l3n1n2_d1d2,10.0,8.91,1.25,18,40,18586,10722,269,37,25,37,6x32,2x32
io2_l1p2n1_l3n1p1,10.0,8.835,1.25,18,20,15549,8707,267,69,17,69,6x32,2x32
io2_l1p2n1_l3n1p1_d1d2,10.0,8.813,1.25,18,40,18553,10853,268,42,26,42,6x32,2x32
io2_l1p2n1_l3n1p2,10.0,9.229,1.25,18,20,15614,8765,270,70,18,70,6x32,2x32
io2_l1p2n1_l3n1p2_d1d2,10.0,9.206,1.25,18,40,18618,10808,270,37,26,37,6x32,2x32
io2_l1p2n1_l3p1n1,10.0,9.391,1.25,20,20,17999,11387,411,68,35,68,6x32,2x32
io2_l1p2n1_l3p1n1_d1d2,10.0,9.285,1.25,20,40,21078,13326,403,36,35,36,6x32,2x32
io2_l1p2n1_l3p2n1,10.0,8.905,1.25,20,20,18372,11047,539,68,35,68,6x32,2x32
io2_l1p2n1_l3p2n1_d1d2,10.0,8.835,1.25,20,40,21002,12821,531,36,35,36,6x32,2x32
io4_l1n1n1_l3n1n1,10.0,8.419,1.25,8,5,1931,1676,14,7,12,7,8x32,2x32
io4_l1n1n1_l3n1n1_d1d2,10.0,8.419,1.25,16,5,1928,1941,15,7,13,7,8x32,2x32
io4_l1n1n1_l3n1n2,10.0,8.419,1.25,8,8,2187,1935,16,11,13,11,8x32,2x32
io4_l1n1n1_l3n1n2_d1d2,10.0,8.419,1.25,16,8,2179,2293,17,10,14,10,8x32,2x32
io4_l1n1n1_l3n1n4,10.0,8.419,1.25,8,8,2371,2029,21,10,14,10,8x32,2x32
io4_l1n1n1_l3n1n4_d1d2,10.0,8.419,1.25,16,14,2635,2461,21,7,16,7,8x32,2x32
io4_l1n1n1_l3n1p1,10.0,8.419,1.25,8,5,1959,1771,15,7,13,7,8x32,2x32
io4_l1n1n1_l3n1p1_d1d2,10.0,8.419,1.25,16,5,1954,2036,16,7,14,7,8x32,2x32
io4_l1n1n1_l3n1p2,10.0,8.419,1.25,8,5,2089,1925,18,11,14,11,8x32,2x32
io4_l1n1n1_l3n1p2_d1d2,10.0,8.419,1.25,16,5,2086,2264,18,10,14,10,8x32,2x32
io4_l1n1n1_l3n1p4,10.0,8.847,1.25,8,5,2296,2072,24,10,16,10,8x32,2x32
io4_l1n1n1_l3n1p4_d1d2,10.0,8.847,1.25,16,5,2282,2185,22,7,14,7,8x32,2x32
io4_l1n1n1_l3p1n1,10.0,8.847,1.25,8,8,5869,5246,159,6,32,6,8x32,2x32
io4_l1n1n1_l3p1n1_d1d2,10.0,8.858,1.25,32,26,6700,6268,146,6,25,6,8x32,2x32
io4_l1n1n1_l3p2n1,10.0,8.999,1.25,8,8,7514,6477,287,9,32,9,8x32,2x32
io4_l1n1n1_l3p2n1_d1d2,10.0,8.928,1.25,24,26,8797,7957,274,9,25,9,8x32,2x32
io4_l1n1n1_l3p4n1,10.0,8.835,1.25,8,40,29733,15055,543,6,45,6,8x32,2x32
io4_l1n1n1_l3p4n1_d1d2,10.0,8.419,1.25,32,160,45612,27110,530,6,80,6,8x32,2x32
io4_l1n1n2_l3n1n1,10.0,8.419,1.25,8,8,2182,1960,16,10,13,10,8x32,2x32
io4_l1n1n2_l3n1n1_d1d2,10.0,8.419,1.25,16,8,2179,2195,17,10,14,10,8x32,2x32
io4_l1n1n2_l3n1n2,10.0,8.419,1.25,8,8,2246,2093,18,14,13,14,8x32,2x32
io4_l1n1n2_l3n1n2_d1d2,10.0,8.419,1.25,16,8,2238,2421,19,13,14,13,8x32,2x32
io4_l1n1n2_l3n1n4,10.0,8.419,1.25,8,8,2430,2187,23,13,14,13,8x32,2x32
io4_l1n1n2_l3n1n4_d1d2,10.0,8.419,1.25,16,14,2694,2589,23,10,16,10,8x32,2x32
io4_l1n1n2_l3n1p1,10.0,8.419,1.25,8,8,2210,2055,17,10,14,10,8x32,2x32
io4_l1n1n2_l3n1p1_d1d2,10.0,8.419,1.25,16,8,2205,2578,18,10,15,10,8x32,2x32
io4_l1n1n2_l3n1p2,10.0,8.419,1.25,8,8,2308,2194,20,14,15,14,8x32,2x32
io4_l1n1n2_l3n1p2_d1d2,10.0,8.419,1.25,16,8,2305,2887,20,13,15,13,8x32,2x32
io4_l1n1n2_l3n1p4,10.0,8.847,1.25,8,8,2515,2341,26,13,17,13,8x32,2x32
io4_l1n1n2_l3n1p4_d1d2,10.0,8.847,1.25,16,8,2501,2808,24,10,15,10,8x32,2x32
io4_l1n1n2_l3p1n1,10.0,8.847,1.25,8,8,5928,5384,161,9,32,9,8x32,2x32
io4_l1n1n2_l3p1n1_d1d2,10.0,8.858,1.25,32,26,6759,6951,148,9,25,9,8x32,2x32
io4_l1n1n2_l3p2n1,10.0,8.999,1.25,8,8,7573,6599,289,12,32,12,8x32,2x32
io4_l1n1n2_l3p2n1_d1d2,10.0,8.928,1.25,24,26,8856,8192,276,12,25,12,8x32,2x32
io4_l1n1n2_l3p4n1,10.0,8.835,1.25,8,40,29792,15209,545,9,45,9,8x32,2x32
io4_l1n1n2_l3p4n1_d1d2,10.0,8.419,1.25,32,160,45671,27361,532,9,80,9,8x32,2x32
io4_l1n1n4_l3n1n1,10.0,8.419,1.25,8,14,2638,2128,20,7,15,7,8x32,2x32
io4_l1n1n4_l3n1n1_d1d2,10.0,8.419,1.25,16,14,2635,2461,21,7,16,7,8x32,2x32
io4_l1n1n4_l3n1n2,10.0,8.419,1.25,8,14,2702,2261,22,11,15,11,8x32,2x32
io4_l1n1n4_l3n1n2_d1d2,10.0,8.419,1.25,16,14,2694,2687,23,10,16,10,8x32,2x32
io4_l1n1n4_l3n1n4,10.0,8.419,1.25,8,14,2886,2354,27,10,16,10,8x32,2x32
io4_l1n1n4_l3n1n4_d1d2,10.0,8.419,1.25,16,14,2830,2633,27,7,16,7,8x32,2x32
io4_l1n1n4_l3n1p1,10.0,8.419,1.25,8,14,2666,2223,21,7,16,7,8x32,2x32
io4_l1n1n4_l3n1p1_d1d2,10.0,8.419,1.25,16,14,2661,2556,22,7,17,7,8x32,2x32
io4_l1n1n4_l3n1p2,10.0,8.419,1.25,8,14,2764,2362,24,11,17,11,8x32,2x32
io4_l1n1n4_l3n1p2_d1d2,10.0,8.419,1.25,16,14,2761,2769,24,10,17,10,8x32,2x32
io4_l1n1n4_l3n1p4,10.0,8.847,1.25,8,14,2971,2505,30,10,19,10,8x32,2x32
io4_l1n1n4_l3n1p4_d1d2,10.0,8.847,1.25,16,14,2957,2686,28,7,17,7,8x32,2x32
io4_l1n1n4_l3p1n1,10.0,8.847,1.25,8,14,6384,5548,165,6,34,6,8x32,2x32
io4_l1n1n4_l3p1n1_d1d2,10.0,8.858,1.25,32,26,6895,6377,152,6,25,6,8x32,2x32
io4_l1n1n4_l3p2n1,10.0,8.999,1.25,8,14,8029,6731,293,9,34,9,8x32,2x32
io4_l1n1n4_l3p2n1_d1d2,10.0,8.928,1.25,24,26,8992,8018,280,9,25,9,8x32,2x32
io4_l1n1n4_l3p4n1,10.0,8.835,1.25,8,40,29800,15117,549,6,45,6,8x32,2x32
io4_l1n1n4_l3p4n1_d1d2,10.0,8.419,1.25,32,160,45807,27225,536,6,80,6,8x32,2x32
io4_l1n1p1_l3n1n1,10.0,8.419,1.25,8,5,1955,1771,15,7,13,7,8x32,2x32
io4_l1n1p1_l3n1n1_d1d2,10.0,8.419,1.25,16,5,1954,2036,16,7,14,7,8x32,2x32
io4_l1n1p1_l3n1n2,10.0,8.419,1.25,8,8,2211,2030,17,11,14,11,8x32,2x32
io4_l1n1p1_l3n1n2_d1d2,10.0,8.419,1.25,16,8,2205,2388,18,10,15,10,8x32,2x32
io4_l1n1p1_l3n1n4,10.0,8.419,1.25,8,8,2395,2124,22,10,15,10,8x32,2x32
io4_l1n1p1_l3n1n4_d1d2,10.0,8.419,1.25,16,14,2661,2556,22,7,17,7,8x32,2x32
io4_l1n1p1_l3n1p1,10.0,8.419,1.25,8,5,1983,1866,16,7,14,7,8x32,2x32
io4_l1n1p1_l3n1p1_d1d2,10.0,8.419,1.25,16,5,1980,2131,17,7,15,7,8x32,2x32
io4_l1n1p1_l3n1p2,10.0,8.419,1.25,8,5,2113,2020,19,11,15,11,8x32,2x32
io4_l1n1p1_l3n1p2_d1d2,10.0,8.419,1.25,16,5,2112,2359,19,10,15,10,8x32,2x32
io4_l1n1p1_l3n1p4,10.0,8.847,1.25,8,5,2320,2167,25,10,17,10,8x32,2x32
io4_l1n1p1_l3n1p4_d1d2,10.0,8.847,1.25,16,5,2308,2280,23,7,15,7,8x32,2x32
io4_l1n1p1_l3p1n1,10.0,8.847,1.25,8,8,5893,5341,160,6,33,6,8x32,2x32
io4_l1n1p1_l3p1n1_d1d2,10.0,8.858,1.25,32,26,6726,6363,147,6,26,6,8x32,2x32
io4_l1n1p1_l3p2n1,10.0,8.999,1.25,8,8,7538,6584,288,9,33,9,8x32,2x32
io4_l1n1p1_l3p2n1_d1d2,10.0,8.928,1.25,24,26,8823,8064,275,9,26,9,8x32,2x32
io4_l1n1p1_l3p4n1,10.0,8.835,1.25,8,40,29757,15150,544,6,46,6,8x32,2x32
io4_l1n1p1_l3p4n1_d1d2,10.0,8.419,1.25,32,160,45638,27205,531,6,81,6,8x32,2x32
io4_l1n1p2_l3n1n1,10.0,8.419,1.25,8,5,2085,1931,17,10,13,10,8x32,2x32
io4_l1n1p2_l3n1n1_d1d2,10.0,8.419,1.25,16,5,2084,2166,18,10,14,10,8x32,2x32
io4_l1n1p2_l3n1n2,10.0,8.419,1.25,8,8,2309,2175,19,14,14,14,8x32,2x32
io4_l1n1p2_l3n1n2_d1d2,10.0,8.419,1.25,16,8,2303,2503,20,13,15,13,8x32,2x32
io4_l1n1p2_l3n1n4,10.0,8.847,1.25,8,8,2461,2263,24,13,15,13,8x32,2x32
io4_l1n1p2_l3n1n4_d1d2,10.0,8.419,1.25,16,14,2759,2671,24,10,17,10,8x32,2x32
io4_l1n1p2_l3n1p1,10.0,8.419,1.25,8,5,2113,2026,18,10,14,10,8x32,2x32
io4_l1n1p2_l3n1p1_d1d2,10.0,8.419,1.25,16,5,2110,2261,19,10,15,10,8x32,2x32
io4_l1n1p2_l3n1p2,10.0,8.419,1.25,8,5,2179,2159,21,14,15,14,8x32,2x32
io4_l1n1p2_l3n1p2_d1d2,10.0,8.419,1.25,16,5,2178,2468,21,13,15,13,8x32,2x32
io4_l1n1p2_l3n1p4,10.0,8.858,1.25,8,5,2386,2304,27,13,17,13,8x32,2x32
io4_l1n1p2_l3n1p4_d1d2,10.0,8.858,1.25,16,5,2374,2387,25,10,15,10,8x32,2x32
io4_l1n1p2_l3p1n1,10.0,9.24,1.25,8,8,5959,5477,162,9,33,9,8x32,2x32
io4_l1n1p2_l3p1n1_d1d2,10.0,8.881,1.25,32,26,6792,6468,149,9,26,9,8x32,2x32
io4_l1n1p2_l3p2n1,10.0,9.392,1.25,8,8,7604,6704,290,12,33,12,8x32,2x32
io4_l1n1p2_l3p2n1_d1d2,10.0,9.322,1.25,24,26,8889,8296,277,12,26,12,8x32,2x32
io4_l1n1p2_l3p4n1,10.0,9.229,1.25,8,40,29823,15287,546,9,46,9,8x32,2x32
io4_l1n1p2_l3p4n1_d1d2,10.0,8.813,1.25,32,160,45704,27458,533,9,81,9,8x32,2x32
io4_l1n1p4_l3n1n1,10.0,8.847,1.25,8,5,2281,1852,21,7,13,7,8x32,2x32
io4_l1n1p4_l3n1n1_d1d2,10.0,8.847,1.25,16,5,2282,2185,22,7,14,7,8x32,2x32
io4_l1n1p4_l3n1n2,10.0,8.847,1.25,8,8,2505,2096,23,11,14,11,8x32,2x32
io4_l1n1p4_l3n1n2_d1d2,10.0,8.847,1.25,16,8,2501,2522,24,10,15,10,8x32,2x32
io4_l1n1p4_l3n1n4,10.0,8.881,1.25,8,8,2625,2173,28,10,15,10,8x32,2x32
io4_l1n1p4_l3n1n4_d1d2,10.0,8.847,1.25,16,14,2957,2686,28,7,17,7,8x32,2x32
io4_l1n1p4_l3n1p1,10.0,8.847,1.25,8,5,2309,1947,22,7,14,7,8x32,2x32
io4_l1n1p4_l3n1p1_d1d2,10.0,8.847,1.25,16,5,2308,2280,23,7,15,7,8x32,2x32
io4_l1n1p4_l3n1p2,10.0,8.858,1.25,8,5,2375,2078,25,11,15,11,8x32,2x32
io4_l1n1p4_l3n1p2_d1d2,10.0,8.858,1.25,16,5,2376,2485,25,10,15,10,8x32,2x32
io4_l1n1p4_l3n1p4,10.0,8.419,1.25,8,5,2518,2201,31,10,17,10,8x32,2x32
io4_l1n1p4_l3n1p4_d1d2,10.0,8.419,1.25,16,5,2508,2382,29,7,15,7,8x32,2x32
io4_l1n1p4_l3p1n1,10.0,9.263,1.25,8,8,6091,5376,166,6,33,6,8x32,2x32
io4_l1n1p4_l3p1n1_d1d2,10.0,8.847,1.25,32,26,6926,6481,153,6,26,6,8x32,2x32
io4_l1n1p4_l3p2n1,10.0,9.415,1.25,8,8,7736,6571,294,9,33,9,8x32,2x32
io4_l1n1p4_l3p2n1_d1d2,10.0,9.344,1.25,24,26,9023,8117,281,9,26,9,8x32,2x32
io4_l1n1p4_l3p4n1,10.0,9.251,1.25,8,40,29827,15202,550,6,46,6,8x32,2x32
io4_l1n1p4_l3p4n1_d1d2,10.0,8.835,1.25,32,160,45838,27320,537,6,81,6,8x32,2x32
io4_l1p1n1_l3n1n1,10.0,8.881,1.25,8,26,6076,4948,138,21,17,21,8x32,2x32
io4_l1p1n1_l3n1n1_d1d2,10.0,8.847,1.25,32,26,6592,6393,139,21,18,21,8x32,2x32
io4_l1p1n1_l3n1n2,10.0,8.881,1.25,8,26,6140,5140,140,25,17,25,8x32,2x32
io4_l1p1n1_l3n1n2_d1d2,10.0,8.847,1.25,32,26,6651,6598,141,24,18,24,8x32,2x32
io4_l1p1n1_l3n1n4,10.0,8.881,1.25,8,26,6292,5202,145,24,18,24,8x32,2x32
io4_l1p1n1_l3n1n4_d1d2,10.0,8.847,1.25,32,26,6787,6502,145,21,18,21,8x32,2x32
io4_l1p1n1_l3n1p1,10.0,8.881,1.25,8,26,6104,5043,139,21,18,21,8x32,2x32
io4_l1p1n1_l3n1p1_d1d2,10.0,8.847,1.25,32,26,6618,6488,140,21,19,21,8x32,2x32
io4_l1p1n1_l3n1p2,10.0,8.858,1.25,8,26,6170,5270,142,25,19,25,8x32,2x32
io4_l1p1n1_l3n1p2_d1d2,10.0,8.858,1.25,32,26,6686,6692,142,24,19,24,8x32,2x32
io4_l1p1n1_l3n1p4,10.0,9.206,1.25,8,26,6377,5364,148,24,21,24,8x32,2x32
io4_l1p1n1_l3n1p4_d1d2,10.0,8.835,1.25,32,26,6818,6608,146,21,19,21,8x32,2x32
io4_l1p1n1_l3p1n1,10.0,9.297,1.25,8,26,10344,8213,283,20,36,20,8x32,2x32
io4_l1p1n1_l3p1n1_d1d2,10.0,9.229,1.25,32,26,9964,9580,270,20,23,20,8x32,2x32
io4_l1p1n1_l3p2n1,10.0,9.461,1.25,8,26,11504,8475,411,23,36,23,8x32,2x32
io4_l1p1n1_l3p2n1_d1d2,10.0,9.379,1.25,32,26,11661,10234,398,23,23,23,8x32,2x32
io4_l1p1n1_l3p4n1,10.0,9.263,1.25,8,40,31968,17338,667,20,43,20,8x32,2x32
io4_l1p1n1_l3p4n1_d1d2,10.0,8.881,1.25,32,160,48356,30255,654,20,78,20,8x32,2x32
io4_l1p2n1_l3n1n1,10.0,8.952,1.25,8,26,6196,6480,266,40,17,40,8x32,2x32
io4_l1p2n1_l3n1n1_d1d2,10.0,8.928,1.25,24,26,8502,7986,267,24,18,24,8x32,2x32
io4_l1p2n1_l3n1n2,10.0,8.952,1.25,8,26,6260,6609,268,44,17,44,8x32,2x32
io4_l1p2n1_l3n1n2_d1d2,10.0,8.928,1.25,24,26,8561,8175,269,27,18,27,8x32,2x32
io4_l1p2n1_l3n1n4,10.0,9.345,1.25,8,26,6412,6619,273,43,18,43,8x32,2x32
io4_l1p2n1_l3n1n4_d1d2,10.0,8.928,1.25,24,26,8697,8047,273,24,18,24,8x32,2x32
io4_l1p2n1_l3n1p1,10.0,8.952,1.25,8,26,6224,6587,267,40,18,40,8x32,2x32
io4_l1p2n1_l3n1p1_d1d2,10.0,8.928,1.25,24,26,8528,8093,268,24,19,24,8x32,2x32
io4_l1p2n1_l3n1p2,10.0,8.952,1.25,8,26,6290,6715,270,44,19,44,8x32,2x32
io4_l1p2n1_l3n1p2_d1d2,10.0,9.322,1.25,24,26,8596,8279,270,27,19,27,8x32,2x32
io4_l1p2n1_l3n1p4,10.0,9.356,1.25,8,26,6497,6770,276,43,21,43,8x32,2x32
io4_l1p2n1_l3n1p4_d1d2,10.0,9.344,1.25,24,26,8728,8146,274,24,19,24,8x32,2x32
io4_l1p2n1_l3p1n1,10.0,9.439,1.25,8,26,10151,8778,411,39,36,39,8x32,2x32
io4_l1p2n1_l3p1n1_d1d2,10.0,9.379,1.25,32,26,11253,10086,398,23,23,23,8x32,2x32
io4_l1p2n1_l3p2n1,10.0,9.628,1.25,8,26,11882,9167,539,42,36,42,8x32,2x32
io4_l1p2n1_l3p2n1_d1d2,10.0,9.129,1.25,28,26,12510,10735,526,26,23,26,8x32,2x32
io4_l1p2n1_l3p4n1,10.0,9.449,1.25,8,40,32334,18736,795,39,43,39,8x32,2x32
io4_l1p2n1_l3p4n1_d1d2,10.0,8.952,1.25,32,160,49269,32020,782,23,78,23,8x32,2x32
io4_l1p4n1_l3n1n1,10.0,8.835,1.25,8,40,29610,14713,522,69,24,69,8x32,2x32
io4_l1p4n1_l3n1n1_d1d2,10.0,8.419,1.25,32,160,45595,27139,523,21,73,21,8x32,2x32
io4_l1p4n1_l3n1n2,10.0,8.835,1.25,8,40,29674,14858,524,73,24,73,8x32,2x32
io4_l1p4n1_l3n1n2_d1d2,10.0,8.419,1.25,32,160,45654,27344,525,24,73,24,8x32,2x32
io4_l1p4n1_l3n1n4,10.0,9.24,1.25,8,40,29794,14890,529,72,25,72,8x32,2x32
io4_l1p4n1_l3n1n4_d1d2,10.0,8.419,1.25,32,160,45790,27254,529,21,73,21,8x32,2x32
io4_l1p4n1_l3n1p1,10.0,8.835,1.25,8,40,29638,14808,523,69,25,69,8x32,2x32
io4_l1p4n1_l3n1p1_d1d2,10.0,8.419,1.25,32,160,45621,27234,524,21,74,21,8x32,2x32
io4_l1p4n1_l3n1p2,10.0,9.229,1.25,8,40,29704,14955,526,73,26,73,8x32,2x32
io4_l1p4n1_l3n1p2_d1d2,10.0,8.813,1.25,32,160,45689,27441,526,24,74,24,8x32,2x32
io4_l1p4n1_l3n1p4,10.0,9.251,1.25,8,40,29847,15049,532,72,28,72,8x32,2x32
io4_l1p4n1_l3n1p4_d1d2,10.0,8.835,1.25,32,160,45821,27349,530,21,74,21,8x32,2x32
io4_l1p4n1_l3p1n1,10.0,9.32,1.25,8,40,32044,18091,667,68,43,68,8x32,2x32
io4_l1p4n1_l3p1n1_d1d2,10.0,9.206,1.25,32,160,48351,30687,654,20,78,20,8x32,2x32
io4_l1p4n1_l3p2n1,10.0,9.092,1.25,8,40,33263,19198,795,71,43,71,8x32,2x32
io4_l1p4n1_l3p2n1_d1d2,10.0,8.952,1.25,32,160,49672,32331,782,23,78,23,8x32,2x32
io4_l1p4n1_l3p4n1,10.0,8.905,1.25,8,40,33455,19176,1051,68,43,68,8x32,2x32
io4_l1p4n1_l3p4n1_d1d2,10.0,8.813,1.25,32,160,48226,31782,1038,20,78,20,8x32,2x32
io8_l1n1n1_l3n1n1,10.0,8.419,1.25,8,5,3238,2331,14,7,12,7,12x32,2x32
io8_l1n1n1_l3n1n1_d1d2,10.0,8.419,1.25,64,5,3234,3516,15,7,13,7,12x32,2x32
io8_l1n1n1_l3n1n2,10.0,8.419,1.25,8,5,3388,2446,16,9,12,9,12x32,2x32
io8_l1n1n1_l3n1n2_d1d2,10.0,8.419,1.25,64,5,3562,3859,17,8,13,8,12x32,2x32
io8_l1n1n1_l3n1n4,10.0,8.419,1.25,16,8,3676,2936,21,17,14,17,12x32,2x32
io8_l1n1n1_l3n1n4_d1d2,10.0,8.419,1.25,64,14,3939,4497,21,14,16,14,12x32,2x32
io8_l1n1n1_l3n1n8,10.0,8.881,1.25,16,11,3986,3170,31,14,17,14,12x32,2x32
io8_l1n1n1_l3n1n8_d1d2,10.0,8.847,1.25,64,17,4383,4437,29,7,17,7,12x32,2x32
io8_l1n1n1_l3n1p1,10.0,8.419,1.25,8,5,3273,2446,15,7,13,7,12x32,2x32
io8_l1n1n1_l3n1p1_d1d2,10.0,8.419,1.25,64,5,3266,3631,16,7,14,7,12x32,2x32
io8_l1n1n1_l3n1p2,10.0,8.419,1.25,16,5,3437,2568,18,9,14,9,12x32,2x32
io8_l1n1n1_l3n1p2_d1d2,10.0,8.419,1.25,64,5,3465,3970,18,8,14,8,12x32,2x32
io8_l1n1n1_l3n1p4,10.0,8.847,1.25,16,5,3611,3001,24,17,16,17,12x32,2x32
io8_l1n1n1_l3n1p4_d1d2,10.0,8.847,1.25,64,5,3597,4245,22,14,14,14,12x32,2x32
io8_l1n1n1_l3n1p8,10.0,8.419,1.25,16,5,3910,3203,36,14,20,14,12x32,2x32
io8_l1n1n1_l3n1p8_d1d2,10.0,8.419,1.25,64,5,3960,4049,30,7,14,7,12x32,2x32
io8_l1n1n1_l3p1n1,10.0,9.275,1.25,16,8,7132,7059,159,6,32,6,12x32,2x32
io8_l1n1n1_l3p1n1_d1d2,10.0,8.881,1.25,128,50,9429,10867,143,6,30,6,12x32,2x32
io8_l1n1n1_l3p2n1,10.0,9.092,1.25,8,5,13402,10786,287,7,31,7,12x32,2x32
io8_l1n1n1_l3p2n1_d1d2,10.0,9.092,1.25,64,5,12774,11324,271,7,15,7,12x32,2x32
io8_l1n1n1_l3p4n1,10.0,9.313,1.25,10,8,10806,8446,543,13,32,13,12x32,2x32
io8_l1n1n1_l3p4n1_d1d2,10.0,9.667,1.25,80,50,13894,12910,527,13,30,13,12x32,2x32
io8_l1n1n1_l3p8n1,10.0,8.835,1.25,16,80,57029,28724,1055,6,61,6,12x32,2x32
io8_l1n1n1_l3p8n1_d1d2,10.0,8.847,1.25,128,640,123630,88466,1039,6,269,6,12x32,2x32
io8_l1n1n2_l3n1n1,10.0,8.419,1.25,8,5,3410,2410,16,8,12,8,12x32,2x32
io8_l1n1n2_l3n1n1_d1d2,10.0,8.419,1.25,64,5,3584,3611,17,8,13,8,12x32,2x32
io8_l1n1n2_l3n1n2,10.0,8.419,1.25,8,5,3529,2523,18,10,12,10,12x32,2x32
io8_l1n1n2_l3n1n2_d1d2,10.0,8.419,1.25,64,5,3881,3952,19,9,13,9,12x32,2x32
io8_l1n1n2_l3n1n4,10.0,8.847,1.25,16,8,3831,3021,23,18,14,18,12x32,2x32
io8_l1n1n2_l3n1n4_d1d2,10.0,8.419,1.25,64,14,4258,4590,23,15,16,15,12x32,2x32
io8_l1n1n2_l3n1n8,10.0,8.419,1.25,16,11,4141,3268,33,15,17,15,12x32,2x32
io8_l1n1n2_l3n1n8_d1d2,10.0,8.858,1.25,64,17,4702,4544,31,8,17,8,12x32,2x32
io8_l1n1n2_l3n1p1,10.0,8.419,1.25,8,5,3445,2525,17,8,13,8,12x32,2x32
io8_l1n1n2_l3n1p1_d1d2,10.0,8.419,1.25,64,5,3616,5166,18,8,14,8,12x32,2x32
io8_l1n1n2_l3n1p2,10.0,8.419,1.25,16,5,3577,2641,20,10,14,10,12x32,2x32
io8_l1n1n2_l3n1p2_d1d2,10.0,8.419,1.25,64,5,3783,6939,20,9,14,9,12x32,2x32
io8_l1n1n2_l3n1p4,10.0,8.858,1.25,16,5,3765,3080,26,18,16,18,12x32,2x32
io8_l1n1n2_l3n1p4_d1d2,10.0,8.858,1.25,64,5,3916,7216,24,15,14,15,12x32,2x32
io8_l1n1n2_l3n1p8,10.0,8.813,1.25,16,5,4065,3298,38,15,20,15,12x32,2x32
io8_l1n1n2_l3n1p8_d1d2,10.0,8.813,1.25,64,5,4279,7032,32,8,14,8,12x32,2x32
io8_l1n1n2_l3p1n1,10.0,9.275,1.25,16,8,7287,7141,161,7,32,7,12x32,2x32
io8_l1n1n2_l3p1n1_d1d2,10.0,8.858,1.25,128,50,9748,15757,145,7,30,7,12x32,2x32
io8_l1n1n2_l3p2n1,10.0,9.486,1.25,8,5,13545,10819,289,8,31,8,12x32,2x32
io8_l1n1n2_l3p2n1_d1d2,10.0,9.486,1.25,64,5,13093,12101,273,8,15,8,12x32,2x32
io8_l1n1n2_l3p4n1,10.0,9.707,1.25,10,8,10953,8478,545,14,32,14,12x32,2x32
io8_l1n1n2_l3p4n1_d1d2,10.0,9.678,1.25,80,50,14213,13687,529,14,30,14,12x32,2x32
io8_l1n1n2_l3p8n1,10.0,9.229,1.25,16,80,57184,28823,1057,7,61,7,12x32,2x32
io8_l1n1n2_l3p8n1_d1d2,10.0,8.858,1.25,128,640,123949,89283,1041,7,269,7,12x32,2x32
io8_l1n1n4_l3n1n1,10.0,8.419,1.25,8,14,3943,3048,20,14,15,14,12x32,2x32
io8_l1n1n4_l3n1n1_d1d2,10.0,8.419,1.25,64,14,3939,4237,21,14,16,14,12x32,2x32
io8_l1n1n4_l3n1n2,10.0,8.419,1.25,8,14,4062,3161,22,16,15,16,12x32,2x32
io8_l1n1n4_l3n1n2_d1d2,10.0,8.419,1.25,64,14,4236,4578,23,15,16,15,12x32,2x32
io8_l1n1n4_l3n1n4,10.0,8.419,1.25,16,14,4190,3530,27,24,16,24,12x32,2x32
io8_l1n1n4_l3n1n4_d1d2,10.0,8.419,1.25,64,14,4133,4874,27,21,16,21,12x32,2x32
io8_l1n1n4_l3n1n8,10.0,8.881,1.25,16,14,4340,3670,37,21,18,21,12x32,2x32
io8_l1n1n4_l3n1n8_d1d2,10.0,8.847,1.25,64,17,4577,4830,35,14,17,14,12x32,2x32
io8_l1n1n4_l3n1p1,10.0,8.419,1.25,8,14,3978,3163,21,14,16,14,12x32,2x32
io8_l1n1n4_l3n1p1_d1d2,10.0,8.419,1.25,64,14,3971,6272,22,14,17,14,12x32,2x32
io8_l1n1n4_l3n1p2,10.0,8.419,1.25,16,14,4110,3270,24,16,17,16,12x32,2x32
io8_l1n1n4_l3n1p2_d1d2,10.0,8.419,1.25,64,14,4138,8036,24,15,17,15,12x32,2x32
io8_l1n1n4_l3n1p4,10.0,8.847,1.25,16,14,4284,3699,30,24,19,24,12x32,2x32
io8_l1n1n4_l3n1p4_d1d2,10.0,8.847,1.25,64,14,4270,8307,28,21,17,21,12x32,2x32
io8_l1n1n4_l3n1p8,10.0,8.419,1.25,16,14,4584,3916,42,21,23,21,12x32,2x32
io8_l1n1n4_l3n1p8_d1d2,10.0,8.419,1.25,64,14,4634,8126,36,14,17,14,12x32,2x32
io8_l1n1n4_l3p1n1,10.0,9.24,1.25,16,14,7646,7630,165,13,34,13,12x32,2x32
io8_l1n1n4_l3p1n1_d1d2,10.0,8.881,1.25,128,50,9623,16461,149,13,30,13,12x32,2x32
io8_l1n1n4_l3p2n1,10.0,9.092,1.25,8,14,14076,11453,293,14,34,14,12x32,2x32
io8_l1n1n4_l3p2n1_d1d2,10.0,9.092,1.25,64,14,13448,13195,277,14,18,14,12x32,2x32
io8_l1n1n4_l3p4n1,10.0,9.313,1.25,10,14,11324,8969,549,20,34,20,12x32,2x32
io8_l1n1n4_l3p4n1_d1d2,10.0,9.667,1.25,80,50,14088,14385,533,20,30,20,12x32,2x32
io8_l1n1n4_l3p8n1,10.0,8.835,1.25,16,80,57223,29061,1061,13,61,13,12x32,2x32
io8_l1n1n4_l3p8n1_d1d2,10.0,8.847,1.25,128,640,123824,90008,1045,13,269,13,12x32,2x32
io8_l1n1n8_l3n1n1,10.0,8.858,1.25,8,14,4230,2857,28,7,15,7,12x32,2x32
io8_l1n1n8_l3n1n1_d1d2,10.0,8.847,1.25,64,17,4383,4437,29,7,17,7,12x32,2x32
io8_l1n1n8_l3n1n2,10.0,8.881,1.25,8,14,4349,2980,30,9,15,9,12x32,2x32
io8_l1n1n8_l3n1n2_d1d2,10.0,8.858,1.25,64,17,4694,4800,31,8,17,8,12x32,2x32
io8_l1n1n8_l3n1n4,10.0,8.419,1.25,16,14,4477,3346,35,17,16,17,12x32,2x32
io8_l1n1n8_l3n1n4_d1d2,10.0,8.847,1.25,64,17,4577,5090,35,14,17,14,12x32,2x32
io8_l1n1n8_l3n1n8,10.0,8.824,1.25,16,14,4627,3465,45,14,18,14,12x32,2x32
io8_l1n1n8_l3n1n8_d1d2,10.0,8.419,1.25,64,17,4861,4905,43,7,17,7,12x32,2x32
io8_l1n1n8_l3n1p1,10.0,8.858,1.25,8,14,4265,2972,29,7,16,7,12x32,2x32
io8_l1n1n8_l3n1p1_d1d2,10.0,8.847,1.25,64,17,4415,4552,30,7,18,7,12x32,2x32
io8_l1n1n8_l3n1p2,10.0,8.881,1.25,16,14,4397,3073,32,9,17,9,12x32,2x32
io8_l1n1n8_l3n1p2_d1d2,10.0,8.858,1.25,64,17,4582,4873,32,8,18,8,12x32,2x32
io8_l1n1n8_l3n1p4,10.0,8.419,1.25,16,14,4571,3506,38,17,19,17,12x32,2x32
io8_l1n1n8_l3n1p4_d1d2,10.0,8.419,1.25,64,17,4714,5146,36,14,18,14,12x32,2x32
io8_l1n1n8_l3n1p8,10.0,8.847,1.25,16,14,4870,3699,50,14,23,14,12x32,2x32
io8_l1n1n8_l3n1p8_d1d2,10.0,8.835,1.25,64,17,5077,4941,44,7,18,7,12x32,2x32
io8_l1n1n8_l3p1n1,10.0,9.285,1.25,16,14,7933,7423,173,6,34,6,12x32,2x32
io8_l1n1n8_l3p1n1_d1d2,10.0,8.881,1.25,128,50,9907,11239,157,6,30,6,12x32,2x32
io8_l1n1n8_l3p2n1,10.0,9.52,1.25,8,14,14363,11184,301,7,34,7,12x32,2x32
io8_l1n1n8_l3p2n1_d1d2,10.0,9.508,1.25,64,17,13892,12119,285,7,19,7,12x32,2x32
io8_l1n1n8_l3p4n1,10.0,9.74,1.25,10,14,11611,8696,557,13,34,13,12x32,2x32
io8_l1n1n8_l3p4n1_d1d2,10.0,9.258,1.25,80,50,14372,13180,541,13,30,13,12x32,2x32
io8_l1n1n8_l3p8n1,10.0,9.263,1.25,16,80,57254,28857,1069,6,61,6,12x32,2x32
io8_l1n1n8_l3p8n1_d1d2,10.0,8.847,1.25,128,640,124108,88874,1053,6,269,6,12x32,2x32
io8_l1n1p1_l3n1n1,10.0,8.419,1.25,8,5,3267,2446,15,7,13,7,12x32,2x32
io8_l1n1p1_l3n1n1_d1d2,10.0,8.419,1.25,64,5,3266,3631,16,7,14,7,12x32,2x32
io8_l1n1p1_l3n1n2,10.0,8.419,1.25,8,5,3417,2561,17,9,13,9,12x32,2x32
io8_l1n1p1_l3n1n2_d1d2,10.0,8.419,1.25,64,5,3594,3974,18,8,14,8,12x32,2x32
io8_l1n1p1_l3n1n4,10.0,8.419,1.25,16,8,3705,3051,22,17,15,17,12x32,2x32
io8_l1n1p1_l3n1n4_d1d2,10.0,8.419,1.25,64,14,3971,4612,22,14,17,14,12x32,2x32
io8_l1n1p1_l3n1n8,10.0,8.881,1.25,16,11,4015,3285,32,14,18,14,12x32,2x32
io8_l1n1p1_l3n1n8_d1d2,10.0,8.847,1.25,64,17,4415,4552,30,7,18,7,12x32,2x32
io8_l1n1p1_l3n1p1,10.0,8.419,1.25,8,5,3302,2561,16,7,14,7,12x32,2x32
io8_l1n1p1_l3n1p1_d1d2,10.0,8.419,1.25,64,5,3298,3746,17,7,15,7,12x32,2x32
io8_l1n1p1_l3n1p2,10.0,8.419,1.25,16,5,3466,2683,19,9,15,9,12x32,2x32
io8_l1n1p1_l3n1p2_d1d2,10.0,8.419,1.25,64,5,3497,4085,19,8,15,8,12x32,2x32
io8_l1n1p1_l3n1p4,10.0,8.847,1.25,16,5,3640,3116,25,17,17,17,12x32,2x32
io8_l1n1p1_l3n1p4_d1d2,10.0,8.847,1.25,64,5,3629,4360,23,14,15,14,12x32,2x32
io8_l1n1p1_l3n1p8,10.0,8.419,1.25,16,5,3939,3318,37,14,21,14,12x32,2x32
io8_l1n1p1_l3n1p8_d1d2,10.0,8.419,1.25,64,5,3992,4164,31,7,15,7,12x32,2x32
io8_l1n1p1_l3p1n1,10.0,9.275,1.25,16,8,7161,7174,160,6,33,6,12x32,2x32
io8_l1n1p1_l3p1n1_d1d2,10.0,8.881,1.25,128,50,9461,10982,144,6,31,6,12x32,2x32
io8_l1n1p1_l3p2n1,10.0,9.092,1.25,8,5,13431,10917,288,7,32,7,12x32,2x32
io8_l1n1p1_l3p2n1_d1d2,10.0,9.092,1.25,64,5,12806,11455,272,7,16,7,12x32,2x32
io8_l1n1p1_l3p4n1,10.0,9.313,1.25,10,8,10839,8577,544,13,33,13,12x32,2x32
io8_l1n1p1_l3p4n1_d1d2,10.0,9.667,1.25,80,50,13926,13041,528,13,31,13,12x32,2x32
io8_l1n1p1_l3p8n1,10.0,8.835,1.25,16,80,57058,28839,1056,6,62,6,12x32,2x32
io8_l1n1p1_l3p8n1_d1d2,10.0,8.847,1.25,128,640,123662,88581,1040,6,270,6,12x32,2x32
io8_l1n1p2_l3n1n1,10.0,8.419,1.25,8,5,3463,2521,17,8,13,8,12x32,2x32
io8_l1n1p2_l3n1n1_d1d2,10.0,8.419,1.25,64,5,3430,3730,18,8,14,8,12x32,2x32
io8_l1n1p2_l3n1n2,10.0,8.419,1.25,8,5,3581,2630,19,10,13,10,12x32,2x32
io8_l1n1p2_l3n1n2_d1d2,10.0,8.419,1.25,64,5,3726,4067,20,9,14,9,12x32,2x32
io8_l1n1p2_l3n1n4,10.0,8.847,1.25,16,8,3837,3105,24,18,15,18,12x32,2x32
io8_l1n1p2_l3n1n4_d1d2,10.0,8.419,1.25,64,14,4103,4696,24,15,17,15,12x32,2x32
io8_l1n1p2_l3n1n8,10.0,8.419,1.25,16,11,4147,3336,34,15,18,15,12x32,2x32
io8_l1n1p2_l3n1n8_d1d2,10.0,8.858,1.25,64,17,4547,4633,32,8,18,8,12x32,2x32
io8_l1n1p2_l3n1p1,10.0,8.419,1.25,8,5,3498,2636,18,8,14,8,12x32,2x32
io8_l1n1p2_l3n1p1_d1d2,10.0,8.419,1.25,64,5,3462,3845,19,8,15,8,12x32,2x32
io8_l1n1p2_l3n1p2,10.0,8.419,1.25,16,5,3598,2737,21,10,15,10,12x32,2x32
io8_l1n1p2_l3n1p2_d1d2,10.0,8.419,1.25,64,5,3597,4163,21,9,15,9,12x32,2x32
io8_l1n1p2_l3n1p4,10.0,8.858,1.25,16,5,3772,3168,27,18,17,18,12x32,2x32
io8_l1n1p2_l3n1p4_d1d2,10.0,8.858,1.25,64,5,3729,4436,25,15,15,15,12x32,2x32
io8_l1n1p2_l3n1p8,10.0,8.813,1.25,16,5,4071,3366,39,15,21,15,12x32,2x32
io8_l1n1p2_l3n1p8_d1d2,10.0,8.813,1.25,64,5,4092,4236,33,8,15,8,12x32,2x32
io8_l1n1p2_l3p1n1,10.0,9.275,1.25,16,8,7293,7225,162,7,33,7,12x32,2x32
io8_l1n1p2_l3p1n1_d1d2,10.0,8.858,1.25,128,50,9561,11057,146,7,31,7,12x32,2x32
io8_l1n1p2_l3p2n1,10.0,9.486,1.25,8,5,13595,10966,290,8,32,8,12x32,2x32
io8_l1n1p2_l3p2n1_d1d2,10.0,9.486,1.25,64,5,12938,12248,274,8,16,8,12x32,2x32
io8_l1n1p2_l3p4n1,10.0,9.707,1.25,10,8,10971,8610,546,14,33,14,12x32,2x32
io8_l1n1p2_l3p4n1_d1d2,10.0,9.678,1.25,80,50,14026,13819,530,14,31,14,12x32,2x32
io8_l1n1p2_l3p8n1,10.0,9.229,1.25,16,80,57190,28891,1058,7,62,7,12x32,2x32
io8_l1n1p2_l3p8n1_d1d2,10.0,8.858,1.25,128,640,123762,89389,1042,7,270,7,12x32,2x32
io8_l1n1p4_l3n1n1,10.0,8.847,1.25,8,5,3595,2796,21,14,13,14,12x32,2x32
io8_l1n1p4_l3n1n1_d1d2,10.0,8.847,1.25,64,5,3594,3985,22,14,14,14,12x32,2x32
io8_l1n1p4_l3n1n2,10.0,8.858,1.25,8,5,3714,2907,23,16,13,16,12x32,2x32
io8_l1n1p4_l3n1n2_d1d2,10.0,8.858,1.25,64,5,3890,4320,24,15,14,15,12x32,2x32
io8_l1n1p4_l3n1n4,10.0,8.881,1.25,16,8,3937,3369,28,24,15,24,12x32,2x32
io8_l1n1p4_l3n1n4_d1d2,10.0,8.847,1.25,64,14,4267,4947,28,21,17,21,12x32,2x32
io8_l1n1p4_l3n1n8,10.0,8.813,1.25,16,11,4279,3619,38,21,18,21,12x32,2x32
io8_l1n1p4_l3n1n8_d1d2,10.0,8.419,1.25,64,17,4711,4886,36,14,18,14,12x32,2x32
io8_l1n1p4_l3n1p1,10.0,8.847,1.25,8,5,3630,2911,22,14,14,14,12x32,2x32
io8_l1n1p4_l3n1p1_d1d2,10.0,8.847,1.25,64,5,3626,4100,23,14,15,14,12x32,2x32
io8_l1n1p4_l3n1p2,10.0,8.858,1.25,16,5,3730,3010,25,16,15,16,12x32,2x32
io8_l1n1p4_l3n1p2_d1d2,10.0,8.858,1.25,64,5,3761,4416,25,15,15,15,12x32,2x32
io8_l1n1p4_l3n1p4,10.0,8.419,1.25,16,5,3840,3419,31,24,17,24,12x32,2x32
io8_l1n1p4_l3n1p4_d1d2,10.0,8.419,1.25,64,5,3829,4667,29,21,15,21,12x32,2x32
io8_l1n1p4_l3n1p8,10.0,8.835,1.25,16,5,4139,3633,43,21,21,21,12x32,2x32
io8_l1n1p4_l3n1p8_d1d2,10.0,8.835,1.25,64,5,4192,4483,37,14,15,14,12x32,2x32
io8_l1n1p4_l3p1n1,10.0,9.275,1.25,16,8,7361,7478,166,13,33,13,12x32,2x32
io8_l1n1p4_l3p1n1_d1d2,10.0,8.858,1.25,128,50,9725,11301,150,13,31,13,12x32,2x32
io8_l1n1p4_l3p2n1,10.0,9.508,1.25,8,5,13727,11201,294,14,32,14,12x32,2x32
io8_l1n1p4_l3p2n1_d1d2,10.0,9.508,1.25,64,5,13102,12943,278,14,16,14,12x32,2x32
io8_l1n1p4_l3p4n1,10.0,9.729,1.25,10,8,11035,8831,550,20,33,20,12x32,2x32
io8_l1n1p4_l3p4n1_d1d2,10.0,9.258,1.25,80,50,14126,14502,534,20,31,20,12x32,2x32
io8_l1n1p4_l3p8n1,10.0,9.251,1.25,16,80,57258,29165,1062,13,62,13,12x32,2x32
io8_l1n1p4_l3p8n1_d1d2,10.0,8.419,1.25,128,640,123862,90113,1046,13,270,13,12x32,2x32
io8_l1n1p8_l3n1n1,10.0,8.419,1.25,8,5,3958,2600,29,7,13,7,12x32,2x32
io8_l1n1p8_l3n1n1_d1d2,10.0,8.419,1.25,64,5,3960,4049,30,7,14,7,12x32,2x32
io8_l1n1p8_l3n1n2,10.0,8.813,1.25,8,5,4077,2723,31,9,13,9,12x32,2x32
io8_l1n1p8_l3n1n2_d1d2,10.0,8.813,1.25,64,5,4271,4408,32,8,14,8,12x32,2x32
io8_l1n1p8_l3n1n4,10.0,8.824,1.25,16,8,4301,3186,36,17,15,17,12x32,2x32
io8_l1n1p8_l3n1n4_d1d2,10.0,8.419,1.25,64,14,4634,5026,36,14,17,14,12x32,2x32
io8_l1n1p8_l3n1n8,10.0,8.858,1.25,16,11,4642,3414,46,14,18,14,12x32,2x32
io8_l1n1p8_l3n1n8_d1d2,10.0,8.835,1.25,64,17,5077,4941,44,7,18,7,12x32,2x32
io8_l1n1p8_l3n1p1,10.0,8.419,1.25,8,5,3993,2715,30,7,14,7,12x32,2x32
io8_l1n1p8_l3n1p1_d1d2,10.0,8.419,1.25,64,5,3992,4164,31,7,15,7,12x32,2x32
io8_l1n1p8_l3n1p2,10.0,8.813,1.25,16,5,4093,2810,33,9,15,9,12x32,2x32
io8_l1n1p8_l3n1p2_d1d2,10.0,8.813,1.25,64,5,4127,4476,33,8,15,8,12x32,2x32
io8_l1n1p8_l3n1p4,10.0,8.835,1.25,16,5,4203,3235,39,17,17,17,12x32,2x32
io8_l1n1p8_l3n1p4_d1d2,10.0,8.835,1.25,64,5,4195,4743,37,14,15,14,12x32,2x32
io8_l1n1p8_l3n1p8,10.0,8.813,1.25,16,5,4406,3436,51,14,21,14,12x32,2x32
io8_l1n1p8_l3n1p8_d1d2,10.0,8.813,1.25,64,5,4462,4563,45,7,15,7,12x32,2x32
io8_l1n1p8_l3p1n1,10.0,9.275,1.25,16,8,7628,7268,174,6,33,6,12x32,2x32
io8_l1n1p8_l3p1n1_d1d2,10.0,8.858,1.25,128,50,10091,11359,158,6,31,6,12x32,2x32
io8_l1n1p8_l3p2n1,10.0,9.111,1.25,8,5,14090,10945,302,7,32,7,12x32,2x32
io8_l1n1p8_l3p2n1_d1d2,10.0,9.111,1.25,64,5,13468,11747,286,7,16,7,12x32,2x32
io8_l1n1p8_l3p4n1,10.0,9.331,1.25,10,8,11302,8557,558,13,33,13,12x32,2x32
io8_l1n1p8_l3p4n1_d1d2,10.0,9.674,1.25,80,50,14492,13304,542,13,31,13,12x32,2x32
io8_l1n1p8_l3p8n1,10.0,8.847,1.25,16,80,57269,28964,1070,6,62,6,12x32,2x32
io8_l1n1p8_l3p8n1_d1d2,10.0,8.835,1.25,128,640,124228,88968,1054,6,270,6,12x32,2x32
io8_l1p1n1_l3n1n1,10.0,8.881,1.25,16,50,8400,6570,138,13,25,13,12x32,2x32
io8_l1p1n1_l3n1n1_d1d2,10.0,8.881,1.25,128,50,9427,11096,139,13,26,13,12x32,2x32
io8_l1p1n1_l3n1n2,10.0,8.881,1.25,16,50,8519,6680,140,15,25,15,12x32,2x32
io8_l1p1n1_l3n1n2_d1d2,10.0,8.858,1.25,128,50,9738,11442,141,14,26,14,12x32,2x32
io8_l1p1n1_l3n1n4,10.0,8.881,1.25,16,50,9127,7113,145,23,26,23,12x32,2x32
io8_l1p1n1_l3n1n4_d1d2,10.0,8.881,1.25,128,50,9621,11670,145,20,26,20,12x32,2x32
io8_l1p1n1_l3n1n8,10.0,8.881,1.25,16,50,9277,7212,155,20,28,20,12x32,2x32
io8_l1p1n1_l3n1n8_d1d2,10.0,8.881,1.25,128,50,9905,11468,153,13,26,13,12x32,2x32
io8_l1p1n1_l3n1p1,10.0,8.881,1.25,16,50,8435,6685,139,13,26,13,12x32,2x32
io8_l1p1n1_l3n1p1_d1d2,10.0,8.881,1.25,128,50,9459,11211,140,13,27,13,12x32,2x32
io8_l1p1n1_l3n1p2,10.0,8.881,1.25,16,50,8567,6811,142,15,27,15,12x32,2x32
io8_l1p1n1_l3n1p2_d1d2,10.0,8.858,1.25,128,50,9594,11526,142,14,27,14,12x32,2x32
io8_l1p1n1_l3n1p4,10.0,8.881,1.25,16,50,9221,7276,148,23,29,23,12x32,2x32
io8_l1p1n1_l3n1p4_d1d2,10.0,8.858,1.25,128,50,9726,11790,146,20,27,20,12x32,2x32
io8_l1p1n1_l3n1p8,10.0,8.881,1.25,16,50,9520,7432,160,20,33,20,12x32,2x32
io8_l1p1n1_l3n1p8_d1d2,10.0,8.858,1.25,128,50,10089,11588,154,13,27,13,12x32,2x32
io8_l1p1n1_l3p1n1,10.0,9.285,1.25,16,50,13282,11256,283,12,44,12,12x32,2x32
io8_l1p1n1_l3p1n1_d1d2,10.0,8.847,1.25,128,50,13189,15439,267,12,28,12,12x32,2x32
io8_l1p1n1_l3p2n1,10.0,9.554,1.25,16,50,19045,14115,411,13,44,13,12x32,2x32
io8_l1p1n1_l3p2n1_d1d2,10.0,9.554,1.25,128,50,18424,17499,395,13,28,13,12x32,2x32
io8_l1p1n1_l3p4n1,10.0,9.775,1.25,16,50,15873,11421,667,19,44,19,12x32,2x32
io8_l1p1n1_l3p4n1_d1d2,10.0,9.663,1.25,128,50,17400,17365,651,19,28,19,12x32,2x32
io8_l1p1n1_l3p8n1,10.0,9.251,1.25,16,80,59248,31109,1179,12,59,12,12x32,2x32
io8_l1p1n1_l3p8n1_d1d2,10.0,8.481,1.25,128,640,126880,92066,1163,12,267,12,12x32,2x32
io8_l1p2n1_l3n1n1,10.0,9.332,1.25,16,50,11475,8796,266,22,25,22,12x32,2x32
io8_l1p2n1_l3n1n1_d1d2,10.0,9.092,1.25,64,5,11814,11313,267,14,11,14,12x32,2x32
io8_l1p2n1_l3n1n2,10.0,9.343,1.25,16,50,11594,8864,268,24,25,24,12x32,2x32
io8_l1p2n1_l3n1n2_d1d2,10.0,9.486,1.25,64,5,12113,11610,269,15,11,15,12x32,2x32
io8_l1p2n1_l3n1n4,10.0,9.367,1.25,16,50,11658,9114,273,32,26,32,12x32,2x32
io8_l1p2n1_l3n1n4_d1d2,10.0,9.092,1.25,64,14,12488,12244,273,21,14,21,12x32,2x32
io8_l1p2n1_l3n1n8,10.0,9.322,1.25,16,50,11844,9119,283,29,28,29,12x32,2x32
io8_l1p2n1_l3n1n8_d1d2,10.0,9.508,1.25,64,17,12932,12108,281,14,15,14,12x32,2x32
io8_l1p2n1_l3n1p1,10.0,9.332,1.25,16,50,11510,8927,267,22,26,22,12x32,2x32
io8_l1p2n1_l3n1p1_d1d2,10.0,9.092,1.25,64,5,11846,11444,268,14,12,14,12x32,2x32
io8_l1p2n1_l3n1p2,10.0,9.343,1.25,16,50,11610,9031,270,24,27,24,12x32,2x32
io8_l1p2n1_l3n1p2_d1d2,10.0,9.486,1.25,64,5,12013,11757,270,15,12,15,12x32,2x32
io8_l1p2n1_l3n1p4,10.0,8.928,1.25,16,50,11720,9306,276,32,29,32,12x32,2x32
io8_l1p2n1_l3n1p4_d1d2,10.0,9.508,1.25,64,5,12145,11992,274,21,12,21,12x32,2x32
io8_l1p2n1_l3n1p8,10.0,9.344,1.25,16,50,12019,9498,288,29,33,29,12x32,2x32
io8_l1p2n1_l3n1p8_d1d2,10.0,9.111,1.25,64,5,12508,11736,282,14,12,14,12x32,2x32
io8_l1p2n1_l3p1n1,10.0,9.092,1.25,16,50,14693,12013,411,21,44,21,12x32,2x32
io8_l1p2n1_l3p1n1_d1d2,10.0,9.554,1.25,128,50,17464,17067,395,13,28,13,12x32,2x32
io8_l1p2n1_l3p2n1,10.0,9.655,1.25,16,50,21607,15236,539,22,44,22,12x32,2x32
io8_l1p2n1_l3p2n1_d1d2,10.0,9.386,1.25,64,5,21324,17743,523,14,13,14,12x32,2x32
io8_l1p2n1_l3p4n1,10.0,9.876,1.25,16,50,18755,12729,795,28,44,28,12x32,2x32
io8_l1p2n1_l3p4n1_d1d2,10.0,9.95,1.25,80,50,22444,18991,779,20,28,20,12x32,2x32
io8_l1p2n1_l3p8n1,10.0,9.415,1.25,16,80,60270,32525,1307,21,59,21,12x32,2x32
io8_l1p2n1_l3p8n1_d1d2,10.0,9.508,1.25,128,640,132178,96319,1291,13,267,13,12x32,2x32
io8_l1p4n1_l3n1n1,10.0,9.258,1.25,8,26,7815,7779,522,44,17,44,12x32,2x32
io8_l1p4n1_l3n1n1_d1d2,10.0,9.667,1.25,80,50,13172,12915,523,20,26,20,12x32,2x32
io8_l1p4n1_l3n1n2,10.0,9.651,1.25,8,26,7938,7839,524,46,17,46,12x32,2x32
io8_l1p4n1_l3n1n2_d1d2,10.0,9.678,1.25,80,50,13471,13212,525,21,26,21,12x32,2x32
io8_l1p4n1_l3n1n4,10.0,9.615,1.25,16,26,8030,8206,529,54,18,54,12x32,2x32
io8_l1p4n1_l3n1n4_d1d2,10.0,9.667,1.25,80,50,13366,13450,529,27,26,27,12x32,2x32
io8_l1p4n1_l3n1n8,10.0,9.286,1.25,16,26,8176,8223,539,51,20,51,12x32,2x32
io8_l1p4n1_l3n1n8_d1d2,10.0,9.258,1.25,80,50,13650,13185,537,20,26,20,12x32,2x32
io8_l1p4n1_l3n1p1,10.0,9.258,1.25,8,26,7843,7910,523,44,18,44,12x32,2x32
io8_l1p4n1_l3n1p1_d1d2,10.0,9.667,1.25,80,50,13204,13046,524,20,27,20,12x32,2x32
io8_l1p4n1_l3n1p2,10.0,9.651,1.25,16,26,7982,7993,526,46,19,46,12x32,2x32
io8_l1p4n1_l3n1p2_d1d2,10.0,9.678,1.25,80,50,13339,13344,526,21,27,21,12x32,2x32
io8_l1p4n1_l3n1p4,10.0,9.637,1.25,16,26,8156,8406,532,54,21,54,12x32,2x32
io8_l1p4n1_l3n1p4_d1d2,10.0,9.258,1.25,80,50,13407,13567,530,27,27,27,12x32,2x32
io8_l1p4n1_l3n1p8,10.0,9.637,1.25,16,50,9991,9616,544,51,33,51,12x32,2x32
io8_l1p4n1_l3n1p8_d1d2,10.0,9.674,1.25,80,50,13770,13309,538,20,27,20,12x32,2x32
io8_l1p4n1_l3p1n1,10.0,9.803,1.25,16,50,12324,12064,667,43,44,43,12x32,2x32
io8_l1p4n1_l3p1n1_d1d2,10.0,9.663,1.25,128,50,15910,16303,651,19,28,19,12x32,2x32
io8_l1p4n1_l3p2n1,10.0,9.972,1.25,16,50,19980,15529,795,44,44,44,12x32,2x32
io8_l1p4n1_l3p2n1_d1d2,10.0,9.95,1.25,80,50,22682,19056,779,20,28,20,12x32,2x32
io8_l1p4n1_l3p4n1,10.0,10.014,1.25,16,50,17258,12997,1051,50,44,50,12x32,2x32
io8_l1p4n1_l3p4n1_d1d2,10.0,9.565,1.25,92,50,20056,18059,1035,26,28,26,12x32,2x32
io8_l1p4n1_l3p8n1,10.0,9.729,1.25,16,80,60177,33173,1563,43,59,43,12x32,2x32
io8_l1p4n1_l3p8n1_d1d2,10.0,9.258,1.25,128,640,129604,94611,1547,19,267,19,12x32,2x32
io8_l1p8n1_l3n1n1,10.0,8.835,1.25,16,80,56485,26990,1034,69,40,69,12x32,2x32
io8_l1p8n1_l3n1n1_d1d2,10.0,8.847,1.25,128,640,123626,88519,1035,13,265,13,12x32,2x32
io8_l1p8n1_l3n1n2,10.0,9.229,1.25,16,80,56604,27133,1036,71,40,71,12x32,2x32
io8_l1p8n1_l3n1n2_d1d2,10.0,8.858,1.25,128,640,123937,88872,1037,14,265,14,12x32,2x32
io8_l1p8n1_l3n1n4,10.0,9.24,1.25,16,80,56668,27384,1041,79,41,79,12x32,2x32
io8_l1p8n1_l3n1n4_d1d2,10.0,8.847,1.25,128,640,123820,89121,1041,20,265,20,12x32,2x32
io8_l1p8n1_l3n1n8,10.0,9.274,1.25,16,80,56850,27473,1051,76,43,76,12x32,2x32
io8_l1p8n1_l3n1n8_d1d2,10.0,8.847,1.25,128,640,124104,88927,1049,13,265,13,12x32,2x32
io8_l1p8n1_l3n1p1,10.0,8.835,1.25,16,80,56520,27105,1035,69,41,69,12x32,2x32
io8_l1p8n1_l3n1p1_d1d2,10.0,8.847,1.25,128,640,123658,88634,1036,13,266,13,12x32,2x32
io8_l1p8n1_l3n1p2,10.0,9.229,1.25,16,80,56620,27235,1038,71,42,71,12x32,2x32
io8_l1p8n1_l3n1p2_d1d2,10.0,8.858,1.25,128,640,123793,88962,1038,14,266,14,12x32,2x32
io8_l1p8n1_l3n1p4,10.0,9.251,1.25,16,80,56730,27561,1044,79,44,79,12x32,2x32
io8_l1p8n1_l3n1p4_d1d2,10.0,8.419,1.25,128,640,123861,89226,1042,20,266,20,12x32,2x32
io8_l1p8n1_l3n1p8,10.0,8.847,1.25,16,80,56933,27718,1056,76,48,76,12x32,2x32
io8_l1p8n1_l3n1p8_d1d2,10.0,8.835,1.25,128,640,124224,89021,1050,13,266,13,12x32,2x32
io8_l1p8n1_l3p1n1,10.0,9.31,1.25,16,80,58898,31537,1179,68,59,68,12x32,2x32
io8_l1p8n1_l3p1n1_d1d2,10.0,8.881,1.25,128,640,126875,92950,1163,12,267,12,12x32,2x32
io8_l1p8n1_l3p2n1,10.0,9.166,1.25,16,80,66617,35354,1307,69,59,69,12x32,2x32
io8_l1p8n1_l3p2n1_d1d2,10.0,9.508,1.25,128,640,133134,96063,1291,13,267,13,12x32,2x32
io8_l1p8n1_l3p4n1,10.0,9.386,1.25,16,80,62197,32907,1563,75,59,75,12x32,2x32
io8_l1p8n1_l3p4n1_d1d2,10.0,9.258,1.25,128,640,131086,95924,1547,19,267,19,12x32,2x32
io8_l1p8n1_l3p8n1,10.0,8.905,1.25,16,80,62359,35544,2075,68,59,68,12x32,2x32
io8_l1p8n1_l3p8n1_d1d2,10.0,8.419,1.25,128,640,126521,96795,2059,12,267,12,12x32,2x32
