clk_target(ns),clk_estimated(ns),clk_uncertainty(ns),bram,dsp,ff,lut,uram
io1_l1n1n1_l3n1n1_l5n1,10.0,8.419,1.25,20,5,682,1131,0
io1_l1n1n1_l3n1p1_l5n1,10.0,8.419,1.25,20,5,739,1206,0
io1_l1n1n1_l3p1n1_l5n1,10.0,9.229,1.25,21,16,9311,5731,0
io1_l1n1p1_l3n1n1_l5n1,10.0,8.419,1.25,20,5,739,1206,0
io1_l1n1p1_l3n1p1_l5n1,10.0,8.419,1.25,20,5,764,1269,0
io1_l1n1p1_l3p1n1_l5n1,10.0,9.229,1.25,21,16,9336,5791,0
io1_l1p1n1_l3n1n1_l5p1,10.0,9.229,1.25,21,16,9435,5808,0
io1_l1p1n1_l3n1p1_l5p1,10.0,9.229,1.25,21,16,9460,5877,0
io1_l1p1n1_l3p1n1_l5p1,10.0,8.905,1.25,21,16,9965,7316,0
io2_l1n1n1_l3n1n1_l5n1,10.0,8.419,1.25,24,5,774,1581,0
io2_l1n1n1_l3n1n1_l5n1_d1d2,10.0,8.419,1.25,24,5,773,1806,0
io2_l1n1n1_l3n1n2_l5n1,10.0,8.419,1.25,24,8,1026,1710,0
io2_l1n1n1_l3n1n2_l5n1_d1d2,10.0,8.419,1.25,24,8,1024,1925,0
io2_l1n1n1_l3n1p1_l5n1,10.0,8.419,1.25,24,5,831,1662,0
io2_l1n1n1_l3n1p1_l5n1_d1d2,10.0,8.419,1.25,24,5,823,1887,0
io2_l1n1n1_l3n1p2_l5n1,10.0,8.858,1.25,24,5,921,1637,0
io2_l1n1n1_l3n1p2_l5n1_d1d2,10.0,8.858,1.25,24,5,920,1852,0
io2_l1n1n1_l3p1n1_l5n1,10.0,9.274,1.25,26,26,5564,5343,0
io2_l1n1n1_l3p1n1_l5n1_d1d2,10.0,9.263,1.25,26,26,5408,5804,0
io2_l1n1n1_l3p2n1_l5n1,10.0,9.229,1.25,26,32,16302,9547,0
io2_l1n1n1_l3p2n1_l5n1_d1d2,10.0,9.206,1.25,26,64,20235,12419,0
io2_l1n1n2_l3n1n1_l5n1,10.0,8.419,1.25,24,8,1026,1710,0
io2_l1n1n2_l3n1n1_l5n1_d1d2,10.0,8.419,1.25,24,8,1024,1925,0
io2_l1n1n2_l3n1n2_l5n1,10.0,8.55,1.25,24,8,1022,1668,0
io2_l1n1n2_l3n1n2_l5n1_d1d2,10.0,8.55,1.25,24,8,1019,1873,0
io2_l1n1n2_l3n1p1_l5n1,10.0,8.419,1.25,24,8,1076,1791,0
io2_l1n1n2_l3n1p1_l5n1_d1d2,10.0,8.419,1.25,24,8,1074,2006,0
io2_l1n1n2_l3n1p2_l5n1,10.0,8.858,1.25,24,8,1077,1754,0
io2_l1n1n2_l3n1p2_l5n1_d1d2,10.0,8.858,1.25,24,8,1075,1959,0
io2_l1n1n2_l3p1n1_l5n1,10.0,9.013,1.25,26,26,5560,5316,0
io2_l1n1n2_l3p1n1_l5n1_d1d2,10.0,9.263,1.25,26,26,5403,5767,0
io2_l1n1n2_l3p2n1_l5n1,10.0,9.229,1.25,26,32,16298,9520,0
io2_l1n1n2_l3p2n1_l5n1_d1d2,10.0,9.206,1.25,26,64,20230,12398,0
io2_l1n1p1_l3n1n1_l5n1,10.0,8.419,1.25,24,5,831,1662,0
io2_l1n1p1_l3n1n1_l5n1_d1d2,10.0,8.419,1.25,24,5,823,1887,0
io2_l1n1p1_l3n1n2_l5n1,10.0,8.419,1.25,24,8,1076,1791,0
io2_l1n1p1_l3n1n2_l5n1_d1d2,10.0,8.419,1.25,24,8,1074,2006,0
io2_l1n1p1_l3n1p1_l5n1,10.0,8.419,1.25,24,5,856,1731,0
io2_l1n1p1_l3n1p1_l5n1_d1d2,10.0,8.419,1.25,24,5,841,1956,0
io2_l1n1p1_l3n1p2_l5n1,10.0,8.858,1.25,24,5,946,1712,0
io2_l1n1p1_l3n1p2_l5n1_d1d2,10.0,8.858,1.25,24,5,938,1927,0
io2_l1n1p1_l3p1n1_l5n1,10.0,9.274,1.25,26,26,5582,5418,0
io2_l1n1p1_l3p1n1_l5n1_d1d2,10.0,9.263,1.25,26,26,5426,5879,0
io2_l1n1p1_l3p2n1_l5n1,10.0,9.229,1.25,26,32,16320,9622,0
io2_l1n1p1_l3p2n1_l5n1_d1d2,10.0,9.206,1.25,26,64,20253,12498,0
io2_l1n1p2_l3n1n1_l5n1,10.0,8.858,1.25,24,5,921,1637,0
io2_l1n1p2_l3n1n1_l5n1_d1d2,10.0,8.858,1.25,24,5,920,1852,0
io2_l1n1p2_l3n1n2_l5n1,10.0,8.858,1.25,24,8,1077,1754,0
io2_l1n1p2_l3n1n2_l5n1_d1d2,10.0,8.858,1.25,24,8,1075,1959,0
io2_l1n1p2_l3n1p1_l5n1,10.0,8.858,1.25,24,5,946,1712,0
io2_l1n1p2_l3n1p1_l5n1_d1d2,10.0,8.858,1.25,24,5,938,1927,0
io2_l1n1p2_l3n1p2_l5n1,10.0,8.55,1.25,24,5,940,1662,0
io2_l1n1p2_l3n1p2_l5n1_d1d2,10.0,8.55,1.25,24,5,939,1867,0
io2_l1n1p2_l3p1n1_l5n1,10.0,9.274,1.25,26,26,5583,5372,0
io2_l1n1p2_l3p1n1_l5n1_d1d2,10.0,9.285,1.25,26,26,5427,5823,0
io2_l1n1p2_l3p2n1_l5n1,10.0,9.251,1.25,26,32,16321,9576,0
io2_l1n1p2_l3p2n1_l5n1_d1d2,10.0,9.229,1.25,26,64,20254,12442,0
io2_l1p1n1_l3n1n1_l5p1,10.0,9.274,1.25,26,26,5751,5449,0
io2_l1p1n1_l3n1n1_l5p1_d1d2,10.0,9.263,1.25,26,26,5595,5910,0
io2_l1p1n1_l3n1n2_l5p1,10.0,9.013,1.25,26,26,5747,5422,0
io2_l1p1n1_l3n1n2_l5p1_d1d2,10.0,9.263,1.25,26,26,5590,5873,0
io2_l1p1n1_l3n1p1_l5p1,10.0,9.274,1.25,26,26,5769,5524,0
io2_l1p1n1_l3n1p1_l5p1_d1d2,10.0,9.263,1.25,26,26,5613,5985,0
io2_l1p1n1_l3n1p2_l5p1,10.0,9.274,1.25,26,26,5770,5496,0
io2_l1p1n1_l3n1p2_l5p1_d1d2,10.0,9.285,1.25,26,26,5614,5947,0
io2_l1p1n1_l3p1n1_l5p1,10.0,9.221,1.25,26,14,4221,6067,0
io2_l1p1n1_l3p1n1_l5p1_d1d2,10.0,9.221,1.25,26,14,4230,6876,0
io2_l1p1n1_l3p2n1_l5p1,10.0,9.274,1.25,26,32,17691,11898,0
io2_l1p1n1_l3p2n1_l5p1_d1d2,10.0,9.286,1.25,26,64,20849,14987,0
io2_l1p2n1_l3n1n1_l5p2,10.0,9.229,1.25,26,32,16421,9564,0
io2_l1p2n1_l3n1n1_l5p2_d1d2,10.0,9.206,1.25,26,64,20354,12436,0
io2_l1p2n1_l3n1n2_l5p2,10.0,9.229,1.25,26,32,16417,9537,0
io2_l1p2n1_l3n1n2_l5p2_d1d2,10.0,9.206,1.25,26,64,20349,12415,0
io2_l1p2n1_l3n1p1_l5p2,10.0,9.229,1.25,26,32,16439,9639,0
io2_l1p2n1_l3n1p1_l5p2_d1d2,10.0,9.206,1.25,26,64,20372,12515,0
io2_l1p2n1_l3n1p2_l5p2,10.0,9.251,1.25,26,32,16440,9611,0
io2_l1p2n1_l3n1p2_l5p2_d1d2,10.0,9.229,1.25,26,64,20373,12477,0
io2_l1p2n1_l3p1n1_l5p2,10.0,9.285,1.25,26,32,17655,11791,0
io2_l1p2n1_l3p1n1_l5p2_d1d2,10.0,9.286,1.25,26,64,20781,14891,0
io2_l1p2n1_l3p2n1_l5p2,10.0,8.905,1.25,26,32,17396,11500,0
io2_l1p2n1_l3p2n1_l5p2_d1d2,10.0,8.835,1.25,26,64,21251,14153,0
io4_l1n1n1_l3n1n1_l5n1,10.0,8.419,1.25,16,5,1878,1928,0
io4_l1n1n1_l3n1n1_l5n1_d1d2,10.0,8.419,1.25,32,5,1883,2301,0
io4_l1n1n1_l3n1n2_l5n1,10.0,8.419,1.25,16,8,2136,2233,0
io4_l1n1n1_l3n1n2_l5n1_d1d2,10.0,8.419,1.25,32,8,2136,2576,0
io4_l1n1n1_l3n1n4_l5n1,10.0,8.419,1.25,16,14,2590,2461,0
io4_l1n1n1_l3n1n4_l5n1_d1d2,10.0,8.419,1.25,32,14,2590,2902,0
io4_l1n1n1_l3n1p1_l5n1,10.0,8.419,1.25,16,5,1932,2021,0
io4_l1n1n1_l3n1p1_l5n1_d1d2,10.0,8.419,1.25,32,5,1934,2394,0
io4_l1n1n1_l3n1p2_l5n1,10.0,8.858,1.25,16,5,2030,2172,0
io4_l1n1n1_l3n1p2_l5n1_d1d2,10.0,8.858,1.25,32,5,2032,2515,0
io4_l1n1n1_l3n1p4_l5n1,10.0,8.813,1.25,16,5,2226,2085,0
io4_l1n1n1_l3n1p4_l5n1_d1d2,10.0,8.813,1.25,32,5,2230,2526,0
io4_l1n1n1_l3p1n1_l5n1,10.0,9.229,1.25,16,50,8423,6902,0
io4_l1n1n1_l3p1n1_l5n1_d1d2,10.0,8.881,1.25,48,50,8686,8287,0
io4_l1n1n1_l3p2n1_l5n1,10.0,9.251,1.25,16,50,8449,8402,0
io4_l1n1n1_l3p2n1_l5n1_d1d2,10.0,9.527,1.25,40,50,9990,9682,0
io4_l1n1n1_l3p4n1_l5n1,10.0,9.229,1.25,16,64,31187,16434,0
io4_l1n1n1_l3p4n1_l5n1_d1d2,10.0,8.813,1.25,56,256,52488,33622,0
io4_l1n1n2_l3n1n1_l5n1,10.0,8.419,1.25,16,8,2136,2233,0
io4_l1n1n2_l3n1n1_l5n1_d1d2,10.0,8.419,1.25,32,8,2136,2576,0
io4_l1n1n2_l3n1n2_l5n1,10.0,8.419,1.25,16,8,2202,2379,0
io4_l1n1n2_l3n1n2_l5n1_d1d2,10.0,8.419,1.25,32,8,2197,2692,0
io4_l1n1n2_l3n1n4_l5n1,10.0,8.419,1.25,16,14,2656,2607,0
io4_l1n1n2_l3n1n4_l5n1_d1d2,10.0,8.419,1.25,32,14,2651,3018,0
io4_l1n1n2_l3n1p1_l5n1,10.0,8.419,1.25,16,8,2190,2326,0
io4_l1n1n2_l3n1p1_l5n1_d1d2,10.0,8.419,1.25,32,8,2187,2669,0
io4_l1n1n2_l3n1p2_l5n1,10.0,8.858,1.25,16,8,2256,2471,0
io4_l1n1n2_l3n1p2_l5n1_d1d2,10.0,8.858,1.25,32,8,2253,2784,0
io4_l1n1n2_l3n1p4_l5n1,10.0,8.813,1.25,16,8,2452,2384,0
io4_l1n1n2_l3n1p4_l5n1_d1d2,10.0,8.813,1.25,32,8,2451,2795,0
io4_l1n1n2_l3p1n1_l5n1,10.0,9.229,1.25,16,50,8489,7039,0
io4_l1n1n2_l3p1n1_l5n1_d1d2,10.0,8.881,1.25,48,50,8747,8394,0
io4_l1n1n2_l3p2n1_l5n1,10.0,9.251,1.25,16,50,8515,8523,0
io4_l1n1n2_l3p2n1_l5n1_d1d2,10.0,9.527,1.25,40,50,10051,9773,0
io4_l1n1n2_l3p4n1_l5n1,10.0,9.229,1.25,16,64,31253,16573,0
io4_l1n1n2_l3p4n1_l5n1_d1d2,10.0,8.813,1.25,56,256,52549,33732,0
io4_l1n1n4_l3n1n1_l5n1,10.0,8.419,1.25,16,14,2590,2461,0
io4_l1n1n4_l3n1n1_l5n1_d1d2,10.0,8.419,1.25,32,14,2590,2902,0
io4_l1n1n4_l3n1n2_l5n1,10.0,8.419,1.25,16,14,2656,2607,0
io4_l1n1n4_l3n1n2_l5n1_d1d2,10.0,8.419,1.25,32,14,2651,3018,0
io4_l1n1n4_l3n1n4_l5n1,10.0,8.419,1.25,16,14,2662,2505,0
io4_l1n1n4_l3n1n4_l5n1_d1d2,10.0,8.419,1.25,32,14,2657,3014,0
io4_l1n1n4_l3n1p1_l5n1,10.0,8.419,1.25,16,14,2644,2553,0
io4_l1n1n4_l3n1p1_l5n1_d1d2,10.0,8.419,1.25,32,14,2641,2994,0
io4_l1n1n4_l3n1p2_l5n1,10.0,8.858,1.25,16,14,2710,2698,0
io4_l1n1n4_l3n1p2_l5n1_d1d2,10.0,8.858,1.25,32,14,2707,3109,0
io4_l1n1n4_l3n1p4_l5n1,10.0,8.813,1.25,16,14,2778,2605,0
io4_l1n1n4_l3n1p4_l5n1_d1d2,10.0,8.813,1.25,32,14,2777,3114,0
io4_l1n1n4_l3p1n1_l5n1,10.0,9.229,1.25,16,50,8495,6967,0
io4_l1n1n4_l3p1n1_l5n1_d1d2,10.0,8.847,1.25,48,50,8753,8420,0
io4_l1n1n4_l3p2n1_l5n1,10.0,9.148,1.25,16,50,8521,8418,0
io4_l1n1n4_l3p2n1_l5n1_d1d2,10.0,9.527,1.25,40,50,10057,9766,0
io4_l1n1n4_l3p4n1_l5n1,10.0,9.229,1.25,16,64,31259,16501,0
io4_l1n1n4_l3p4n1_l5n1_d1d2,10.0,8.813,1.25,56,256,52555,33764,0
io4_l1n1p1_l3n1n1_l5n1,10.0,8.419,1.25,16,5,1932,2021,0
io4_l1n1p1_l3n1n1_l5n1_d1d2,10.0,8.419,1.25,32,5,1934,2394,0
io4_l1n1p1_l3n1n2_l5n1,10.0,8.419,1.25,16,8,2190,2326,0
io4_l1n1p1_l3n1n2_l5n1_d1d2,10.0,8.419,1.25,32,8,2187,2669,0
io4_l1n1p1_l3n1n4_l5n1,10.0,8.419,1.25,16,14,2644,2553,0
io4_l1n1p1_l3n1n4_l5n1_d1d2,10.0,8.419,1.25,32,14,2641,2994,0
io4_l1n1p1_l3n1p1_l5n1,10.0,8.419,1.25,16,5,1954,2102,0
io4_l1n1p1_l3n1p1_l5n1_d1d2,10.0,8.419,1.25,32,5,1953,2475,0
io4_l1n1p1_l3n1p2_l5n1,10.0,8.858,1.25,16,5,2052,2259,0
io4_l1n1p1_l3n1p2_l5n1_d1d2,10.0,8.858,1.25,32,5,2051,2602,0
io4_l1n1p1_l3n1p4_l5n1,10.0,8.813,1.25,16,5,2248,2172,0
io4_l1n1p1_l3n1p4_l5n1_d1d2,10.0,8.813,1.25,32,5,2249,2613,0
io4_l1n1p1_l3p1n1_l5n1,10.0,9.229,1.25,16,50,8445,6989,0
io4_l1n1p1_l3p1n1_l5n1_d1d2,10.0,8.881,1.25,48,50,8705,8374,0
io4_l1n1p1_l3p2n1_l5n1,10.0,9.251,1.25,16,50,8471,8509,0
io4_l1n1p1_l3p2n1_l5n1_d1d2,10.0,9.527,1.25,40,50,10009,9789,0
io4_l1n1p1_l3p4n1_l5n1,10.0,9.229,1.25,16,64,31209,16505,0
io4_l1n1p1_l3p4n1_l5n1_d1d2,10.0,8.813,1.25,56,256,52507,33712,0
io4_l1n1p2_l3n1n1_l5n1,10.0,8.858,1.25,16,5,2030,2172,0
io4_l1n1p2_l3n1n1_l5n1_d1d2,10.0,8.858,1.25,32,5,2032,2515,0
io4_l1n1p2_l3n1n2_l5n1,10.0,8.858,1.25,16,8,2256,2471,0
io4_l1n1p2_l3n1n2_l5n1_d1d2,10.0,8.858,1.25,32,8,2253,2784,0
io4_l1n1p2_l3n1n4_l5n1,10.0,8.858,1.25,16,14,2710,2698,0
io4_l1n1p2_l3n1n4_l5n1_d1d2,10.0,8.858,1.25,32,14,2707,3109,0
io4_l1n1p2_l3n1p1_l5n1,10.0,8.858,1.25,16,5,2052,2259,0
io4_l1n1p2_l3n1p1_l5n1_d1d2,10.0,8.858,1.25,32,5,2051,2602,0
io4_l1n1p2_l3n1p2_l5n1,10.0,8.419,1.25,16,5,2118,2396,0
io4_l1n1p2_l3n1p2_l5n1_d1d2,10.0,8.419,1.25,32,5,2117,2709,0
io4_l1n1p2_l3n1p4_l5n1,10.0,8.835,1.25,16,5,2314,2305,0
io4_l1n1p2_l3n1p4_l5n1_d1d2,10.0,8.835,1.25,32,5,2315,2716,0
io4_l1n1p2_l3p1n1_l5n1,10.0,9.251,1.25,16,50,8511,7122,0
io4_l1n1p2_l3p1n1_l5n1_d1d2,10.0,9.218,1.25,48,50,8771,8477,0
io4_l1n1p2_l3p2n1_l5n1,10.0,9.541,1.25,16,50,8537,8627,0
io4_l1n1p2_l3p2n1_l5n1_d1d2,10.0,9.549,1.25,40,50,10075,9877,0
io4_l1n1p2_l3p4n1_l5n1,10.0,9.251,1.25,16,64,31275,16655,0
io4_l1n1p2_l3p4n1_l5n1_d1d2,10.0,8.835,1.25,56,256,52573,33815,0
io4_l1n1p4_l3n1n1_l5n1,10.0,8.813,1.25,16,5,2226,2085,0
io4_l1n1p4_l3n1n1_l5n1_d1d2,10.0,8.813,1.25,32,5,2230,2526,0
io4_l1n1p4_l3n1n2_l5n1,10.0,8.813,1.25,16,8,2452,2384,0
io4_l1n1p4_l3n1n2_l5n1_d1d2,10.0,8.813,1.25,32,8,2451,2795,0
io4_l1n1p4_l3n1n4_l5n1,10.0,8.813,1.25,16,14,2778,2605,0
io4_l1n1p4_l3n1n4_l5n1_d1d2,10.0,8.813,1.25,32,14,2777,3114,0
io4_l1n1p4_l3n1p1_l5n1,10.0,8.813,1.25,16,5,2248,2172,0
io4_l1n1p4_l3n1p1_l5n1_d1d2,10.0,8.813,1.25,32,5,2249,2613,0
io4_l1n1p4_l3n1p2_l5n1,10.0,8.835,1.25,16,5,2314,2305,0
io4_l1n1p4_l3n1p2_l5n1_d1d2,10.0,8.835,1.25,32,5,2315,2716,0
io4_l1n1p4_l3n1p4_l5n1,10.0,8.813,1.25,16,5,2318,2190,0
io4_l1n1p4_l3n1p4_l5n1_d1d2,10.0,8.813,1.25,32,5,2321,2699,0
io4_l1n1p4_l3p1n1_l5n1,10.0,9.218,1.25,16,50,8515,7039,0
io4_l1n1p4_l3p1n1_l5n1_d1d2,10.0,9.275,1.25,48,50,8777,8475,0
io4_l1n1p4_l3p2n1_l5n1,10.0,9.586,1.25,16,50,8541,8484,0
io4_l1n1p4_l3p2n1_l5n1_d1d2,10.0,9.523,1.25,40,50,10081,9849,0
io4_l1n1p4_l3p4n1_l5n1,10.0,8.847,1.25,16,64,31279,16556,0
io4_l1n1p4_l3p4n1_l5n1_d1d2,10.0,8.813,1.25,56,256,52579,33816,0
io4_l1p1n1_l3n1n1_l5p1,10.0,9.229,1.25,16,50,8738,7072,0
io4_l1p1n1_l3n1n1_l5p1_d1d2,10.0,8.881,1.25,48,50,9001,8457,0
io4_l1p1n1_l3n1n2_l5p1,10.0,9.229,1.25,16,50,8804,7209,0
io4_l1p1n1_l3n1n2_l5p1_d1d2,10.0,8.881,1.25,48,50,9190,9216,0
io4_l1p1n1_l3n1n4_l5p1,10.0,9.229,1.25,16,50,8810,7137,0
io4_l1p1n1_l3n1n4_l5p1_d1d2,10.0,8.881,1.25,48,50,9196,8570,0
io4_l1p1n1_l3n1p1_l5p1,10.0,9.229,1.25,16,50,8760,7159,0
io4_l1p1n1_l3n1p1_l5p1_d1d2,10.0,8.881,1.25,48,50,9020,8544,0
io4_l1p1n1_l3n1p2_l5p1,10.0,9.251,1.25,16,50,8826,7292,0
io4_l1p1n1_l3n1p2_l5p1_d1d2,10.0,9.218,1.25,48,50,9086,8647,0
io4_l1p1n1_l3n1p4_l5p1,10.0,9.218,1.25,16,50,8830,7245,0
io4_l1p1n1_l3n1p4_l5p1_d1d2,10.0,9.275,1.25,48,50,9092,8681,0
io4_l1p1n1_l3p1n1_l5p1,10.0,9.414,1.25,16,14,5556,6269,0
io4_l1p1n1_l3p1n1_l5p1_d1d2,10.0,9.369,1.25,60,26,6436,9279,0
io4_l1p1n1_l3p2n1_l5p1,10.0,9.423,1.25,16,50,9532,9144,0
io4_l1p1n1_l3p2n1_l5p1_d1d2,10.0,9.803,1.25,40,50,10674,11224,0
io4_l1p1n1_l3p4n1_l5p1,10.0,9.285,1.25,16,64,32830,18849,0
io4_l1p1n1_l3p4n1_l5p1_d1d2,10.0,9.218,1.25,72,256,53491,37030,0
io4_l1p2n1_l3n1n1_l5p2,10.0,9.591,1.25,16,52,9153,9026,0
io4_l1p2n1_l3n1n1_l5p2_d1d2,10.0,9.527,1.25,40,52,10598,10222,0
io4_l1p2n1_l3n1n2_l5p2,10.0,9.251,1.25,16,52,9123,9063,0
io4_l1p2n1_l3n1n2_l5p2_d1d2,10.0,9.527,1.25,40,52,10659,10457,0
io4_l1p2n1_l3n1n4_l5p2,10.0,9.148,1.25,16,52,9129,8958,0
io4_l1p2n1_l3n1n4_l5p2_d1d2,10.0,9.527,1.25,40,52,10665,10306,0
io4_l1p2n1_l3n1p1_l5p2,10.0,9.251,1.25,16,52,9079,9049,0
io4_l1p2n1_l3n1p1_l5p2_d1d2,10.0,9.527,1.25,40,52,10617,10329,0
io4_l1p2n1_l3n1p2_l5p2,10.0,9.24,1.25,16,52,9241,9251,0
io4_l1p2n1_l3n1p2_l5p2_d1d2,10.0,9.549,1.25,40,52,10683,10561,0
io4_l1p2n1_l3n1p4_l5p2,10.0,9.586,1.25,16,52,9149,9060,0
io4_l1p2n1_l3n1p4_l5p2_d1d2,10.0,9.523,1.25,40,52,10689,10425,0
io4_l1p2n1_l3p1n1_l5p2,10.0,9.423,1.25,16,52,9832,9502,0
io4_l1p2n1_l3p1n1_l5p2_d1d2,10.0,9.803,1.25,40,52,10967,11582,0
io4_l1p2n1_l3p2n1_l5p2,10.0,9.949,1.25,16,16,6599,7747,0
io4_l1p2n1_l3p2n1_l5p2_d1d2,10.0,9.96,1.25,48,52,11695,12179,0
io4_l1p2n1_l3p4n1_l5p2,10.0,9.578,1.25,16,64,33395,20526,0
io4_l1p2n1_l3p4n1_l5p2_d1d2,10.0,9.523,1.25,64,256,54467,38522,0
io4_l1p4n1_l3n1n1_l5p4,10.0,9.229,1.25,16,64,31298,16495,0
io4_l1p4n1_l3n1n1_l5p4_d1d2,10.0,8.813,1.25,56,256,52599,33716,0
io4_l1p4n1_l3n1n2_l5p4,10.0,9.229,1.25,16,64,31364,16634,0
io4_l1p4n1_l3n1n2_l5p4_d1d2,10.0,8.813,1.25,56,256,52660,33970,0
io4_l1p4n1_l3n1n4_l5p4,10.0,9.229,1.25,16,64,31370,16562,0
io4_l1p4n1_l3n1n4_l5p4_d1d2,10.0,8.813,1.25,56,256,52666,33858,0
io4_l1p4n1_l3n1p1_l5p4,10.0,9.229,1.25,16,64,31320,16566,0
io4_l1p4n1_l3n1p1_l5p4_d1d2,10.0,8.813,1.25,56,256,52618,33806,0
io4_l1p4n1_l3n1p2_l5p4,10.0,9.251,1.25,16,64,31386,16700,0
io4_l1p4n1_l3n1p2_l5p4_d1d2,10.0,8.835,1.25,56,256,52684,34053,0
io4_l1p4n1_l3n1p4_l5p4,10.0,8.847,1.25,16,64,31390,16653,0
io4_l1p4n1_l3n1p4_l5p4_d1d2,10.0,8.813,1.25,56,256,52690,33946,0
io4_l1p4n1_l3p1n1_l5p4,10.0,9.274,1.25,16,64,32755,19189,0
io4_l1p4n1_l3p1n1_l5p4_d1d2,10.0,9.206,1.25,72,256,53290,37406,0
io4_l1p4n1_l3p2n1_l5p4,10.0,9.578,1.25,16,64,33133,20670,0
io4_l1p4n1_l3p2n1_l5p4_d1d2,10.0,9.523,1.25,64,256,54205,38700,0
io4_l1p4n1_l3p4n1_l5p4,10.0,8.905,1.25,16,64,33386,20137,0
io4_l1p4n1_l3p4n1_l5p4_d1d2,10.0,8.813,1.25,80,256,55047,37976,0
io8_l1n1n1_l3n1n1_l5n1,10.0,8.419,1.25,16,5,3067,2742,0
io8_l1n1n1_l3n1n1_l5n1_d1d2,10.0,8.419,1.25,128,5,3068,4431,0
io8_l1n1n1_l3n1n2_l5n1,10.0,8.858,1.25,16,5,3221,2829,0
io8_l1n1n1_l3n1n2_l5n1_d1d2,10.0,8.858,1.25,128,5,3415,4536,0
io8_l1n1n1_l3n1n4_l5n1,10.0,8.419,1.25,16,14,3781,3544,0
io8_l1n1n1_l3n1n4_l5n1_d1d2,10.0,8.419,1.25,128,14,3778,5237,0
io8_l1n1n1_l3n1n8_l5n1,10.0,8.813,1.25,16,17,4256,3527,0
io8_l1n1n1_l3n1n8_l5n1_d1d2,10.0,8.419,1.25,128,20,4410,5642,0
io8_l1n1n1_l3n1p1_l5n1,10.0,8.419,1.25,16,5,3127,2859,0
io8_l1n1n1_l3n1p1_l5n1_d1d2,10.0,8.419,1.25,128,5,3127,4548,0
io8_l1n1n1_l3n1p2_l5n1,10.0,8.858,1.25,16,5,3323,2925,0
io8_l1n1n1_l3n1p2_l5n1_d1d2,10.0,8.858,1.25,128,5,3291,4638,0
io8_l1n1n1_l3n1p4_l5n1,10.0,8.813,1.25,16,5,3423,3192,0
io8_l1n1n1_l3n1p4_l5n1_d1d2,10.0,8.813,1.25,128,5,3423,4885,0
io8_l1n1n1_l3n1p8_l5n1,10.0,9.206,1.25,16,5,3754,3011,0
io8_l1n1n1_l3n1p8_l5n1_d1d2,10.0,9.206,1.25,128,5,3757,4964,0
io8_l1n1n1_l3p1n1_l5n1,10.0,8.847,1.25,24,98,12838,10414,0
io8_l1n1n1_l3p1n1_l5n1_d1d2,10.0,8.847,1.25,192,98,12842,14981,0
io8_l1n1n1_l3p2n1_l5n1,10.0,9.504,1.25,24,98,14325,11943,0
io8_l1n1n1_l3p2n1_l5n1_d1d2,10.0,9.78,1.25,128,5,11821,12342,0
io8_l1n1n1_l3p4n1_l5n1,10.0,9.959,1.25,24,50,10250,9963,0
io8_l1n1n1_l3p4n1_l5n1_d1d2,10.0,9.565,1.25,144,98,16081,16671,0
io8_l1n1n1_l3p8n1_l5n1,10.0,9.229,1.25,24,128,60633,31289,0
io8_l1n1n1_l3p8n1_l5n1_d1d2,10.0,8.858,1.25,208,1024,152096,112325,0
io8_l1n1n2_l3n1n1_l5n1,10.0,8.858,1.25,16,5,3221,2829,0
io8_l1n1n2_l3n1n1_l5n1_d1d2,10.0,8.858,1.25,128,5,3415,4536,0
io8_l1n1n2_l3n1n2_l5n1,10.0,8.419,1.25,16,5,3343,2925,0
io8_l1n1n2_l3n1n2_l5n1_d1d2,10.0,8.419,1.25,128,5,3698,4627,0
io8_l1n1n2_l3n1n4_l5n1,10.0,8.858,1.25,16,14,3903,3641,0
io8_l1n1n2_l3n1n4_l5n1_d1d2,10.0,8.858,1.25,128,14,4093,5352,0
io8_l1n1n2_l3n1n8_l5n1,10.0,8.835,1.25,16,17,4378,3602,0
io8_l1n1n2_l3n1n8_l5n1_d1d2,10.0,8.813,1.25,128,20,4693,5729,0
io8_l1n1n2_l3n1p1_l5n1,10.0,8.858,1.25,16,5,3280,2942,0
io8_l1n1n2_l3n1p1_l5n1_d1d2,10.0,8.858,1.25,128,5,3441,4649,0
io8_l1n1n2_l3n1p2_l5n1,10.0,8.419,1.25,16,5,3444,3000,0
io8_l1n1n2_l3n1p2_l5n1_d1d2,10.0,8.419,1.25,128,5,3573,4725,0
io8_l1n1n2_l3n1p4_l5n1,10.0,8.835,1.25,16,5,3545,3267,0
io8_l1n1n2_l3n1p4_l5n1_d1d2,10.0,8.835,1.25,128,5,3706,4972,0
io8_l1n1n2_l3n1p8_l5n1,10.0,9.229,1.25,16,5,3876,3103,0
io8_l1n1n2_l3n1p8_l5n1_d1d2,10.0,9.229,1.25,128,5,4040,5068,0
io8_l1n1n2_l3p1n1_l5n1,10.0,8.847,1.25,24,98,12960,10561,0
io8_l1n1n2_l3p1n1_l5n1_d1d2,10.0,8.847,1.25,192,98,13125,15140,0
io8_l1n1n2_l3p2n1_l5n1,10.0,9.527,1.25,24,98,14447,12047,0
io8_l1n1n2_l3p2n1_l5n1_d1d2,10.0,9.803,1.25,128,5,12136,12475,0
io8_l1n1n2_l3p4n1_l5n1,10.0,9.981,1.25,24,50,10365,10067,0
io8_l1n1n2_l3p4n1_l5n1_d1d2,10.0,9.959,1.25,144,98,16364,16800,0
io8_l1n1n2_l3p8n1_l5n1,10.0,9.251,1.25,24,128,60755,31436,0
io8_l1n1n2_l3p8n1_l5n1_d1d2,10.0,8.419,1.25,208,1024,152379,112491,0
io8_l1n1n4_l3n1n1_l5n1,10.0,8.419,1.25,16,14,3781,3544,0
io8_l1n1n4_l3n1n1_l5n1_d1d2,10.0,8.419,1.25,128,14,3778,5237,0
io8_l1n1n4_l3n1n2_l5n1,10.0,8.858,1.25,16,14,3902,3637,0
io8_l1n1n4_l3n1n2_l5n1_d1d2,10.0,8.858,1.25,128,14,4093,5352,0
io8_l1n1n4_l3n1n4_l5n1,10.0,8.419,1.25,16,14,3983,3897,0
io8_l1n1n4_l3n1n4_l5n1_d1d2,10.0,8.419,1.25,128,14,3976,5594,0
io8_l1n1n4_l3n1n8_l5n1,10.0,8.813,1.25,16,17,4458,3864,0
io8_l1n1n4_l3n1n8_l5n1_d1d2,10.0,8.419,1.25,128,20,4608,5983,0
io8_l1n1n4_l3n1p1_l5n1,10.0,8.419,1.25,16,14,3840,3656,0
io8_l1n1n4_l3n1p1_l5n1_d1d2,10.0,8.419,1.25,128,14,3836,5349,0
io8_l1n1n4_l3n1p2_l5n1,10.0,8.858,1.25,16,14,4004,3716,0
io8_l1n1n4_l3n1p2_l5n1_d1d2,10.0,8.858,1.25,128,14,3968,5433,0
io8_l1n1n4_l3n1p4_l5n1,10.0,8.813,1.25,16,14,4104,3980,0
io8_l1n1n4_l3n1p4_l5n1_d1d2,10.0,8.813,1.25,128,14,4100,5677,0
io8_l1n1n4_l3n1p8_l5n1,10.0,9.206,1.25,16,14,4436,3798,0
io8_l1n1n4_l3n1p8_l5n1_d1d2,10.0,9.206,1.25,128,14,4435,5755,0
io8_l1n1n4_l3p1n1_l5n1,10.0,8.847,1.25,24,98,13040,10724,0
io8_l1n1n4_l3p1n1_l5n1_d1d2,10.0,8.847,1.25,192,98,13040,15295,0
io8_l1n1n4_l3p2n1_l5n1,10.0,9.504,1.25,24,98,14532,12211,0
io8_l1n1n4_l3p2n1_l5n1_d1d2,10.0,9.78,1.25,128,14,12499,13094,0
io8_l1n1n4_l3p4n1_l5n1,10.0,9.981,1.25,24,50,10445,10233,0
io8_l1n1n4_l3p4n1_l5n1_d1d2,10.0,9.565,1.25,144,98,16279,16943,0
io8_l1n1n4_l3p8n1_l5n1,10.0,9.229,1.25,24,128,60835,31599,0
io8_l1n1n4_l3p8n1_l5n1_d1d2,10.0,8.858,1.25,208,1024,152294,112678,0
io8_l1n1n8_l3n1n1_l5n1,10.0,8.813,1.25,16,17,4256,3527,0
io8_l1n1n8_l3n1n1_l5n1_d1d2,10.0,8.419,1.25,128,20,4410,5642,0
io8_l1n1n8_l3n1n2_l5n1,10.0,8.835,1.25,16,17,4378,3602,0
io8_l1n1n8_l3n1n2_l5n1_d1d2,10.0,8.813,1.25,128,20,4693,5729,0
io8_l1n1n8_l3n1n4_l5n1,10.0,8.813,1.25,16,17,4458,3864,0
io8_l1n1n8_l3n1n4_l5n1_d1d2,10.0,8.419,1.25,128,20,4608,5983,0
io8_l1n1n8_l3n1n8_l5n1,10.0,8.813,1.25,16,17,4485,3635,0
io8_l1n1n8_l3n1n8_l5n1_d1d2,10.0,8.835,1.25,128,20,4632,6021,0
io8_l1n1n8_l3n1p1_l5n1,10.0,8.813,1.25,16,17,4283,3637,0
io8_l1n1n8_l3n1p1_l5n1_d1d2,10.0,8.419,1.25,128,20,4436,5752,0
io8_l1n1n8_l3n1p2_l5n1,10.0,8.835,1.25,16,17,4447,3685,0
io8_l1n1n8_l3n1p2_l5n1_d1d2,10.0,8.813,1.25,128,20,4568,5824,0
io8_l1n1n8_l3n1p4_l5n1,10.0,8.813,1.25,16,17,4547,3945,0
io8_l1n1n8_l3n1p4_l5n1_d1d2,10.0,8.858,1.25,128,20,4700,6064,0
io8_l1n1n8_l3n1p8_l5n1,10.0,8.824,1.25,16,17,4622,3750,0
io8_l1n1n8_l3n1p8_l5n1_d1d2,10.0,9.251,1.25,128,20,4778,6131,0
io8_l1n1n8_l3p1n1_l5n1,10.0,8.847,1.25,24,98,13067,10583,0
io8_l1n1n8_l3p1n1_l5n1_d1d2,10.0,8.858,1.25,192,98,13064,15417,0
io8_l1n1n8_l3p2n1_l5n1,10.0,9.129,1.25,24,98,14554,12016,0
io8_l1n1n8_l3p2n1_l5n1_d1d2,10.0,9.825,1.25,128,20,12875,13471,0
io8_l1n1n8_l3p4n1_l5n1,10.0,9.569,1.25,24,50,10472,10038,0
io8_l1n1n8_l3p4n1_l5n1_d1d2,10.0,9.981,1.25,144,98,16303,17000,0
io8_l1n1n8_l3p8n1_l5n1,10.0,9.229,1.25,24,128,60862,31466,0
io8_l1n1n8_l3p8n1_l5n1_d1d2,10.0,8.858,1.25,208,1024,152318,112844,0
io8_l1n1p1_l3n1n1_l5n1,10.0,8.419,1.25,16,5,3126,2855,0
io8_l1n1p1_l3n1n1_l5n1_d1d2,10.0,8.419,1.25,128,5,3126,4544,0
io8_l1n1p1_l3n1n2_l5n1,10.0,8.858,1.25,16,5,3280,2942,0
io8_l1n1p1_l3n1n2_l5n1_d1d2,10.0,8.858,1.25,128,5,3441,4649,0
io8_l1n1p1_l3n1n4_l5n1,10.0,8.419,1.25,16,14,3840,3656,0
io8_l1n1p1_l3n1n4_l5n1_d1d2,10.0,8.419,1.25,128,14,3836,5349,0
io8_l1n1p1_l3n1n8_l5n1,10.0,8.813,1.25,16,17,4283,3637,0
io8_l1n1p1_l3n1n8_l5n1_d1d2,10.0,8.419,1.25,128,20,4436,5752,0
io8_l1n1p1_l3n1p1_l5n1,10.0,8.419,1.25,16,5,3154,2960,0
io8_l1n1p1_l3n1p1_l5n1_d1d2,10.0,8.419,1.25,128,5,3153,4649,0
io8_l1n1p1_l3n1p2_l5n1,10.0,8.858,1.25,16,5,3350,3032,0
io8_l1n1p1_l3n1p2_l5n1_d1d2,10.0,8.858,1.25,128,5,3317,4745,0
io8_l1n1p1_l3n1p4_l5n1,10.0,8.813,1.25,16,5,3450,3299,0
io8_l1n1p1_l3n1p4_l5n1_d1d2,10.0,8.813,1.25,128,5,3449,4992,0
io8_l1n1p1_l3n1p8_l5n1,10.0,9.206,1.25,16,5,3781,3102,0
io8_l1n1p1_l3n1p8_l5n1_d1d2,10.0,9.206,1.25,128,5,3783,5055,0
io8_l1n1p1_l3p1n1_l5n1,10.0,8.847,1.25,24,98,12865,10513,0
io8_l1n1p1_l3p1n1_l5n1_d1d2,10.0,8.847,1.25,192,98,12868,15080,0
io8_l1n1p1_l3p2n1_l5n1,10.0,9.504,1.25,24,98,14357,12066,0
io8_l1n1p1_l3p2n1_l5n1_d1d2,10.0,9.78,1.25,128,5,11879,12471,0
io8_l1n1p1_l3p4n1_l5n1,10.0,10.024,1.25,24,50,10270,10086,0
io8_l1n1p1_l3p4n1_l5n1_d1d2,10.0,9.565,1.25,144,98,16107,16794,0
io8_l1n1p1_l3p8n1_l5n1,10.0,9.229,1.25,24,128,60660,31388,0
io8_l1n1p1_l3p8n1_l5n1_d1d2,10.0,8.858,1.25,208,1024,152122,112424,0
io8_l1n1p2_l3n1n1_l5n1,10.0,8.858,1.25,16,5,3323,2925,0
io8_l1n1p2_l3n1n1_l5n1_d1d2,10.0,8.858,1.25,128,5,3291,4638,0
io8_l1n1p2_l3n1n2_l5n1,10.0,8.419,1.25,16,5,3444,3000,0
io8_l1n1p2_l3n1n2_l5n1_d1d2,10.0,8.419,1.25,128,5,3573,4725,0
io8_l1n1p2_l3n1n4_l5n1,10.0,8.858,1.25,16,14,4004,3716,0
io8_l1n1p2_l3n1n4_l5n1_d1d2,10.0,8.858,1.25,128,14,3968,5433,0
io8_l1n1p2_l3n1n8_l5n1,10.0,8.835,1.25,16,17,4447,3685,0
io8_l1n1p2_l3n1n8_l5n1_d1d2,10.0,8.813,1.25,128,20,4568,5824,0
io8_l1n1p2_l3n1p1_l5n1,10.0,8.858,1.25,16,5,3350,3032,0
io8_l1n1p2_l3n1p1_l5n1_d1d2,10.0,8.858,1.25,128,5,3317,4745,0
io8_l1n1p2_l3n1p2_l5n1,10.0,8.419,1.25,16,5,3514,3084,0
io8_l1n1p2_l3n1p2_l5n1_d1d2,10.0,8.419,1.25,128,5,3449,4821,0
io8_l1n1p2_l3n1p4_l5n1,10.0,8.835,1.25,16,5,3614,3347,0
io8_l1n1p2_l3n1p4_l5n1_d1d2,10.0,8.835,1.25,128,5,3581,5064,0
io8_l1n1p2_l3n1p8_l5n1,10.0,9.229,1.25,16,5,3945,3183,0
io8_l1n1p2_l3n1p8_l5n1_d1d2,10.0,9.229,1.25,128,5,3915,5160,0
io8_l1n1p2_l3p1n1_l5n1,10.0,8.847,1.25,24,98,13029,10561,0
io8_l1n1p2_l3p1n1_l5n1_d1d2,10.0,8.847,1.25,192,98,13000,15152,0
io8_l1n1p2_l3p2n1_l5n1,10.0,9.527,1.25,24,98,14521,12099,0
io8_l1n1p2_l3p2n1_l5n1_d1d2,10.0,9.803,1.25,128,5,12011,12533,0
io8_l1n1p2_l3p4n1_l5n1,10.0,9.565,1.25,24,50,10434,10119,0
io8_l1n1p2_l3p4n1_l5n1_d1d2,10.0,9.959,1.25,144,98,16239,16852,0
io8_l1n1p2_l3p8n1_l5n1,10.0,9.251,1.25,24,128,60824,31436,0
io8_l1n1p2_l3p8n1_l5n1_d1d2,10.0,8.419,1.25,208,1024,152254,112506,0
io8_l1n1p4_l3n1n1_l5n1,10.0,8.813,1.25,16,5,3423,3192,0
io8_l1n1p4_l3n1n1_l5n1_d1d2,10.0,8.813,1.25,128,5,3423,4885,0
io8_l1n1p4_l3n1n2_l5n1,10.0,8.835,1.25,16,5,3544,3263,0
io8_l1n1p4_l3n1n2_l5n1_d1d2,10.0,8.835,1.25,128,5,3706,4972,0
io8_l1n1p4_l3n1n4_l5n1,10.0,8.813,1.25,16,14,4104,3980,0
io8_l1n1p4_l3n1n4_l5n1_d1d2,10.0,8.813,1.25,128,14,4100,5677,0
io8_l1n1p4_l3n1n8_l5n1,10.0,8.813,1.25,16,17,4547,3945,0
io8_l1n1p4_l3n1n8_l5n1_d1d2,10.0,8.858,1.25,128,20,4700,6064,0
io8_l1n1p4_l3n1p1_l5n1,10.0,8.813,1.25,16,5,3450,3299,0
io8_l1n1p4_l3n1p1_l5n1_d1d2,10.0,8.813,1.25,128,5,3449,4992,0
io8_l1n1p4_l3n1p2_l5n1,10.0,8.835,1.25,16,5,3614,3347,0
io8_l1n1p4_l3n1p2_l5n1_d1d2,10.0,8.835,1.25,128,5,3581,5064,0
io8_l1n1p4_l3n1p4_l5n1,10.0,8.813,1.25,16,5,3650,3598,0
io8_l1n1p4_l3n1p4_l5n1_d1d2,10.0,8.813,1.25,128,5,3649,5295,0
io8_l1n1p4_l3n1p8_l5n1,10.0,8.824,1.25,16,5,3981,3436,0
io8_l1n1p4_l3n1p8_l5n1_d1d2,10.0,8.824,1.25,128,5,3983,5393,0
io8_l1n1p4_l3p1n1_l5n1,10.0,8.847,1.25,24,98,13065,10818,0
io8_l1n1p4_l3p1n1_l5n1_d1d2,10.0,8.847,1.25,192,98,13068,15389,0
io8_l1n1p4_l3p2n1_l5n1,10.0,9.129,1.25,24,98,14557,12346,0
io8_l1n1p4_l3p2n1_l5n1_d1d2,10.0,9.405,1.25,128,5,12143,12750,0
io8_l1n1p4_l3p4n1_l5n1,10.0,9.569,1.25,24,50,10534,10369,0
io8_l1n1p4_l3p4n1_l5n1_d1d2,10.0,10.004,1.25,144,98,16307,17063,0
io8_l1n1p4_l3p8n1_l5n1,10.0,8.847,1.25,24,128,60860,31691,0
io8_l1n1p4_l3p8n1_l5n1_d1d2,10.0,8.835,1.25,208,1024,152322,112743,0
io8_l1n1p8_l3n1n1_l5n1,10.0,9.206,1.25,16,5,3754,3011,0
io8_l1n1p8_l3n1n1_l5n1_d1d2,10.0,9.206,1.25,128,5,3757,4964,0
io8_l1n1p8_l3n1n2_l5n1,10.0,9.229,1.25,16,5,3876,3103,0
io8_l1n1p8_l3n1n2_l5n1_d1d2,10.0,9.229,1.25,128,5,4040,5068,0
io8_l1n1p8_l3n1n4_l5n1,10.0,9.206,1.25,16,14,4436,3798,0
io8_l1n1p8_l3n1n4_l5n1_d1d2,10.0,9.206,1.25,128,14,4435,5755,0
io8_l1n1p8_l3n1n8_l5n1,10.0,8.824,1.25,16,17,4622,3750,0
io8_l1n1p8_l3n1n8_l5n1_d1d2,10.0,9.251,1.25,128,20,4778,6131,0
io8_l1n1p8_l3n1p1_l5n1,10.0,9.206,1.25,16,5,3781,3102,0
io8_l1n1p8_l3n1p1_l5n1_d1d2,10.0,9.206,1.25,128,5,3783,5055,0
io8_l1n1p8_l3n1p2_l5n1,10.0,9.229,1.25,16,5,3945,3183,0
io8_l1n1p8_l3n1p2_l5n1_d1d2,10.0,9.229,1.25,128,5,3915,5160,0
io8_l1n1p8_l3n1p4_l5n1,10.0,8.824,1.25,16,5,3981,3436,0
io8_l1n1p8_l3n1p4_l5n1_d1d2,10.0,8.824,1.25,128,5,3983,5393,0
io8_l1n1p8_l3n1p8_l5n1,10.0,8.835,1.25,16,5,3992,3202,0
io8_l1n1p8_l3n1p8_l5n1_d1d2,10.0,8.835,1.25,128,5,3997,5419,0
io8_l1n1p8_l3p1n1_l5n1,10.0,8.847,1.25,24,98,13140,10630,0
io8_l1n1p8_l3p1n1_l5n1_d1d2,10.0,8.847,1.25,192,98,13146,15461,0
io8_l1n1p8_l3p2n1_l5n1,10.0,9.148,1.25,24,98,14627,12056,0
io8_l1n1p8_l3p2n1_l5n1_d1d2,10.0,9.423,1.25,128,5,12221,12727,0
io8_l1n1p8_l3p4n1_l5n1,10.0,9.988,1.25,24,50,10609,10073,0
io8_l1n1p8_l3p4n1_l5n1_d1d2,10.0,10.007,1.25,144,98,16385,17033,0
io8_l1n1p8_l3p8n1_l5n1,10.0,8.858,1.25,24,128,60871,31523,0
io8_l1n1p8_l3p8n1_l5n1_d1d2,10.0,9.229,1.25,208,1024,152400,112831,0
io8_l1p1n1_l3n1n1_l5p1,10.0,8.847,1.25,24,98,13408,10708,0
io8_l1p1n1_l3n1n1_l5p1_d1d2,10.0,8.847,1.25,192,98,13412,15275,0
io8_l1p1n1_l3n1n2_l5p1,10.0,8.847,1.25,24,98,13530,10855,0
io8_l1p1n1_l3n1n2_l5p1_d1d2,10.0,8.847,1.25,192,98,13695,20714,0
io8_l1p1n1_l3n1n4_l5p1,10.0,8.847,1.25,24,98,13610,11018,0
io8_l1p1n1_l3n1n4_l5p1_d1d2,10.0,8.847,1.25,192,98,13610,21349,0
io8_l1p1n1_l3n1n8_l5p1,10.0,8.847,1.25,24,98,13637,10877,0
io8_l1p1n1_l3n1n8_l5p1_d1d2,10.0,8.858,1.25,192,98,13634,15711,0
io8_l1p1n1_l3n1p1_l5p1,10.0,8.847,1.25,24,98,13435,10815,0
io8_l1p1n1_l3n1p1_l5p1_d1d2,10.0,8.847,1.25,192,98,13438,15382,0
io8_l1p1n1_l3n1p2_l5p1,10.0,8.847,1.25,24,98,13599,10935,0
io8_l1p1n1_l3n1p2_l5p1_d1d2,10.0,8.847,1.25,192,98,13570,15526,0
io8_l1p1n1_l3n1p4_l5p1,10.0,8.847,1.25,24,98,13635,11120,0
io8_l1p1n1_l3n1p4_l5p1_d1d2,10.0,8.847,1.25,192,98,13638,15691,0
io8_l1p1n1_l3n1p8_l5p1,10.0,8.847,1.25,24,98,13710,11004,0
io8_l1p1n1_l3n1p8_l5p1_d1d2,10.0,8.847,1.25,192,98,13716,15835,0
io8_l1p1n1_l3p1n1_l5p1,10.0,9.148,1.25,16,20,7525,7102,0
io8_l1p1n1_l3p1n1_l5p1_d1d2,10.0,8.858,1.25,256,98,14834,20648,0
io8_l1p1n1_l3p2n1_l5p1,10.0,9.825,1.25,24,98,15381,12523,0
io8_l1p1n1_l3p2n1_l5p1_d1d2,10.0,9.821,1.25,192,50,16533,19282,0
io8_l1p1n1_l3p4n1_l5p1,10.0,9.617,1.25,24,74,12779,11761,0
io8_l1p1n1_l3p4n1_l5p1_d1d2,10.0,9.962,1.25,208,98,17849,20788,0
io8_l1p1n1_l3p8n1_l5p1,10.0,9.274,1.25,32,128,62401,33805,0
io8_l1p1n1_l3p8n1_l5p1_d1d2,10.0,8.858,1.25,272,1024,153864,118956,0
io8_l1p2n1_l3n1n1_l5p2,10.0,9.504,1.25,24,100,15196,12550,0
io8_l1p2n1_l3n1n1_l5p2_d1d2,10.0,9.78,1.25,128,7,12685,12949,0
io8_l1p2n1_l3n1n2_l5p2,10.0,9.527,1.25,24,100,15311,12654,0
io8_l1p2n1_l3n1n2_l5p2_d1d2,10.0,9.803,1.25,128,7,13000,13802,0
io8_l1p2n1_l3n1n4_l5p2,10.0,9.504,1.25,24,100,15391,12818,0
io8_l1p2n1_l3n1n4_l5p2_d1d2,10.0,9.78,1.25,128,16,13363,14901,0
io8_l1p2n1_l3n1n8_l5p2,10.0,9.129,1.25,24,100,15423,12623,0
io8_l1p2n1_l3n1n8_l5p2_d1d2,10.0,9.825,1.25,128,22,13739,14078,0
io8_l1p2n1_l3n1p1_l5p2,10.0,9.504,1.25,24,100,15216,12681,0
io8_l1p2n1_l3n1p1_l5p2_d1d2,10.0,9.78,1.25,128,7,12743,13086,0
io8_l1p2n1_l3n1p2_l5p2,10.0,9.527,1.25,24,100,15385,12786,0
io8_l1p2n1_l3n1p2_l5p2_d1d2,10.0,9.803,1.25,128,7,12875,13940,0
io8_l1p2n1_l3n1p4_l5p2,10.0,9.129,1.25,24,100,15421,12961,0
io8_l1p2n1_l3n1p4_l5p2_d1d2,10.0,9.405,1.25,128,7,13007,14565,0
io8_l1p2n1_l3n1p8_l5p2,10.0,9.148,1.25,24,100,15491,12743,0
io8_l1p2n1_l3n1p8_l5p2_d1d2,10.0,9.423,1.25,128,7,13085,13414,0
io8_l1p2n1_l3p1n1_l5p2,10.0,9.825,1.25,24,100,15675,12820,0
io8_l1p2n1_l3p1n1_l5p2_d1d2,10.0,9.985,1.25,128,16,13655,15654,0
io8_l1p2n1_l3p2n1_l5p2,10.0,9.611,1.25,16,19,9596,8058,0
io8_l1p2n1_l3p2n1_l5p2_d1d2,10.0,9.618,1.25,128,7,19386,18181,0
io8_l1p2n1_l3p4n1_l5p2,10.0,9.598,1.25,24,76,14048,12452,0
io8_l1p2n1_l3p4n1_l5p2_d1d2,10.0,9.981,1.25,144,52,19293,19538,0
io8_l1p2n1_l3p8n1_l5p2,10.0,9.274,1.25,32,128,63492,35350,0
io8_l1p2n1_l3p8n1_l5p2_d1d2,10.0,9.803,1.25,208,1024,159401,120221,0
io8_l1p4n1_l3n1n1_l5p4,10.0,9.981,1.25,24,56,11697,11246,0
io8_l1p4n1_l3n1n1_l5p4_d1d2,10.0,9.565,1.25,144,104,17528,17954,0
io8_l1p4n1_l3n1n2_l5p4,10.0,9.992,1.25,24,56,11812,11350,0
io8_l1p4n1_l3n1n2_l5p4_d1d2,10.0,9.959,1.25,144,104,17811,18803,0
io8_l1p4n1_l3n1n4_l5p4,10.0,10.024,1.25,24,56,11892,11516,0
io8_l1p4n1_l3n1n4_l5p4_d1d2,10.0,9.565,1.25,144,104,17726,19426,0
io8_l1p4n1_l3n1n8_l5p4,10.0,10.027,1.25,24,56,11919,11321,0
io8_l1p4n1_l3n1n8_l5p4_d1d2,10.0,9.981,1.25,144,104,17750,18283,0
io8_l1p4n1_l3n1p1_l5p4,10.0,9.565,1.25,24,56,11717,11377,0
io8_l1p4n1_l3n1p1_l5p4_d1d2,10.0,9.565,1.25,144,104,17554,18085,0
io8_l1p4n1_l3n1p2_l5p4,10.0,10.024,1.25,24,56,11881,11482,0
io8_l1p4n1_l3n1p2_l5p4_d1d2,10.0,9.959,1.25,144,104,17686,18935,0
io8_l1p4n1_l3n1p4_l5p4,10.0,10.027,1.25,24,56,11974,11660,0
io8_l1p4n1_l3n1p4_l5p4_d1d2,10.0,10.004,1.25,144,104,17754,19554,0
io8_l1p4n1_l3n1p8_l5p4,10.0,9.966,1.25,24,56,12056,11446,0
io8_l1p4n1_l3n1p8_l5p4_d1d2,10.0,10.007,1.25,144,104,17832,18396,0
io8_l1p4n1_l3p1n1_l5p4,10.0,9.617,1.25,24,80,13656,12734,0
io8_l1p4n1_l3p1n1_l5p4_d1d2,10.0,10.023,1.25,144,104,17986,20274,0
io8_l1p4n1_l3p2n1_l5p4,10.0,9.992,1.25,24,80,14631,13122,0
io8_l1p4n1_l3p2n1_l5p4_d1d2,10.0,9.981,1.25,144,56,19876,20210,0
io8_l1p4n1_l3p4n1_l5p4,10.0,9.61,1.25,16,26,10219,10621,0
io8_l1p4n1_l3p4n1_l5p4_d1d2,10.0,9.612,1.25,128,29,13896,16151,0
io8_l1p4n1_l3p8n1_l5p4,10.0,10.014,1.25,32,128,63529,36351,0
io8_l1p4n1_l3p8n1_l5p4_d1d2,10.0,9.959,1.25,224,1024,156782,120211,0
io8_l1p8n1_l3n1n1_l5p8,10.0,9.229,1.25,24,128,60733,31342,0
io8_l1p8n1_l3n1n1_l5p8_d1d2,10.0,8.858,1.25,208,1024,152196,112485,0
io8_l1p8n1_l3n1n2_l5p8,10.0,9.251,1.25,24,128,60855,31489,0
io8_l1p8n1_l3n1n2_l5p8_d1d2,10.0,8.419,1.25,208,1024,152479,113371,0
io8_l1p8n1_l3n1n4_l5p8,10.0,9.229,1.25,24,128,60935,31652,0
io8_l1p8n1_l3n1n4_l5p8_d1d2,10.0,8.858,1.25,208,1024,152394,114038,0
io8_l1p8n1_l3n1n8_l5p8,10.0,9.229,1.25,24,128,60962,31511,0
io8_l1p8n1_l3n1n8_l5p8_d1d2,10.0,8.858,1.25,208,1024,152418,113004,0
io8_l1p8n1_l3n1p1_l5p8,10.0,9.229,1.25,24,128,60760,31433,0
io8_l1p8n1_l3n1p1_l5p8_d1d2,10.0,8.858,1.25,208,1024,152222,112592,0
io8_l1p8n1_l3n1p2_l5p8,10.0,9.251,1.25,24,128,60924,31569,0
io8_l1p8n1_l3n1p2_l5p8_d1d2,10.0,8.419,1.25,208,1024,152354,113466,0
io8_l1p8n1_l3n1p4_l5p8,10.0,8.847,1.25,24,128,60960,31752,0
io8_l1p8n1_l3n1p4_l5p8_d1d2,10.0,8.835,1.25,208,1024,152422,114111,0
io8_l1p8n1_l3n1p8_l5p8,10.0,8.858,1.25,24,128,60971,31656,0
io8_l1p8n1_l3n1p8_l5p8_d1d2,10.0,9.229,1.25,208,1024,152500,113055,0
io8_l1p8n1_l3p1n1_l5p8,10.0,9.274,1.25,32,128,61927,33920,0
io8_l1p8n1_l3p1n1_l5p8_d1d2,10.0,8.858,1.25,272,1024,153393,118818,0
io8_l1p8n1_l3p2n1_l5p8,10.0,9.274,1.25,32,128,62959,35411,0
io8_l1p8n1_l3p2n1_l5p8_d1d2,10.0,9.803,1.25,208,1024,158868,120384,0
io8_l1p8n1_l3p4n1_l5p8,10.0,9.576,1.25,32,128,62867,36169,0
io8_l1p8n1_l3p4n1_l5p8_d1d2,10.0,9.959,1.25,224,1024,156120,120117,0
io8_l1p8n1_l3p8n1_l5p8,10.0,8.905,1.25,32,128,64877,37255,0
io8_l1p8n1_l3p8n1_l5p8_d1d2,10.0,8.419,1.25,288,1024,161194,123764,0
