prj,vivado_dynamic_pwr(mW),Total LUTs,Logic LUTs,LUTRAMs,SRLs,FFs,RAMB36,RAMB18,URAM,DSP48 Blocks,freq(MHz)
io1_l1n1n1_l3n1n1,8.950,512,512,0,0,485,4,3,0,5,300.030
io1_l1n1n1_l3n1p1,10.898,561,554,0,7,505,5,2,0,5,300.030
io1_l1n1n1_l3p1n1,20.719,2308,2308,0,0,3131,5,2,0,10,300.030
io1_l1n1p1_l3n1n1,10.308,594,594,0,0,517,4,3,0,5,300.030
io1_l1n1p1_l3n1p1,12.527,622,615,0,7,537,5,2,0,5,300.030
io1_l1n1p1_l3p1n1,24.010,2348,2348,0,0,3180,5,2,0,10,300.030
io1_l1p1n1_l3n1n1,30.569,4211,3613,0,598,7348,5,2,0,10,300.030
io1_l1p1n1_l3n1p1,45.355,4258,3653,0,605,7368,6,1,0,10,300.030
io1_l1p1n1_l3p1n1,53.926,5724,5126,0,598,9337,6,1,0,10,300.030
io2_l1n1n1_l3n1n1,11.346,625,625,0,0,623,4,6,0,5,300.030
io2_l1n1n1_l3n1n1_d1d2,11.667,723,723,0,0,750,4,6,0,5,300.030
io2_l1n1n1_l3n1n2,14.382,930,930,0,0,946,4,6,0,10,300.030
io2_l1n1n1_l3n1n2_d1d2,14.837,1005,1005,0,0,1007,4,6,0,10,300.030
io2_l1n1n1_l3n1p1,11.722,819,819,0,0,639,4,4,0,5,300.030
io2_l1n1n1_l3n1p1_d1d2,11.724,872,872,0,0,634,4,4,0,5,300.030
io2_l1n1n1_l3n1p2,14.560,1016,1010,0,6,962,6,0,0,10,300.030
io2_l1n1n1_l3n1p2_d1d2,14.779,1119,1113,0,6,951,6,0,0,10,300.030
io2_l1n1n1_l3p1n1,30.190,4155,4155,0,0,4169,6,4,0,18,300.030
io2_l1n1n1_l3p1n1_d1d2,29.231,4357,4357,0,0,4173,6,4,0,18,300.030
io2_l1n1n1_l3p2n1,29.353,3673,3673,0,0,4900,6,4,0,20,300.030
io2_l1n1n1_l3p2n1_d1d2,43.067,6279,6279,0,0,6549,6,4,0,38,300.030
io2_l1n1n2_l3n1n1,13.647,714,714,0,0,743,4,6,0,8,300.030
io2_l1n1n2_l3n1n1_d1d2,14.197,795,795,0,0,775,4,6,0,8,300.030
io2_l1n1n2_l3n1n2,15.413,924,924,0,0,840,4,6,0,10,300.030
io2_l1n1n2_l3n1n2_d1d2,15.254,1022,1022,0,0,967,4,6,0,10,300.030
io2_l1n1n2_l3n1p1,15.228,894,894,0,0,762,4,4,0,8,300.030
io2_l1n1n2_l3n1p1_d1d2,14.740,929,929,0,0,756,4,4,0,8,300.030
io2_l1n1n2_l3n1p2,15.466,1001,995,0,6,863,6,0,0,10,300.030
io2_l1n1n2_l3n1p2_d1d2,16.487,1152,1146,0,6,977,6,0,0,10,300.030
io2_l1n1n2_l3p1n1,31.517,4141,4141,0,0,4128,6,4,0,18,300.030
io2_l1n1n2_l3p1n1_d1d2,32.010,4419,4419,0,0,4203,6,4,0,18,300.030
io2_l1n1n2_l3p2n1,31.038,3670,3670,0,0,4870,6,4,0,20,300.030
io2_l1n1n2_l3p2n1_d1d2,46.450,6299,6299,0,0,6550,6,4,0,38,300.030
io2_l1n1p1_l3n1n1,12.230,727,727,0,0,662,4,6,0,5,300.030
io2_l1n1p1_l3n1n1_d1d2,12.593,770,770,0,0,689,4,6,0,5,300.030
io2_l1n1p1_l3n1n2,16.575,1010,1010,0,0,1004,4,6,0,10,300.030
io2_l1n1p1_l3n1n2_d1d2,16.568,1059,1059,0,0,978,4,6,0,10,300.030
io2_l1n1p1_l3n1p1,13.381,867,867,0,0,675,4,4,0,5,300.030
io2_l1n1p1_l3n1p1_d1d2,13.105,896,896,0,0,669,4,4,0,5,300.030
io2_l1n1p1_l3n1p2,17.404,1105,1099,0,6,998,6,0,0,10,300.030
io2_l1n1p1_l3n1p2_d1d2,17.381,1163,1157,0,6,986,6,0,0,10,300.030
io2_l1n1p1_l3p1n1,33.146,4237,4237,0,0,4199,6,4,0,18,300.030
io2_l1n1p1_l3p1n1_d1d2,33.617,4430,4430,0,0,4188,6,4,0,18,300.030
io2_l1n1p1_l3p2n1,33.211,3676,3676,0,0,4905,6,4,0,20,300.030
io2_l1n1p1_l3p2n1_d1d2,46.247,6551,6551,0,0,6575,6,4,0,38,300.030
io2_l1n1p2_l3n1n1,12.770,759,759,0,0,718,4,6,0,5,300.030
io2_l1n1p2_l3n1n1_d1d2,12.310,837,837,0,0,712,4,6,0,5,300.030
io2_l1n1p2_l3n1n2,16.391,1077,1077,0,0,911,4,6,0,10,300.030
io2_l1n1p2_l3n1n2_d1d2,16.899,1146,1146,0,0,1048,4,6,0,10,300.030
io2_l1n1p2_l3n1p1,13.613,871,871,0,0,734,4,4,0,5,300.030
io2_l1n1p2_l3n1p1_d1d2,13.846,901,901,0,0,728,4,4,0,5,300.030
io2_l1n1p2_l3n1p2,17.721,1150,1144,0,6,929,6,0,0,10,300.030
io2_l1n1p2_l3n1p2_d1d2,18.464,1243,1237,0,6,1045,6,0,0,10,300.030
io2_l1n1p2_l3p1n1,34.840,4376,4376,0,0,4151,6,4,0,18,300.030
io2_l1n1p2_l3p1n1_d1d2,35.043,4354,4354,0,0,4215,6,4,0,18,300.030
io2_l1n1p2_l3p2n1,33.750,3655,3655,0,0,4837,6,4,0,20,300.030
io2_l1n1p2_l3p2n1_d1d2,48.294,6463,6463,0,0,6526,6,4,0,38,300.030
io2_l1p1n1_l3n1n1,25.671,2255,2255,0,0,3718,4,4,0,14,300.030
io2_l1p1n1_l3n1n1_d1d2,25.065,2381,2381,0,0,3706,4,4,0,14,300.030
io2_l1p1n1_l3n1n2,29.073,2549,2549,0,0,3886,4,4,0,16,300.030
io2_l1p1n1_l3n1n2_d1d2,28.662,2620,2620,0,0,3877,4,4,0,16,300.030
io2_l1p1n1_l3n1p1,28.094,2444,2444,0,0,3741,8,0,0,14,300.030
io2_l1p1n1_l3n1p1_d1d2,27.762,2424,2424,0,0,3654,8,0,0,14,300.030
io2_l1p1n1_l3n1p2,31.569,2710,2704,0,6,3926,10,0,0,16,300.030
io2_l1p1n1_l3n1p2_d1d2,32.731,2724,2718,0,6,3888,10,0,0,16,300.030
io2_l1p1n1_l3p1n1,42.055,5770,5770,0,0,6713,8,2,0,18,300.030
io2_l1p1n1_l3p1n1_d1d2,40.852,5618,5618,0,0,6757,8,2,0,18,300.030
io2_l1p1n1_l3p2n1,40.284,5241,5241,0,0,7492,6,0,0,20,300.030
io2_l1p1n1_l3p2n1_d1d2,55.056,7651,7651,0,0,9042,8,2,0,38,300.030
io2_l1p2n1_l3n1n1,42.112,6788,5599,0,1189,12465,6,4,0,20,300.030
io2_l1p2n1_l3n1n1_d1d2,53.032,9253,7616,0,1637,14255,6,4,0,40,300.030
io2_l1p2n1_l3n1n2,48.647,6570,5381,0,1189,12475,6,4,0,20,300.030
io2_l1p2n1_l3n1n2_d1d2,60.070,9356,7719,0,1637,14285,6,4,0,40,300.030
io2_l1p2n1_l3n1p1,46.531,6752,5563,0,1189,12499,6,0,0,20,300.030
io2_l1p2n1_l3n1p1_d1d2,60.231,9102,7465,0,1637,14286,8,2,0,40,300.030
io2_l1p2n1_l3n1p2,75.953,7101,5906,0,1195,12488,10,0,0,20,300.030
io2_l1p2n1_l3n1p2_d1d2,89.901,9078,7451,0,1627,14433,10,0,0,40,300.030
io2_l1p2n1_l3p1n1,89.029,9383,8194,0,1189,14198,8,2,0,20,300.030
io2_l1p2n1_l3p1n1_d1d2,104.356,11881,10244,0,1637,16011,8,2,0,40,300.030
io2_l1p2n1_l3p2n1,91.236,8537,7316,0,1221,14878,8,2,0,20,300.030
io2_l1p2n1_l3p2n1_d1d2,109.242,12401,10764,0,1637,15325,8,2,0,40,300.030
io4_l1n1n1_l3n1n1,12.456,959,767,192,0,1237,4,0,0,5,300.030
io4_l1n1n1_l3n1n1_d1d2,16.790,1217,1025,192,0,1387,0,16,0,5,300.030
io4_l1n1n1_l3n1n2,12.390,1061,869,192,0,1271,4,0,0,5,300.030
io4_l1n1n1_l3n1n2_d1d2,16.439,1304,1112,192,0,1395,0,16,0,5,300.030
io4_l1n1n1_l3n1n4,22.347,1921,1729,192,0,2125,4,0,0,20,300.030
io4_l1n1n1_l3n1n4_d1d2,27.213,2171,1979,192,0,2200,0,16,0,20,300.030
io4_l1n1n1_l3n1p1,13.777,1122,930,192,0,1130,4,0,0,5,300.030
io4_l1n1n1_l3n1p1_d1d2,18.470,1360,1168,192,0,1274,0,16,0,5,300.030
io4_l1n1n1_l3n1p2,14.331,1199,1007,192,0,1187,4,0,0,5,300.030
io4_l1n1n1_l3n1p2_d1d2,19.422,1416,1224,192,0,1303,0,16,0,5,300.030
io4_l1n1n1_l3n1p4,23.873,1880,1747,128,5,1864,8,0,0,20,300.030
io4_l1n1n1_l3n1p4_d1d2,29.557,2138,2005,128,5,1863,4,16,0,20,300.030
io4_l1n1n1_l3p1n1,41.727,4726,4598,128,0,5773,8,0,0,40,300.030
io4_l1n1n1_l3p1n1_d1d2,47.962,5212,5084,128,0,5888,20,0,0,40,300.030
io4_l1n1n1_l3p2n1,43.439,6334,6206,128,0,7625,8,0,0,40,300.030
io4_l1n1n1_l3p2n1_d1d2,77.287,9871,9743,128,0,11088,20,0,0,80,300.030
io4_l1n1n1_l3p4n1,43.929,6123,5995,128,0,7706,8,0,0,40,300.030
io4_l1n1n1_l3p4n1_d1d2,111.091,18081,17953,128,0,19782,20,0,0,114,300.030
io4_l1n1n2_l3n1n1,15.247,1104,912,192,0,1415,4,0,0,8,300.030
io4_l1n1n2_l3n1n1_d1d2,19.162,1350,1158,192,0,1541,0,16,0,8,300.030
io4_l1n1n2_l3n1n2,15.329,1198,1006,192,0,1449,4,0,0,8,300.030
io4_l1n1n2_l3n1n2_d1d2,18.969,1434,1242,192,0,1549,0,16,0,8,300.030
io4_l1n1n2_l3n1n4,23.994,2011,1819,192,0,2239,4,0,0,20,300.030
io4_l1n1n2_l3n1n4_d1d2,28.096,2247,2055,192,0,2290,0,16,0,20,300.030
io4_l1n1n2_l3n1p1,16.721,1218,1026,192,0,1308,4,0,0,8,300.030
io4_l1n1n2_l3n1p1_d1d2,22.318,1451,1259,192,0,1427,0,16,0,8,300.030
io4_l1n1n2_l3n1p2,17.406,1308,1116,192,0,1365,4,0,0,8,300.030
io4_l1n1n2_l3n1p2_d1d2,22.917,1899,1707,192,0,1727,0,16,0,8,300.030
io4_l1n1n2_l3n1p4,25.133,1944,1811,128,5,1986,8,0,0,20,300.030
io4_l1n1n2_l3n1p4_d1d2,30.863,2203,2070,128,5,1984,4,16,0,20,300.030
io4_l1n1n2_l3p1n1,43.539,4820,4692,128,0,5863,8,0,0,40,300.030
io4_l1n1n2_l3p1n1_d1d2,50.627,5207,5079,128,0,5930,20,0,0,40,300.030
io4_l1n1n2_l3p2n1,45.365,6124,5996,128,0,7727,8,0,0,40,300.030
io4_l1n1n2_l3p2n1_d1d2,79.977,9812,9684,128,0,11078,20,0,0,80,300.030
io4_l1n1n2_l3p4n1,46.266,6147,6019,128,0,7810,8,0,0,40,300.030
io4_l1n1n2_l3p4n1_d1d2,112.216,18027,17899,128,0,19732,20,0,0,114,300.030
io4_l1n1n4_l3n1n1,20.393,1251,1059,192,0,1727,4,0,0,14,300.030
io4_l1n1n4_l3n1n1_d1d2,24.741,1497,1305,192,0,1802,0,16,0,14,300.030
io4_l1n1n4_l3n1n2,18.975,1341,1149,192,0,1761,4,0,0,14,300.030
io4_l1n1n4_l3n1n2_d1d2,23.192,1597,1405,192,0,1810,0,16,0,14,300.030
io4_l1n1n4_l3n1n4,25.671,2034,1842,192,0,2135,4,0,0,20,300.030
io4_l1n1n4_l3n1n4_d1d2,29.507,2341,2149,192,0,2518,0,16,0,20,300.030
io4_l1n1n4_l3n1p1,22.275,1367,1175,192,0,1620,4,0,0,14,300.030
io4_l1n1n4_l3n1p1_d1d2,26.106,1611,1419,192,0,1689,0,16,0,14,300.030
io4_l1n1n4_l3n1p2,22.334,1452,1260,192,0,1677,4,0,0,14,300.030
io4_l1n1n4_l3n1p2_d1d2,27.157,1774,1582,192,0,1787,0,16,0,14,300.030
io4_l1n1n4_l3n1p4,26.547,2053,1920,128,5,1903,8,0,0,20,300.030
io4_l1n1n4_l3n1p4_d1d2,31.988,2289,2156,128,5,2150,4,16,0,20,300.030
io4_l1n1n4_l3p1n1,44.829,4940,4812,128,0,5938,8,0,0,40,300.030
io4_l1n1n4_l3p1n1_d1d2,51.188,5268,5140,128,0,6077,20,0,0,40,300.030
io4_l1n1n4_l3p2n1,48.936,5964,5836,128,0,7791,8,0,0,40,300.030
io4_l1n1n4_l3p2n1_d1d2,78.757,9826,9698,128,0,11286,16,0,0,80,300.030
io4_l1n1n4_l3p4n1,47.801,6255,6127,128,0,7868,8,0,0,40,300.030
io4_l1n1n4_l3p4n1_d1d2,112.708,18072,17944,128,0,19988,20,0,0,114,300.030
io4_l1n1p1_l3n1n1,13.586,1055,863,192,0,1239,4,0,0,5,300.030
io4_l1n1p1_l3n1n1_d1d2,18.805,1313,1121,192,0,1433,0,16,0,5,300.030
io4_l1n1p1_l3n1n2,13.668,1140,948,192,0,1266,4,0,0,5,300.030
io4_l1n1p1_l3n1n2_d1d2,18.223,1393,1201,192,0,1442,0,16,0,5,300.030
io4_l1n1p1_l3n1n4,24.499,2003,1811,192,0,2142,4,0,0,20,300.030
io4_l1n1p1_l3n1n4_d1d2,30.602,2277,2085,192,0,2246,0,16,0,20,300.030
io4_l1n1p1_l3n1p1,15.382,1176,984,192,0,1116,4,0,0,5,300.030
io4_l1n1p1_l3n1p1_d1d2,21.504,1432,1240,192,0,1304,0,16,0,5,300.030
io4_l1n1p1_l3n1p2,16.462,1268,1076,192,0,1178,4,0,0,5,300.030
io4_l1n1p1_l3n1p2_d1d2,23.388,1733,1541,192,0,1472,0,16,0,5,300.030
io4_l1n1p1_l3n1p4,27.672,2011,1878,128,5,1900,8,0,0,20,300.030
io4_l1n1p1_l3n1p4_d1d2,34.388,2220,2087,128,5,1893,4,16,0,20,300.030
io4_l1n1p1_l3p1n1,46.217,5024,4896,128,0,5782,8,0,0,40,300.030
io4_l1n1p1_l3p1n1_d1d2,52.958,5322,5194,128,0,5900,20,0,0,40,300.030
io4_l1n1p1_l3p2n1,48.207,6104,5976,128,0,7655,8,0,0,40,300.030
io4_l1n1p1_l3p2n1_d1d2,82.486,10211,10083,128,0,11031,20,0,0,80,300.030
io4_l1n1p1_l3p4n1,46.989,6312,6184,128,0,7774,8,0,0,40,300.030
io4_l1n1p1_l3p4n1_d1d2,114.668,17904,17776,128,0,19676,20,0,0,114,300.030
io4_l1n1p2_l3n1n1,13.920,1161,969,192,0,1361,4,0,0,5,300.030
io4_l1n1p2_l3n1n1_d1d2,18.793,1424,1232,192,0,1519,0,16,0,5,300.030
io4_l1n1p2_l3n1n2,13.881,1257,1065,192,0,1408,4,0,0,5,300.030
io4_l1n1p2_l3n1n2_d1d2,18.112,1506,1314,192,0,1527,0,16,0,5,300.030
io4_l1n1p2_l3n1n4,25.067,2118,1926,192,0,2270,4,0,0,20,300.030
io4_l1n1p2_l3n1n4_d1d2,30.143,2382,2190,192,0,2332,0,16,0,20,300.030
io4_l1n1p2_l3n1p1,15.873,1237,1045,192,0,1246,4,0,0,5,300.030
io4_l1n1p2_l3n1p1_d1d2,21.158,1499,1307,192,0,1403,0,16,0,5,300.030
io4_l1n1p2_l3n1p2,17.385,1363,1171,192,0,1276,4,0,0,5,300.030
io4_l1n1p2_l3n1p2_d1d2,22.665,1765,1573,192,0,1534,0,16,0,5,300.030
io4_l1n1p2_l3n1p4,27.600,2070,1937,128,5,2025,8,0,0,20,300.030
io4_l1n1p2_l3n1p4_d1d2,33.611,2330,2197,128,5,2023,4,16,0,20,300.030
io4_l1n1p2_l3p1n1,46.242,5073,4945,128,0,5846,8,0,0,40,300.030
io4_l1n1p2_l3p1n1_d1d2,54.036,5360,5232,128,0,5988,20,0,0,40,300.030
io4_l1n1p2_l3p2n1,50.045,6090,5962,128,0,7710,8,0,0,40,300.030
io4_l1n1p2_l3p2n1_d1d2,82.022,9923,9795,128,0,11087,20,0,0,80,300.030
io4_l1n1p2_l3p4n1,49.208,6457,6329,128,0,7777,8,0,0,40,300.030
io4_l1n1p2_l3p4n1_d1d2,117.154,18151,18023,128,0,19733,20,0,0,114,300.030
io4_l1n1p4_l3n1n1,14.791,1228,1036,192,0,1570,4,0,0,5,300.030
io4_l1n1p4_l3n1n1_d1d2,18.841,1426,1234,192,0,1663,0,16,0,5,300.030
io4_l1n1p4_l3n1n2,14.275,1303,1111,192,0,1605,4,0,0,5,300.030
io4_l1n1p4_l3n1n2_d1d2,17.333,1518,1326,192,0,1660,0,16,0,5,300.030
io4_l1n1p4_l3n1n4,25.357,2179,1987,192,0,2202,4,0,0,20,300.030
io4_l1n1p4_l3n1n4_d1d2,28.821,2373,2181,192,0,2476,0,16,0,20,300.030
io4_l1n1p4_l3n1p1,16.505,1237,1045,192,0,1443,4,0,0,5,300.030
io4_l1n1p4_l3n1p1_d1d2,20.809,1500,1308,192,0,1534,0,16,0,5,300.030
io4_l1n1p4_l3n1p2,18.056,1357,1165,192,0,1474,4,0,0,5,300.030
io4_l1n1p4_l3n1p2_d1d2,23.024,1805,1613,192,0,1858,0,16,0,5,300.030
io4_l1n1p4_l3n1p4,27.740,2074,1941,128,5,1964,8,0,0,20,300.030
io4_l1n1p4_l3n1p4_d1d2,33.010,2328,2195,128,5,2217,4,16,0,20,300.030
io4_l1n1p4_l3p1n1,45.582,4880,4752,128,0,5846,8,0,0,40,300.030
io4_l1n1p4_l3p1n1_d1d2,52.980,5368,5240,128,0,5986,20,0,0,40,300.030
io4_l1n1p4_l3p2n1,48.512,6138,6010,128,0,7729,8,0,0,40,300.030
io4_l1n1p4_l3p2n1_d1d2,81.892,9870,9742,128,0,11224,20,0,0,80,300.030
io4_l1n1p4_l3p4n1,49.058,6177,6049,128,0,7845,8,0,0,40,300.030
io4_l1n1p4_l3p4n1_d1d2,117.098,17782,17654,128,0,19883,20,0,0,114,300.030
io4_l1p1n1_l3n1n1,36.433,3058,2802,256,0,5044,4,0,0,26,300.030
io4_l1p1n1_l3n1n1_d1d2,42.035,3855,3599,256,0,5641,16,0,0,26,300.030
io4_l1p1n1_l3n1n2,35.409,3132,2876,256,0,5081,4,0,0,26,300.030
io4_l1p1n1_l3n1n2_d1d2,42.468,3990,3734,256,0,5647,16,0,0,26,300.030
io4_l1p1n1_l3n1n4,41.144,3804,3548,256,0,5621,4,0,0,32,300.030
io4_l1p1n1_l3n1n4_d1d2,48.407,4697,4441,256,0,6283,16,0,0,32,300.030
io4_l1p1n1_l3n1p1,38.214,3156,2900,256,0,4925,4,0,0,26,300.030
io4_l1p1n1_l3n1p1_d1d2,45.444,3953,3697,256,0,5527,16,0,0,26,300.030
io4_l1p1n1_l3n1p2,38.816,3315,3059,256,0,4956,4,0,0,26,300.030
io4_l1p1n1_l3n1p2_d1d2,47.101,4226,3970,256,0,5595,16,0,0,26,300.030
io4_l1p1n1_l3n1p4,43.366,3750,3553,192,5,5350,8,0,0,32,300.030
io4_l1p1n1_l3n1p4_d1d2,51.466,4697,4500,192,5,5994,20,0,0,32,300.030
io4_l1p1n1_l3p1n1,51.960,6472,6280,192,0,8397,8,0,0,40,300.030
io4_l1p1n1_l3p1n1_d1d2,60.233,7578,7386,192,0,9429,20,0,0,40,300.030
io4_l1p1n1_l3p2n1,53.965,7628,7436,192,0,10144,8,0,0,40,300.030
io4_l1p1n1_l3p2n1_d1d2,87.367,12052,11860,192,0,14836,16,0,0,80,300.030
io4_l1p1n1_l3p4n1,55.772,7803,7611,192,0,10618,8,0,0,40,300.030
io4_l1p1n1_l3p4n1_d1d2,122.149,19907,19715,192,0,22750,20,0,0,114,300.030
io4_l1p2n1_l3n1n1,38.346,4273,4017,256,0,5277,4,0,0,26,300.030
io4_l1p2n1_l3n1n1_d1d2,45.743,5775,5519,256,0,7703,8,8,0,26,300.030
io4_l1p2n1_l3n1n2,43.486,5298,5042,256,0,5632,4,0,0,26,300.030
io4_l1p2n1_l3n1n2_d1d2,43.763,5671,5415,256,0,7137,8,8,0,26,300.030
io4_l1p2n1_l3n1n4,43.299,5020,4764,256,0,5846,4,0,0,32,300.030
io4_l1p2n1_l3n1n4_d1d2,51.012,6465,6209,256,0,7725,8,8,0,32,300.030
io4_l1p2n1_l3n1p1,39.790,4205,3949,256,0,5036,4,0,0,26,300.030
io4_l1p2n1_l3n1p1_d1d2,46.335,5821,5565,256,0,7022,6,8,0,26,300.030
io4_l1p2n1_l3n1p2,40.179,4285,4029,256,0,5042,4,0,0,26,300.030
io4_l1p2n1_l3n1p2_d1d2,52.414,6381,6125,256,0,7843,8,8,0,26,300.030
io4_l1p2n1_l3n1p4,44.094,4839,4642,192,5,5434,8,0,0,32,300.030
io4_l1p2n1_l3n1p4_d1d2,53.025,6440,6243,192,5,8090,12,8,0,32,300.030
io4_l1p2n1_l3p1n1,52.842,7430,7238,192,0,8787,8,0,0,40,300.030
io4_l1p2n1_l3p1n1_d1d2,64.361,9649,9457,192,0,11684,20,0,0,40,300.030
io4_l1p2n1_l3p2n1,55.163,8569,8377,192,0,10484,8,0,0,40,300.030
io4_l1p2n1_l3p2n1_d1d2,90.076,14117,13925,192,0,15677,20,0,0,80,300.030
io4_l1p2n1_l3p4n1,56.450,9093,8901,192,0,10579,8,0,0,40,300.030
io4_l1p2n1_l3p4n1_d1d2,126.492,21789,21597,192,0,23676,20,0,0,114,300.030
io4_l1p4n1_l3n1n1,65.555,12636,10008,256,2372,23184,4,0,0,40,300.030
io4_l1p4n1_l3n1n1_d1d2,155.648,26655,20955,256,5444,33700,16,0,0,160,300.030
io4_l1p4n1_l3n1n2,64.287,12708,10080,256,2372,23256,4,0,0,40,300.030
io4_l1p4n1_l3n1n2_d1d2,152.709,25496,19796,256,5444,33742,16,0,0,160,300.030
io4_l1p4n1_l3n1n4,91.105,12699,10071,256,2372,23293,4,0,0,40,300.030
io4_l1p4n1_l3n1n4_d1d2,179.642,26042,20342,256,5444,34058,16,0,0,160,300.030
io4_l1p4n1_l3n1p1,71.713,12672,10044,256,2372,23198,4,0,0,40,300.030
io4_l1p4n1_l3n1p1_d1d2,159.816,26445,20745,256,5444,33793,16,0,0,160,300.030
io4_l1p4n1_l3n1p2,80.870,12499,9871,256,2372,23303,4,0,0,40,300.030
io4_l1p4n1_l3n1p2_d1d2,170.467,25518,19818,256,5444,33747,16,0,0,160,300.030
io4_l1p4n1_l3n1p4,132.998,12898,10329,192,2377,23395,8,0,0,40,300.030
io4_l1p4n1_l3n1p4_d1d2,230.896,25555,19914,192,5449,33943,20,0,0,160,300.030
io4_l1p4n1_l3p1n1,148.450,13794,11230,192,2372,24424,8,0,0,40,300.030
io4_l1p4n1_l3p1n1_d1d2,255.663,28399,22763,192,5444,35682,20,0,0,160,300.030
io4_l1p4n1_l3p2n1,155.905,14656,12092,192,2372,25305,8,0,0,40,300.030
io4_l1p4n1_l3p2n1_d1d2,265.816,30670,25034,192,5444,36511,20,0,0,160,300.030
io4_l1p4n1_l3p4n1,157.611,15064,12486,192,2386,25637,8,0,0,40,300.030
io4_l1p4n1_l3p4n1_d1d2,301.159,35273,29637,192,5444,38077,20,0,0,160,300.030
io8_l1n1n1_l3n1n1,15.951,1518,1134,384,0,1901,0,8,0,5,300.030
io8_l1n1n1_l3n1n1_d1d2,38.388,2727,2343,384,0,2817,0,64,0,5,300.030
io8_l1n1n1_l3n1n2,14.987,1584,1200,384,0,1970,0,8,0,5,300.030
io8_l1n1n1_l3n1n2_d1d2,34.186,2807,2423,384,0,2888,0,64,0,5,300.030
io8_l1n1n1_l3n1n4,16.049,1736,1352,384,0,1997,0,8,0,5,300.030
io8_l1n1n1_l3n1n4_d1d2,34.266,2887,2503,384,0,2859,0,64,0,5,300.030
io8_l1n1n1_l3n1n8,37.804,3761,3377,384,0,3954,0,8,0,40,300.030
io8_l1n1n1_l3n1n8_d1d2,58.957,4998,4614,384,0,4675,0,64,0,40,300.030
io8_l1n1n1_l3n1p1,17.695,1771,1387,384,0,1735,0,8,0,5,300.030
io8_l1n1n1_l3n1p1_d1d2,38.743,2869,2485,384,0,1806,0,64,0,5,300.030
io8_l1n1n1_l3n1p2,18.408,1913,1529,384,0,1827,0,8,0,5,300.030
io8_l1n1n1_l3n1p2_d1d2,39.169,3036,2652,384,0,1912,0,64,0,5,300.030
io8_l1n1n1_l3n1p4,18.885,2025,1641,384,0,1835,0,8,0,5,300.030
io8_l1n1n1_l3n1p4_d1d2,39.977,3282,2898,384,0,2814,0,64,0,5,300.030
io8_l1n1n1_l3n1p8,41.329,3724,3464,256,4,3466,8,8,0,40,300.030
io8_l1n1n1_l3n1p8_d1d2,61.960,4845,4585,256,4,4169,8,64,0,40,300.030
io8_l1n1n1_l3p1n1,49.167,6225,5969,256,0,7310,16,0,0,40,300.030
io8_l1n1n1_l3p1n1_d1d2,78.404,8122,7866,256,0,7387,72,0,0,40,300.030
io8_l1n1n1_l3p2n1,73.476,9044,8788,256,0,10002,16,0,0,80,300.030
io8_l1n1n1_l3p2n1_d1d2,136.975,16054,15798,256,0,18074,72,0,0,126,300.030
io8_l1n1n1_l3p4n1,95.378,16398,16142,256,0,18121,16,0,0,112,300.030
io8_l1n1n1_l3p4n1_d1d2,148.614,20671,20415,256,0,22040,72,0,0,126,300.030
io8_l1n1n1_l3p8n1,102.688,19220,18964,256,0,20805,16,0,0,112,300.030
io8_l1n1n1_l3p8n1_d1d2,164.361,28241,27985,256,0,33257,72,0,0,126,300.030
io8_l1n1n2_l3n1n1,15.517,1569,1185,384,0,2008,0,8,0,5,300.030
io8_l1n1n2_l3n1n1_d1d2,34.437,2774,2390,384,0,2932,0,64,0,5,300.030
io8_l1n1n2_l3n1n2,14.668,1631,1247,384,0,2469,0,8,0,5,300.030
io8_l1n1n2_l3n1n2_d1d2,32.006,2834,2450,384,0,3002,0,64,0,5,300.030
io8_l1n1n2_l3n1n4,15.243,1822,1438,384,0,2436,0,8,0,5,300.030
io8_l1n1n2_l3n1n4_d1d2,31.573,2914,2530,384,0,2971,0,64,0,5,300.030
io8_l1n1n2_l3n1n8,36.550,3841,3457,384,0,4256,0,8,0,40,300.030
io8_l1n1n2_l3n1n8_d1d2,54.405,5034,4650,384,0,4784,0,64,0,40,300.030
io8_l1n1n2_l3n1p1,17.168,1764,1380,384,0,1844,0,8,0,5,300.030
io8_l1n1n2_l3n1p1_d1d2,36.756,2859,2475,384,0,1914,0,64,0,5,300.030
io8_l1n1n2_l3n1p2,16.150,1821,1437,384,0,1868,0,8,0,5,300.030
io8_l1n1n2_l3n1p2_d1d2,36.247,3069,2685,384,0,2023,0,64,0,5,300.030
io8_l1n1n2_l3n1p4,18.856,2031,1647,384,0,2279,0,8,0,5,300.030
io8_l1n1n2_l3n1p4_d1d2,37.749,3330,2946,384,0,2927,0,64,0,5,300.030
io8_l1n1n2_l3n1p8,39.413,3771,3511,256,4,3569,8,8,0,40,300.030
io8_l1n1n2_l3n1p8_d1d2,57.728,5004,4744,256,4,3643,8,64,0,40,300.030
io8_l1n1n2_l3p1n1,46.071,6182,5926,256,0,7420,16,0,0,40,300.030
io8_l1n1n2_l3p1n1_d1d2,74.264,7961,7705,256,0,7436,72,0,0,40,300.030
io8_l1n1n2_l3p2n1,71.922,9284,9028,256,0,10101,16,0,0,80,300.030
io8_l1n1n2_l3p2n1_d1d2,133.877,16604,16348,256,0,18154,72,0,0,126,300.030
io8_l1n1n2_l3p4n1,95.393,16309,16053,256,0,18465,16,0,0,112,300.030
io8_l1n1n2_l3p4n1_d1d2,141.648,20849,20593,256,0,21852,72,0,0,126,300.030
io8_l1n1n2_l3p8n1,102.712,19287,19031,256,0,21150,16,0,0,112,300.030
io8_l1n1n2_l3p8n1_d1d2,162.713,28440,28184,256,0,33361,72,0,0,126,300.030
io8_l1n1n4_l3n1n1,22.288,1842,1458,384,0,2380,0,8,0,14,300.030
io8_l1n1n4_l3n1n1_d1d2,41.761,3030,2646,384,0,3234,0,64,0,14,300.030
io8_l1n1n4_l3n1n2,22.612,1936,1552,384,0,2774,0,8,0,14,300.030
io8_l1n1n4_l3n1n2_d1d2,38.839,3089,2705,384,0,3304,0,64,0,14,300.030
io8_l1n1n4_l3n1n4,23.483,2047,1663,384,0,2736,0,8,0,14,300.030
io8_l1n1n4_l3n1n4_d1d2,37.498,3190,2806,384,0,3275,0,64,0,14,300.030
io8_l1n1n4_l3n1n8,42.304,4007,3623,384,0,4372,0,8,0,40,300.030
io8_l1n1n4_l3n1n8_d1d2,59.849,5221,4837,384,0,4896,0,64,0,40,300.030
io8_l1n1n4_l3n1p1,25.245,1943,1559,384,0,2147,0,8,0,14,300.030
io8_l1n1n4_l3n1p1_d1d2,46.484,3143,2759,384,0,2997,0,64,0,14,300.030
io8_l1n1n4_l3n1p2,26.928,2147,1763,384,0,2246,0,8,0,14,300.030
io8_l1n1n4_l3n1p2_d1d2,45.623,3349,2965,384,0,2328,0,64,0,14,300.030
io8_l1n1n4_l3n1p4,27.681,2255,1871,384,0,2570,0,8,0,14,300.030
io8_l1n1n4_l3n1p4_d1d2,45.585,3562,3178,384,0,3364,0,64,0,14,300.030
io8_l1n1n4_l3n1p8,44.335,3925,3665,256,4,3753,8,8,0,40,300.030
io8_l1n1n4_l3n1p8_d1d2,63.221,5181,4921,256,4,4399,8,64,0,40,300.030
io8_l1n1n4_l3p1n1,52.400,6302,6046,256,0,7623,16,0,0,40,300.030
io8_l1n1n4_l3p1n1_d1d2,78.470,8061,7805,256,0,7600,72,0,0,40,300.030
io8_l1n1n4_l3p2n1,77.462,9227,8971,256,0,10283,16,0,0,80,300.030
io8_l1n1n4_l3p2n1_d1d2,140.448,16952,16696,256,0,18510,72,0,0,126,300.030
io8_l1n1n4_l3p4n1,100.087,16327,16071,256,0,18410,16,0,0,112,300.030
io8_l1n1n4_l3p4n1_d1d2,147.850,21503,21247,256,0,22390,72,0,0,126,300.030
io8_l1n1n4_l3p8n1,107.706,19622,19366,256,0,21063,16,0,0,112,300.030
io8_l1n1n4_l3p8n1_d1d2,163.529,28698,28442,256,0,33528,72,0,0,126,300.030
io8_l1n1n8_l3n1n1,24.274,1967,1583,384,0,2666,0,8,0,14,300.030
io8_l1n1n8_l3n1n1_d1d2,43.295,3199,2815,384,0,3484,0,64,0,17,300.030
io8_l1n1n8_l3n1n2,22.818,2006,1622,384,0,2932,0,8,0,14,300.030
io8_l1n1n8_l3n1n2_d1d2,40.872,3254,2870,384,0,3554,0,64,0,17,300.030
io8_l1n1n8_l3n1n4,23.502,2152,1768,384,0,2886,0,8,0,14,300.030
io8_l1n1n8_l3n1n4_d1d2,39.755,3384,3000,384,0,3519,0,64,0,17,300.030
io8_l1n1n8_l3n1n8,40.437,3985,3601,384,0,4020,0,8,0,40,300.030
io8_l1n1n8_l3n1n8_d1d2,58.281,5256,4872,384,0,5087,0,64,0,40,300.030
io8_l1n1n8_l3n1p1,26.947,2081,1697,384,0,2435,0,8,0,14,300.030
io8_l1n1n8_l3n1p1_d1d2,47.968,3285,2901,384,0,2606,0,64,0,17,300.030
io8_l1n1n8_l3n1p2,26.888,2127,1743,384,0,2526,0,8,0,14,300.030
io8_l1n1n8_l3n1p2_d1d2,47.247,3502,3118,384,0,2706,0,64,0,17,300.030
io8_l1n1n8_l3n1p4,27.713,2264,1880,384,0,2595,0,8,0,14,300.030
io8_l1n1n8_l3n1p4_d1d2,47.720,3723,3339,384,0,3345,0,64,0,17,300.030
io8_l1n1n8_l3n1p8,43.579,3934,3674,256,4,3522,8,8,0,40,300.030
io8_l1n1n8_l3n1p8_d1d2,61.296,5218,4958,256,4,4091,8,64,0,40,300.030
io8_l1n1n8_l3p1n1,53.506,6452,6196,256,0,7646,16,0,0,40,300.030
io8_l1n1n8_l3p1n1_d1d2,79.757,8398,8142,256,0,7918,72,0,0,40,300.030
io8_l1n1n8_l3p2n1,78.374,9287,9031,256,0,10325,16,0,0,80,300.030
io8_l1n1n8_l3p2n1_d1d2,139.532,16772,16516,256,0,18591,72,0,0,126,300.030
io8_l1n1n8_l3p4n1,101.782,16641,16385,256,0,18371,16,0,0,112,300.030
io8_l1n1n8_l3p4n1_d1d2,150.946,21101,20845,256,0,22345,72,0,0,126,300.030
io8_l1n1n8_l3p8n1,108.391,19875,19619,256,0,21098,16,0,0,112,300.030
io8_l1n1n8_l3p8n1_d1d2,166.767,28697,28441,256,0,33839,72,0,0,126,300.030
io8_l1n1p1_l3n1n1,18.541,1959,1575,384,0,2069,0,8,0,5,300.030
io8_l1n1p1_l3n1n1_d1d2,40.755,2833,2449,384,0,2081,0,64,0,5,300.030
io8_l1n1p1_l3n1n2,17.568,1925,1541,384,0,2072,0,8,0,5,300.030
io8_l1n1p1_l3n1n2_d1d2,37.549,2906,2522,384,0,2154,0,64,0,5,300.030
io8_l1n1p1_l3n1n4,16.974,1822,1438,384,0,2030,0,8,0,5,300.030
io8_l1n1p1_l3n1n4_d1d2,36.579,2990,2606,384,0,2117,0,64,0,5,300.030
io8_l1n1p1_l3n1n8,41.770,3851,3467,384,0,3987,0,8,0,40,300.030
io8_l1n1p1_l3n1n8_d1d2,69.211,5102,4718,384,0,4710,0,64,0,40,300.030
io8_l1n1p1_l3n1p1,20.152,1743,1359,384,0,1702,0,8,0,5,300.030
io8_l1n1p1_l3n1p1_d1d2,46.617,2962,2578,384,0,1841,0,64,0,5,300.030
io8_l1n1p1_l3n1p2,21.203,1887,1503,384,0,1795,0,8,0,5,300.030
io8_l1n1p1_l3n1p2_d1d2,47.853,3124,2740,384,0,1945,0,64,0,5,300.030
io8_l1n1p1_l3n1p4,23.295,2045,1661,384,0,1877,0,8,0,5,300.030
io8_l1n1p1_l3n1p4_d1d2,49.189,3378,2994,384,0,2016,0,64,0,5,300.030
io8_l1n1p1_l3n1p8,45.095,3672,3412,256,4,3492,8,8,0,40,300.030
io8_l1n1p1_l3n1p8_d1d2,73.938,4925,4665,256,4,3564,8,64,0,40,300.030
io8_l1n1p1_l3p1n1,53.398,6268,6012,256,0,7364,16,0,0,40,300.030
io8_l1n1p1_l3p1n1_d1d2,90.790,8394,8138,256,0,7422,72,0,0,40,300.030
io8_l1n1p1_l3p2n1,79.783,9226,8970,256,0,10073,16,0,0,80,300.030
io8_l1n1p1_l3p2n1_d1d2,153.313,16534,16278,256,0,18062,72,0,0,126,300.030
io8_l1n1p1_l3p4n1,103.574,16463,16207,256,0,18104,16,0,0,112,300.030
io8_l1n1p1_l3p4n1_d1d2,161.411,20727,20471,256,0,21888,72,0,0,126,300.030
io8_l1n1p1_l3p8n1,108.152,19599,19343,256,0,20926,16,0,0,112,300.030
io8_l1n1p1_l3p8n1_d1d2,175.120,28358,28102,256,0,33372,72,0,0,126,300.030
io8_l1n1p2_l3n1n1,17.755,1744,1360,384,0,2130,0,8,0,5,300.030
io8_l1n1p2_l3n1n1_d1d2,39.397,3238,2854,384,0,3241,0,64,0,5,300.030
io8_l1n1p2_l3n1n2,17.739,1916,1524,392,0,2231,0,8,0,5,300.030
io8_l1n1p2_l3n1n2_d1d2,34.215,3071,2687,384,0,2341,0,64,0,5,300.030
io8_l1n1p2_l3n1n4,16.330,1922,1538,384,0,2226,0,8,0,5,300.030
io8_l1n1p2_l3n1n4_d1d2,34.053,3184,2800,384,0,2309,0,64,0,5,300.030
io8_l1n1p2_l3n1n8,42.355,4033,3641,392,0,4218,0,8,0,40,300.030
io8_l1n1p2_l3n1n8_d1d2,64.047,5550,5166,384,0,5095,0,64,0,40,300.030
io8_l1n1p2_l3n1p1,19.440,1821,1437,384,0,1898,0,8,0,5,300.030
io8_l1n1p2_l3n1p1_d1d2,43.469,3130,2746,384,0,2034,0,64,0,5,300.030
io8_l1n1p2_l3n1p2,21.155,1945,1561,384,0,1959,0,8,0,5,300.030
io8_l1n1p2_l3n1p2_d1d2,44.277,3255,2871,384,0,2107,0,64,0,5,300.030
io8_l1n1p2_l3n1p4,22.678,2091,1707,384,0,2028,0,8,0,5,300.030
io8_l1n1p2_l3n1p4_d1d2,44.431,3466,3082,384,0,2178,0,64,0,5,300.030
io8_l1n1p2_l3n1p8,45.384,4007,3747,256,4,3726,8,8,0,40,300.030
io8_l1n1p2_l3n1p8_d1d2,69.235,5320,5060,256,4,4608,8,64,0,40,300.030
io8_l1n1p2_l3p1n1,55.268,6343,6087,256,0,7534,16,0,0,40,300.030
io8_l1n1p2_l3p1n1_d1d2,86.356,8446,8190,256,0,7449,72,0,0,40,300.030
io8_l1n1p2_l3p2n1,79.254,9298,9042,256,0,10195,16,0,0,80,300.030
io8_l1n1p2_l3p2n1_d1d2,145.809,16781,16525,256,0,18244,72,0,0,126,300.030
io8_l1n1p2_l3p4n1,104.926,16345,16089,256,0,18300,16,0,0,112,300.030
io8_l1n1p2_l3p4n1_d1d2,155.617,22128,21872,256,0,21917,72,0,0,126,300.030
io8_l1n1p2_l3p8n1,110.673,19543,19287,256,0,21007,16,0,0,112,300.030
io8_l1n1p2_l3p8n1_d1d2,174.789,28827,28571,256,0,33380,72,0,0,126,300.030
io8_l1n1p4_l3n1n1,17.656,1869,1485,384,0,2232,0,8,0,5,300.030
io8_l1n1p4_l3n1n1_d1d2,35.873,3162,2778,384,0,2469,0,64,0,5,300.030
io8_l1n1p4_l3n1n2,17.269,1932,1548,384,0,2625,0,8,0,5,300.030
io8_l1n1p4_l3n1n2_d1d2,32.929,3248,2864,384,0,2538,0,64,0,5,300.030
io8_l1n1p4_l3n1n4,17.259,1989,1605,384,0,2327,0,8,0,5,300.030
io8_l1n1p4_l3n1n4_d1d2,32.439,3354,2970,384,0,2507,0,64,0,5,300.030
io8_l1n1p4_l3n1n8,40.851,4108,3724,384,0,4282,0,8,0,40,300.030
io8_l1n1p4_l3n1n8_d1d2,59.922,5467,5083,384,0,5073,0,64,0,40,300.030
io8_l1n1p4_l3n1p1,20.262,1948,1564,384,0,1997,0,8,0,5,300.030
io8_l1n1p4_l3n1p1_d1d2,41.976,3232,2848,384,0,2228,0,64,0,5,300.030
io8_l1n1p4_l3n1p2,20.600,2069,1685,384,0,2060,0,8,0,5,300.030
io8_l1n1p4_l3n1p2_d1d2,41.812,3433,3049,384,0,2300,0,64,0,5,300.030
io8_l1n1p4_l3n1p4,21.486,2150,1766,384,0,2063,0,8,0,5,300.030
io8_l1n1p4_l3n1p4_d1d2,41.012,3610,3226,384,0,2465,0,64,0,5,300.030
io8_l1n1p4_l3n1p8,44.811,4103,3843,256,4,3791,8,8,0,40,300.030
io8_l1n1p4_l3n1p8_d1d2,64.363,5238,4978,256,4,4573,8,64,0,40,300.030
io8_l1n1p4_l3p1n1,52.677,6405,6149,256,0,7556,16,0,0,40,300.030
io8_l1n1p4_l3p1n1_d1d2,81.484,8451,8195,256,0,7549,72,0,0,40,300.030
io8_l1n1p4_l3p2n1,78.561,9399,9143,256,0,10249,16,0,0,80,300.030
io8_l1n1p4_l3p2n1_d1d2,141.694,16989,16733,256,0,18240,72,0,0,126,300.030
io8_l1n1p4_l3p4n1,104.164,16815,16559,256,0,18621,16,0,0,112,300.030
io8_l1n1p4_l3p4n1_d1d2,152.420,22567,22311,256,0,22024,72,0,0,126,300.030
io8_l1n1p4_l3p8n1,109.052,19621,19365,256,0,21021,16,0,0,112,300.030
io8_l1n1p4_l3p8n1_d1d2,172.394,28600,28344,256,0,33532,72,0,0,126,300.030
io8_l1n1p8_l3n1n1,18.324,1898,1514,384,0,2604,0,8,0,5,300.030
io8_l1n1p8_l3n1n1_d1d2,35.406,3077,2693,384,0,2683,0,64,0,5,300.030
io8_l1n1p8_l3n1n2,16.888,1958,1574,384,0,2869,0,8,0,5,300.030
io8_l1n1p8_l3n1n2_d1d2,32.748,3131,2747,384,0,2751,0,64,0,5,300.030
io8_l1n1p8_l3n1n4,17.690,2061,1677,384,0,2696,0,8,0,5,300.030
io8_l1n1p8_l3n1n4_d1d2,31.023,3266,2882,384,0,2711,0,64,0,5,300.030
io8_l1n1p8_l3n1n8,41.182,4113,3721,392,0,4150,0,8,0,40,300.030
io8_l1n1p8_l3n1n8_d1d2,58.617,5344,4960,384,0,5186,0,64,0,40,300.030
io8_l1n1p8_l3n1p1,20.920,1890,1506,384,0,2369,0,8,0,5,300.030
io8_l1n1p8_l3n1p1_d1d2,41.783,3144,2760,384,0,2442,0,64,0,5,300.030
io8_l1n1p8_l3n1p2,21.901,2027,1643,384,0,2432,0,8,0,5,300.030
io8_l1n1p8_l3n1p2_d1d2,40.373,3306,2922,384,0,2521,0,64,0,5,300.030
io8_l1n1p8_l3n1p4,21.849,2143,1759,384,0,2435,0,8,0,5,300.030
io8_l1n1p8_l3n1p4_d1d2,40.208,3539,3155,384,0,2514,0,64,0,5,300.030
io8_l1n1p8_l3n1p8,44.880,4130,3870,256,4,3654,8,8,0,40,300.030
io8_l1n1p8_l3n1p8_d1d2,62.220,5119,4859,256,4,4688,8,64,0,40,300.030
io8_l1n1p8_l3p1n1,54.004,6403,6147,256,0,7668,16,0,0,40,300.030
io8_l1n1p8_l3p1n1_d1d2,79.860,8273,8017,256,0,7926,72,0,0,40,300.030
io8_l1n1p8_l3p2n1,78.723,9347,9091,256,0,10398,16,0,0,80,300.030
io8_l1n1p8_l3p2n1_d1d2,140.808,16929,16673,256,0,18581,72,0,0,126,300.030
io8_l1n1p8_l3p4n1,104.846,16682,16426,256,0,18467,16,0,0,112,300.030
io8_l1n1p8_l3p4n1_d1d2,151.179,21454,21198,256,0,22278,72,0,0,126,300.030
io8_l1n1p8_l3p8n1,108.141,19284,19028,256,0,21054,16,0,0,112,300.030
io8_l1n1p8_l3p8n1_d1d2,166.499,28866,28610,256,0,33835,72,0,0,126,300.030
io8_l1p1n1_l3n1n1,54.507,4037,3511,526,0,6087,8,0,0,50,300.030
io8_l1p1n1_l3n1n1_d1d2,84.603,6696,6178,518,0,7848,64,0,0,50,300.030
io8_l1p1n1_l3n1n2,56.032,4347,3821,526,0,6637,8,0,0,50,300.030
io8_l1p1n1_l3n1n2_d1d2,80.961,6657,6139,518,0,7927,64,0,0,50,300.030
io8_l1p1n1_l3n1n4,57.405,4189,3671,518,0,6339,8,0,0,50,300.030
io8_l1p1n1_l3n1n4_d1d2,81.692,6813,6301,512,0,7473,64,0,0,50,300.030
io8_l1p1n1_l3n1n8,65.131,5960,5442,518,0,7675,8,0,0,64,300.030
io8_l1p1n1_l3n1n8_d1d2,94.978,8431,7913,518,0,9108,64,0,0,64,300.030
io8_l1p1n1_l3n1p1,58.722,4093,3567,526,0,5862,8,0,0,50,300.030
io8_l1p1n1_l3n1p1_d1d2,90.076,6809,6283,526,0,7592,64,0,0,50,300.030
io8_l1p1n1_l3n1p2,60.984,4488,3962,526,0,6218,8,0,0,50,300.030
io8_l1p1n1_l3n1p2_d1d2,90.530,7242,6716,526,0,7858,64,0,0,50,300.030
io8_l1p1n1_l3n1p4,59.766,4393,3867,526,0,6023,8,0,0,50,300.030
io8_l1p1n1_l3n1p4_d1d2,88.994,7220,6694,526,0,7433,64,0,0,50,300.030
io8_l1p1n1_l3n1p8,68.602,6002,5614,384,4,7273,16,0,0,64,300.030
io8_l1p1n1_l3n1p8_d1d2,97.510,8279,7891,384,4,8449,72,0,0,64,300.030
io8_l1p1n1_l3p1n1,75.966,8433,8045,388,0,11057,16,0,0,64,300.030
io8_l1p1n1_l3p1n1_d1d2,105.919,12272,11888,384,0,12539,72,0,0,64,300.030
io8_l1p1n1_l3p2n1,84.540,10785,10401,384,0,12953,16,0,0,80,300.030
io8_l1p1n1_l3p2n1_d1d2,150.517,20953,20569,384,0,21963,72,0,0,126,300.030
io8_l1p1n1_l3p4n1,107.968,18467,18083,384,0,21154,16,0,0,112,300.030
io8_l1p1n1_l3p4n1_d1d2,160.035,25404,25020,384,0,25652,72,0,0,126,300.030
io8_l1p1n1_l3p8n1,114.206,22460,22076,384,0,23683,16,0,0,112,300.030
io8_l1p1n1_l3p8n1_d1d2,172.644,32330,31946,384,0,37115,72,0,0,126,300.030
io8_l1p2n1_l3n1n1,61.813,6865,6347,518,0,8891,8,0,0,50,300.030
io8_l1p2n1_l3n1n1_d1d2,41.671,6101,5589,512,0,9229,0,64,0,5,300.030
io8_l1p2n1_l3n1n2,63.401,7128,6612,516,0,9534,8,0,0,50,300.030
io8_l1p2n1_l3n1n2_d1d2,37.930,6432,5920,512,0,9375,0,64,0,5,300.030
io8_l1p2n1_l3n1n4,59.959,6855,6343,512,0,9384,8,0,0,50,300.030
io8_l1p2n1_l3n1n4_d1d2,39.045,6842,6330,512,0,9347,0,64,0,5,300.030
io8_l1p2n1_l3n1n8,72.861,8460,7948,512,0,10625,8,0,0,64,300.030
io8_l1p2n1_l3n1n8_d1d2,61.348,8399,7887,512,0,11247,0,64,0,40,300.030
io8_l1p2n1_l3n1p1,62.674,6781,6269,512,0,8474,8,0,0,50,300.030
io8_l1p2n1_l3n1p1_d1d2,46.353,6247,5735,512,0,8967,0,64,0,5,300.030
io8_l1p2n1_l3n1p2,66.973,7015,6503,512,0,8540,8,0,0,50,300.030
io8_l1p2n1_l3n1p2_d1d2,44.649,6903,6391,512,0,9084,0,64,0,5,300.030
io8_l1p2n1_l3n1p4,66.645,7011,6499,512,0,8538,8,0,0,50,300.030
io8_l1p2n1_l3n1p4_d1d2,45.483,6925,6413,512,0,9616,0,64,0,5,300.030
io8_l1p2n1_l3n1p8,73.572,8373,7985,384,4,9669,16,0,0,64,300.030
io8_l1p2n1_l3n1p8_d1d2,65.763,8131,7743,384,4,10781,8,64,0,40,300.030
io8_l1p2n1_l3p1n1,78.276,10911,10521,390,0,11846,16,0,0,64,300.030
io8_l1p2n1_l3p1n1_d1d2,82.640,11846,11462,384,0,14601,72,0,0,40,300.030
io8_l1p2n1_l3p2n1,87.344,12463,12079,384,0,13666,16,0,0,80,300.030
io8_l1p2n1_l3p2n1_d1d2,138.400,20324,19940,384,0,25263,68,0,0,126,300.030
io8_l1p2n1_l3p4n1,109.775,20199,19815,384,0,21271,16,0,0,112,300.030
io8_l1p2n1_l3p4n1_d1d2,149.605,24329,23945,384,0,29098,72,0,0,126,300.030
io8_l1p2n1_l3p8n1,115.404,23414,23030,384,0,24164,16,0,0,112,300.030
io8_l1p2n1_l3p8n1_d1d2,185.390,37693,37309,384,0,40544,72,0,0,126,300.030
io8_l1p4n1_l3n1n1,41.518,5232,4720,512,0,6281,0,8,0,26,300.030
io8_l1p4n1_l3n1n1_d1d2,86.313,9092,8580,512,0,11310,16,48,0,50,300.030
io8_l1p4n1_l3n1n2,40.701,5342,4830,512,0,6593,0,8,0,26,300.030
io8_l1p4n1_l3n1n2_d1d2,79.154,8875,8363,512,0,10736,16,48,0,50,300.030
io8_l1p4n1_l3n1n4,40.999,5364,4852,512,0,6356,0,8,0,26,300.030
io8_l1p4n1_l3n1n4_d1d2,78.218,9076,8564,512,0,10621,16,48,0,50,300.030
io8_l1p4n1_l3n1n8,50.955,6979,6467,512,0,7391,0,8,0,40,300.030
io8_l1p4n1_l3n1n8_d1d2,91.747,10717,10197,520,0,11817,16,48,0,64,300.030
io8_l1p4n1_l3n1p1,47.194,5534,5022,512,0,6593,0,8,0,26,300.030
io8_l1p4n1_l3n1p1_d1d2,91.387,8978,8456,522,0,12833,16,48,0,50,300.030
io8_l1p4n1_l3n1p2,46.555,5547,5035,512,0,6391,0,8,0,26,300.030
io8_l1p4n1_l3n1p2_d1d2,90.661,9446,8934,512,0,10512,16,48,0,50,300.030
io8_l1p4n1_l3n1p4,45.890,5628,5116,512,0,6296,0,8,0,26,300.030
io8_l1p4n1_l3n1p4_d1d2,88.998,9273,8761,512,0,10564,16,48,0,50,300.030
io8_l1p4n1_l3n1p8,52.155,6744,6356,384,4,6892,8,8,0,40,300.030
io8_l1p4n1_l3n1p8_d1d2,91.867,10595,10207,384,4,11288,24,48,0,64,300.030
io8_l1p4n1_l3p1n1,81.371,10557,10157,400,0,11691,16,0,0,64,300.030
io8_l1p4n1_l3p1n1_d1d2,109.923,15250,14866,384,0,14874,72,0,0,64,300.030
io8_l1p4n1_l3p2n1,88.126,12663,12279,384,0,13917,16,0,0,80,300.030
io8_l1p4n1_l3p2n1_d1d2,152.464,22685,22301,384,0,24354,72,0,0,126,300.030
io8_l1p4n1_l3p4n1,112.565,20156,19772,384,0,21931,16,0,0,112,300.030
io8_l1p4n1_l3p4n1_d1d2,162.039,26579,26195,384,0,27338,72,0,0,126,300.030
io8_l1p4n1_l3p8n1,118.379,23536,23152,384,0,24645,16,0,0,112,300.030
io8_l1p4n1_l3p8n1_d1d2,176.183,33790,33406,384,0,38775,72,0,0,126,300.030
io8_l1p8n1_l3n1n1,108.398,22887,17636,512,4739,43658,8,0,0,80,300.030
io8_l1p8n1_l3n1n1_d1d2,528.729,87543,65649,512,21382,91273,64,0,0,640,300.030
io8_l1p8n1_l3n1n2,110.628,23499,18248,512,4739,43826,8,0,0,80,300.030
io8_l1p8n1_l3n1n2_d1d2,523.984,87378,65484,512,21382,91369,64,0,0,640,300.030
io8_l1p8n1_l3n1n4,109.165,23383,18132,512,4739,43999,8,0,0,80,300.030
io8_l1p8n1_l3n1n4_d1d2,523.453,87527,65633,512,21382,91405,64,0,0,640,300.030
io8_l1p8n1_l3n1n8,166.553,24137,18886,512,4739,43861,8,0,0,80,300.030
io8_l1p8n1_l3n1n8_d1d2,604.093,87820,65918,520,21382,91711,64,0,0,640,300.030
io8_l1p8n1_l3n1p1,118.942,23442,18191,512,4739,43695,8,0,0,80,300.030
io8_l1p8n1_l3n1p1_d1d2,551.771,85430,63536,512,21382,91275,64,0,0,640,300.030
io8_l1p8n1_l3n1p2,133.395,23206,17955,512,4739,43891,8,0,0,80,300.030
io8_l1p8n1_l3n1p2_d1d2,559.073,85995,64101,512,21382,95436,64,0,0,640,300.030
io8_l1p8n1_l3n1p4,145.212,23202,17951,512,4739,43976,8,0,0,80,300.030
io8_l1p8n1_l3n1p4_d1d2,578.760,85940,64046,512,21382,91377,64,0,0,640,300.030
io8_l1p8n1_l3n1p8,227.435,23708,18581,384,4743,43639,16,0,0,80,300.030
io8_l1p8n1_l3n1p8_d1d2,712.594,87553,65783,384,21386,91455,72,0,0,640,300.030
io8_l1p8n1_l3p1n1,256.468,25881,20758,384,4739,45958,16,0,0,80,300.030
io8_l1p8n1_l3p1n1_d1d2,747.715,90659,68893,384,21382,94838,72,0,0,640,300.030
io8_l1p8n1_l3p2n1,259.703,26406,21283,384,4739,43675,16,0,0,80,300.030
io8_l1p8n1_l3p2n1_d1d2,802.336,93634,71868,384,21382,98113,72,0,0,640,300.030
io8_l1p8n1_l3p4n1,300.382,32805,27682,384,4739,47365,16,0,0,112,300.030
io8_l1p8n1_l3p4n1_d1d2,806.102,99848,78082,384,21382,101244,72,0,0,640,300.030
io8_l1p8n1_l3p8n1,292.649,36120,30997,384,4739,47305,16,0,0,112,300.030
io8_l1p8n1_l3p8n1_d1d2,816.574,104489,82715,392,21382,104271,72,0,0,640,300.030
