prj,vivado_dynamic_pwr(mW),Total LUTs,Logic LUTs,LUTRAMs,SRLs,FFs,RAMB36,RAMB18,DSP48 Blocks,freq(MHz)
io1_l1n1n1_l3n1n1,8.955,524,524,0,0,453,4,4,5,100
io1_l1n1n1_l3n1p1,9.900,650,650,0,0,485,4,4,5,100
io1_l1n1n1_l3p1n1,27.823,4229,3631,0,598,7385,5,3,10,100
io1_l1n1p1_l3n1n1,11.534,570,563,0,7,473,5,3,5,100
io1_l1n1p1_l3n1p1,14.167,686,679,0,7,505,5,3,5,100
io1_l1n1p1_l3p1n1,45.732,4283,3678,0,605,7392,6,2,10,100
io1_l1p1n1_l3n1n1,21.953,2278,2278,0,0,3099,5,3,10,100
io1_l1p1n1_l3n1p1,24.978,2405,2405,0,0,3164,5,3,10,100
io1_l1p1n1_l3p1n1,52.093,5600,5002,0,598,9220,6,2,10,100
io2_l1n1n1_l3n1n1,10.895,646,646,0,0,662,4,8,5,100
io2_l1n1n1_l3n1n1_d1d2,11.690,767,767,0,0,795,4,8,5,100
io2_l1n1n1_l3n1n2,13.966,753,753,0,0,782,4,8,8,100
io2_l1n1n1_l3n1n2_d1d2,14.246,822,822,0,0,850,4,8,8,100
io2_l1n1n1_l3n1p1,12.498,785,785,0,0,702,4,8,5,100
io2_l1n1n1_l3n1p1_d1d2,12.989,826,826,0,0,766,4,8,5,100
io2_l1n1n1_l3n1p2,12.521,783,783,0,0,754,4,8,5,100
io2_l1n1n1_l3n1p2_d1d2,13.172,860,860,0,0,829,4,8,5,100
io2_l1n1n1_l3p1n1,24.570,2357,2357,0,0,3762,4,6,14,100
io2_l1n1n1_l3p1n1_d1d2,24.984,2445,2445,0,0,3744,4,6,14,100
io2_l1n1n1_l3p2n1,41.681,7303,6114,0,1189,12460,6,6,20,100
io2_l1n1n1_l3p2n1_d1d2,53.699,9165,7528,0,1637,14161,6,6,40,100
io2_l1n1n2_l3n1n1,15.429,958,958,0,0,1003,4,8,10,100
io2_l1n1n2_l3n1n1_d1d2,15.613,1038,1038,0,0,1052,4,8,10,100
io2_l1n1n2_l3n1n2,15.707,979,979,0,0,879,4,8,10,100
io2_l1n1n2_l3n1n2_d1d2,16.028,1065,1065,0,0,1011,4,8,10,100
io2_l1n1n2_l3n1p1,17.320,1055,1055,0,0,1021,4,8,10,100
io2_l1n1n2_l3n1p1_d1d2,16.809,1106,1106,0,0,1018,4,8,10,100
io2_l1n1n2_l3n1p2,16.350,1093,1093,0,0,949,4,8,10,100
io2_l1n1n2_l3n1p2_d1d2,17.249,1162,1162,0,0,1086,4,8,10,100
io2_l1n1n2_l3p1n1,27.520,2561,2561,0,0,3915,4,6,16,100
io2_l1n1n2_l3p1n1_d1d2,27.264,2639,2639,0,0,3913,4,6,16,100
io2_l1n1n2_l3p2n1,45.946,7943,6754,0,1189,12458,6,6,20,100
io2_l1n1n2_l3p2n1_d1d2,58.967,9673,8036,0,1637,14198,6,6,40,100
io2_l1n1p1_l3n1n1,12.147,785,785,0,0,678,4,6,5,100
io2_l1n1p1_l3n1n1_d1d2,12.438,838,838,0,0,672,4,6,5,100
io2_l1n1p1_l3n1n2,15.712,857,857,0,0,801,4,6,8,100
io2_l1n1p1_l3n1n2_d1d2,15.153,904,904,0,0,794,4,6,8,100
io2_l1n1p1_l3n1p1,13.970,881,881,0,0,714,4,6,5,100
io2_l1n1p1_l3n1p1_d1d2,14.456,940,940,0,0,701,4,6,5,100
io2_l1n1p1_l3n1p2,13.982,899,899,0,0,773,4,6,5,100
io2_l1n1p1_l3n1p2_d1d2,13.974,988,988,0,0,767,4,6,5,100
io2_l1n1p1_l3p1n1,27.708,2481,2481,0,0,3779,8,4,14,100
io2_l1n1p1_l3p1n1_d1d2,28.065,2522,2522,0,0,3684,8,4,14,100
io2_l1n1p1_l3p2n1,45.336,7485,6296,0,1189,12457,8,4,20,100
io2_l1n1p1_l3p2n1_d1d2,57.850,9341,7704,0,1637,14143,8,4,40,100
io2_l1n1p2_l3n1n1,17.595,1047,1041,0,6,1001,6,4,10,100
io2_l1n1p2_l3n1n1_d1d2,17.336,1151,1145,0,6,990,6,4,10,100
io2_l1n1p2_l3n1n2,17.800,1055,1049,0,6,900,6,4,10,100
io2_l1n1p2_l3n1n2_d1d2,18.804,1163,1157,0,6,1019,6,4,10,100
io2_l1n1p2_l3n1p1,20.596,1162,1156,0,6,1037,6,4,10,100
io2_l1n1p2_l3n1p1_d1d2,20.694,1215,1209,0,6,1019,6,4,10,100
io2_l1n1p2_l3n1p2,19.827,1195,1189,0,6,968,6,4,10,100
io2_l1n1p2_l3n1p2_d1d2,20.346,1270,1264,0,6,1084,6,4,10,100
io2_l1n1p2_l3p1n1,31.563,2670,2664,0,6,3947,10,0,16,100
io2_l1n1p2_l3p1n1_d1d2,32.970,2798,2792,0,6,3941,10,0,16,100
io2_l1n1p2_l3p2n1,78.684,8133,6938,0,1195,12593,10,2,20,100
io2_l1n1p2_l3p2n1_d1d2,92.387,9729,8086,0,1643,14277,10,2,40,100
io2_l1p1n1_l3n1n1,31.052,4192,4192,0,0,4247,6,6,18,100
io2_l1p1n1_l3n1n1_d1d2,32.393,4272,4272,0,0,4283,6,6,18,100
io2_l1p1n1_l3n1n2,34.501,4186,4186,0,0,4218,6,6,18,100
io2_l1p1n1_l3n1n2_d1d2,34.770,4306,4306,0,0,4266,6,6,18,100
io2_l1p1n1_l3n1p1,37.353,4257,4257,0,0,4259,6,6,18,100
io2_l1p1n1_l3n1p1_d1d2,35.562,4343,4343,0,0,4261,6,6,18,100
io2_l1p1n1_l3n1p2,35.885,4295,4295,0,0,4200,6,6,18,100
io2_l1p1n1_l3n1p2_d1d2,36.499,4363,4363,0,0,4280,6,6,18,100
io2_l1p1n1_l3p1n1,41.861,5884,5884,0,0,6783,8,4,18,100
io2_l1p1n1_l3p1n1_d1d2,41.725,5775,5775,0,0,6790,8,4,18,100
io2_l1p1n1_l3p2n1,88.310,9643,8454,0,1189,14266,8,4,20,100
io2_l1p1n1_l3p2n1_d1d2,101.978,12648,11011,0,1637,16009,6,4,40,100
io2_l1p2n1_l3n1n1,32.852,3567,3567,0,0,4902,6,6,20,100
io2_l1p2n1_l3n1n1_d1d2,46.098,6418,6418,0,0,6506,6,6,38,100
io2_l1p2n1_l3n1n2,33.295,3701,3701,0,0,4875,6,6,20,100
io2_l1p2n1_l3n1n2_d1d2,47.286,6228,6228,0,0,6502,6,6,38,100
io2_l1p2n1_l3n1p1,37.056,3604,3604,0,0,4898,6,6,20,100
io2_l1p2n1_l3n1p1_d1d2,49.335,6424,6424,0,0,6477,6,6,38,100
io2_l1p2n1_l3n1p2,35.965,3781,3781,0,0,4852,6,6,20,100
io2_l1p2n1_l3n1p2_d1d2,50.082,6610,6610,0,0,6496,6,6,38,100
io2_l1p2n1_l3p1n1,39.437,5057,5057,0,0,7514,6,0,20,100
io2_l1p2n1_l3p1n1_d1d2,57.811,7987,7987,0,0,9127,8,4,38,100
io2_l1p2n1_l3p2n1,87.719,8280,7091,0,1189,14601,8,4,20,100
io2_l1p2n1_l3p2n1_d1d2,111.263,12620,10983,0,1637,15410,8,4,40,100
io4_l1n1n1_l3n1n1,12.693,1085,829,256,0,1461,4,0,5,100
io4_l1n1n1_l3n1n1_d1d2,17.653,1343,1087,256,0,1611,0,16,5,100
io4_l1n1n1_l3n1n2,15.378,1234,978,256,0,1639,4,0,8,100
io4_l1n1n1_l3n1n2_d1d2,20.614,1478,1222,256,0,1765,0,16,8,100
io4_l1n1n1_l3n1n4,20.193,1365,1109,256,0,1951,4,0,14,100
io4_l1n1n1_l3n1n4_d1d2,23.875,1618,1362,256,0,2026,0,16,14,100
io4_l1n1n1_l3n1p1,14.138,1224,968,256,0,1459,4,0,5,100
io4_l1n1n1_l3n1p1_d1d2,20.210,1477,1221,256,0,1657,0,16,5,100
io4_l1n1n1_l3n1p2,14.279,1285,1029,256,0,1580,4,0,5,100
io4_l1n1n1_l3n1p2_d1d2,19.301,1548,1292,256,0,1754,0,16,5,100
io4_l1n1n1_l3n1p4,14.788,1352,1096,256,0,1796,4,0,5,100
io4_l1n1n1_l3n1p4_d1d2,18.560,1536,1280,256,0,1773,0,16,5,100
io4_l1n1n1_l3p1n1,34.612,3253,2933,320,0,5281,4,0,26,100
io4_l1n1n1_l3p1n1_d1d2,42.336,3986,3666,320,0,5901,16,0,26,100
io4_l1n1n1_l3p2n1,38.742,4526,4206,320,0,5537,4,0,26,100
io4_l1n1n1_l3p2n1_d1d2,43.119,5742,5422,320,0,7351,8,8,26,100
io4_l1n1n1_l3p4n1,62.564,13186,10494,320,2372,23540,4,0,40,100
io4_l1n1n1_l3p4n1_d1d2,152.170,26567,20803,320,5444,34448,16,0,160,100
io4_l1n1n2_l3n1n1,13.678,1198,942,256,0,1495,4,0,5,100
io4_l1n1n2_l3n1n1_d1d2,17.290,1415,1159,256,0,1619,0,16,5,100
io4_l1n1n2_l3n1n2,15.649,1287,1031,256,0,1673,4,0,8,100
io4_l1n1n2_l3n1n2_d1d2,19.354,1532,1276,256,0,1773,0,16,8,100
io4_l1n1n2_l3n1n4,20.152,1452,1196,256,0,1985,4,0,14,100
io4_l1n1n2_l3n1n4_d1d2,23.955,1694,1438,256,0,2034,0,16,14,100
io4_l1n1n2_l3n1p1,14.663,1297,1041,256,0,1504,4,0,5,100
io4_l1n1n2_l3n1p1_d1d2,19.009,1522,1266,256,0,1659,0,16,5,100
io4_l1n1n2_l3n1p2,14.285,1368,1112,256,0,1632,4,0,5,100
io4_l1n1n2_l3n1p2_d1d2,18.540,1613,1357,256,0,1761,0,16,5,100
io4_l1n1n2_l3n1p4,14.271,1418,1162,256,0,1831,4,0,5,100
io4_l1n1n2_l3n1p4_d1d2,18.832,1765,1509,256,0,2140,0,16,5,100
io4_l1n1n2_l3p1n1,35.107,3381,3061,320,0,5315,4,0,26,100
io4_l1n1n2_l3p1n1_d1d2,42.587,4132,3812,320,0,6075,16,0,26,100
io4_l1n1n2_l3p2n1,36.397,4438,4118,320,0,5247,4,0,26,100
io4_l1n1n2_l3p2n1_d1d2,43.270,5908,5588,320,0,7527,8,8,26,100
io4_l1n1n2_l3p4n1,63.882,13177,10485,320,2372,23539,4,0,40,100
io4_l1n1n2_l3p4n1_d1d2,152.758,25494,19730,320,5444,34032,16,0,160,100
io4_l1n1n4_l3n1n1,23.497,2040,1784,256,0,2349,4,0,20,100
io4_l1n1n4_l3n1n1_d1d2,28.421,2300,2044,256,0,2424,0,16,20,100
io4_l1n1n4_l3n1n2,25.301,2119,1863,256,0,2463,4,0,20,100
io4_l1n1n4_l3n1n2_d1d2,29.063,2366,2110,256,0,2514,0,16,20,100
io4_l1n1n4_l3n1n4,25.390,2156,1900,256,0,2359,4,0,20,100
io4_l1n1n4_l3n1n4_d1d2,31.012,2464,2208,256,0,2742,0,16,20,100
io4_l1n1n4_l3n1p1,25.735,2178,1922,256,0,2368,4,0,20,100
io4_l1n1n4_l3n1p1_d1d2,31.428,2436,2180,256,0,2470,0,16,20,100
io4_l1n1n4_l3n1p2,25.457,2239,1983,256,0,2498,4,0,20,100
io4_l1n1n4_l3n1p2_d1d2,30.469,2502,2246,256,0,2556,0,16,20,100
io4_l1n1n4_l3n1p4,25.557,2245,1989,256,0,2439,4,0,20,100
io4_l1n1n4_l3n1p4_d1d2,30.188,2564,2308,256,0,2810,0,16,20,100
io4_l1n1n4_l3p1n1,40.574,3899,3579,320,0,5818,4,0,32,100
io4_l1n1n4_l3p1n1_d1d2,48.252,4824,4504,320,0,6636,16,0,32,100
io4_l1n1n4_l3p2n1,42.654,5020,4700,320,0,5895,4,0,32,100
io4_l1n1n4_l3p2n1_d1d2,49.837,6714,6394,320,0,8695,8,8,32,100
io4_l1n1n4_l3p4n1,78.167,13836,11144,320,2372,23757,4,0,40,100
io4_l1n1n4_l3p4n1_d1d2,169.494,27007,21243,320,5444,34505,16,0,160,100
io4_l1n1p1_l3n1n1,14.274,1216,960,256,0,1354,4,0,5,100
io4_l1n1p1_l3n1n1_d1d2,19.403,1429,1173,256,0,1498,0,16,5,100
io4_l1n1p1_l3n1n2,16.685,1351,1095,256,0,1532,4,0,8,100
io4_l1n1p1_l3n1n2_d1d2,21.591,1555,1299,256,0,1651,0,16,8,100
io4_l1n1p1_l3n1n4,22.221,1506,1250,256,0,1844,4,0,14,100
io4_l1n1p1_l3n1n4_d1d2,26.394,1696,1440,256,0,1913,0,16,14,100
io4_l1n1p1_l3n1p1,16.161,1296,1040,256,0,1340,4,0,5,100
io4_l1n1p1_l3n1p1_d1d2,22.243,1553,1297,256,0,1528,0,16,5,100
io4_l1n1p1_l3n1p2,16.181,1355,1099,256,0,1470,4,0,5,100
io4_l1n1p1_l3n1p2_d1d2,21.064,1611,1355,256,0,1627,0,16,5,100
io4_l1n1p1_l3n1p4,15.854,1356,1100,256,0,1666,4,0,5,100
io4_l1n1p1_l3n1p4_d1d2,20.721,1615,1359,256,0,1758,0,16,5,100
io4_l1n1p1_l3p1n1,37.769,3269,2949,320,0,5156,4,0,26,100
io4_l1n1p1_l3p1n1_d1d2,44.396,4058,3738,320,0,5658,16,0,26,100
io4_l1n1p1_l3p2n1,39.203,4389,4069,320,0,5202,4,0,26,100
io4_l1n1p1_l3p2n1_d1d2,46.108,5909,5589,320,0,7276,8,8,26,100
io4_l1n1p1_l3p4n1,67.173,12860,10168,320,2372,23469,4,0,40,100
io4_l1n1p1_l3p4n1_d1d2,158.360,26018,20254,320,5444,33914,16,0,160,100
io4_l1n1p2_l3n1n1,15.627,1399,1143,256,0,1411,4,0,5,100
io4_l1n1p2_l3n1n1_d1d2,21.541,1780,1524,256,0,1665,0,16,5,100
io4_l1n1p2_l3n1n2,18.473,1431,1175,256,0,1590,4,0,8,100
io4_l1n1p2_l3n1n2_d1d2,24.144,2022,1766,256,0,1953,0,16,8,100
io4_l1n1p2_l3n1n4,23.297,1594,1338,256,0,1902,4,0,14,100
io4_l1n1p2_l3n1n4_d1d2,28.758,2040,1784,256,0,2271,0,16,14,100
io4_l1n1p2_l3n1p1,17.895,1403,1147,256,0,1402,4,0,5,100
io4_l1n1p2_l3n1p1_d1d2,23.810,1718,1462,256,0,1626,0,16,5,100
io4_l1n1p2_l3n1p2,17.253,1470,1214,256,0,1500,4,0,5,100
io4_l1n1p2_l3n1p2_d1d2,24.102,1768,1512,256,0,1693,0,16,5,100
io4_l1n1p2_l3n1p4,18.167,1468,1212,256,0,1698,4,0,5,100
io4_l1n1p2_l3n1p4_d1d2,22.474,1771,1515,256,0,1824,0,16,5,100
io4_l1n1p2_l3p1n1,39.129,3286,2966,320,0,5179,4,0,26,100
io4_l1n1p2_l3p1n1_d1d2,45.995,4233,3913,320,0,5823,16,0,26,100
io4_l1n1p2_l3p2n1,41.948,4587,4267,320,0,5232,4,0,26,100
io4_l1n1p2_l3p2n1_d1d2,48.218,6084,5764,320,0,7448,8,8,26,100
io4_l1n1p2_l3p4n1,81.211,12982,10290,320,2372,23498,4,0,40,100
io4_l1n1p2_l3p4n1_d1d2,168.485,26678,20914,320,5444,33913,12,0,160,100
io4_l1n1p4_l3n1n1,25.818,2010,1813,192,5,2088,8,0,20,100
io4_l1n1p4_l3n1n1_d1d2,30.953,2268,2071,192,5,2087,4,16,20,100
io4_l1n1p4_l3n1n2,27.666,2076,1879,192,5,2210,8,0,20,100
io4_l1n1p4_l3n1n2_d1d2,32.966,2338,2141,192,5,2208,4,16,20,100
io4_l1n1p4_l3n1n4,28.740,2103,1906,192,5,2121,8,0,20,100
io4_l1n1p4_l3n1n4_d1d2,33.252,2419,2222,192,5,2374,4,16,20,100
io4_l1n1p4_l3n1p1,29.309,2190,1993,192,5,2123,8,0,20,100
io4_l1n1p4_l3n1p1_d1d2,35.970,2390,2193,192,5,2117,4,16,20,100
io4_l1n1p4_l3n1p2,28.262,2197,2000,192,5,2248,8,0,20,100
io4_l1n1p4_l3n1p2_d1d2,34.302,2456,2259,192,5,2247,4,16,20,100
io4_l1n1p4_l3n1p4,29.392,2288,2091,192,5,2194,8,0,20,100
io4_l1n1p4_l3n1p4_d1d2,34.027,2461,2264,192,5,2445,4,16,20,100
io4_l1n1p4_l3p1n1,44.637,3846,3585,256,5,5575,8,0,32,100
io4_l1n1p4_l3p1n1_d1d2,53.250,4690,4429,256,5,6277,20,0,32,100
io4_l1n1p4_l3p2n1,45.464,4950,4689,256,5,5603,8,0,32,100
io4_l1n1p4_l3p2n1_d1d2,53.231,6577,6316,256,5,7694,12,8,32,100
io4_l1n1p4_l3p4n1,134.022,13653,11020,256,2377,23553,8,0,40,100
io4_l1n1p4_l3p4n1_d1d2,229.878,26394,20689,256,5449,33973,16,0,160,100
io4_l1p1n1_l3n1n1,43.387,5104,4912,192,0,5989,8,0,40,100
io4_l1p1n1_l3n1n1_d1d2,49.916,5340,5148,192,0,6085,20,0,40,100
io4_l1p1n1_l3n1n2,45.644,5111,4919,192,0,6077,8,0,40,100
io4_l1p1n1_l3n1n2_d1d2,52.737,5369,5177,192,0,6141,20,0,40,100
io4_l1p1n1_l3n1n4,48.220,5080,4888,192,0,6156,8,0,40,100
io4_l1p1n1_l3n1n4_d1d2,53.493,5298,5106,192,0,6279,20,0,40,100
io4_l1p1n1_l3n1p1,48.469,5162,4970,192,0,6010,8,0,40,100
io4_l1p1n1_l3n1p1_d1d2,56.131,5455,5263,192,0,6106,20,0,40,100
io4_l1p1n1_l3n1p2,48.563,5223,5031,192,0,6076,8,0,40,100
io4_l1p1n1_l3n1p2_d1d2,54.638,5587,5395,192,0,6216,20,0,40,100
io4_l1p1n1_l3n1p4,48.804,5153,4961,192,0,6070,8,0,40,100
io4_l1p1n1_l3n1p4_d1d2,54.378,5608,5416,192,0,6204,20,0,40,100
io4_l1p1n1_l3p1n1,52.890,6431,6175,256,0,8560,8,0,40,100
io4_l1p1n1_l3p1n1_d1d2,60.958,7935,7679,256,0,9676,20,0,40,100
io4_l1p1n1_l3p2n1,53.049,7465,7209,256,0,9030,8,0,40,100
io4_l1p1n1_l3p2n1_d1d2,64.414,9305,9049,256,0,10898,20,0,40,100
io4_l1p1n1_l3p4n1,145.590,14270,11642,256,2372,24588,8,0,40,100
io4_l1p1n1_l3p4n1_d1d2,254.530,28582,22882,256,5444,35800,20,0,160,100
io4_l1p2n1_l3n1n1,46.375,6252,6060,192,0,7840,8,0,40,100
io4_l1p2n1_l3n1n1_d1d2,81.733,9755,9563,192,0,11323,20,0,80,100
io4_l1p2n1_l3n1n2,49.310,6160,5968,192,0,7934,8,0,40,100
io4_l1p2n1_l3n1n2_d1d2,83.875,9965,9773,192,0,11374,20,0,80,100
io4_l1p2n1_l3n1n4,51.777,6137,5945,192,0,7999,8,0,40,100
io4_l1p2n1_l3n1n4_d1d2,85.896,10075,9883,192,0,11500,20,0,80,100
io4_l1p2n1_l3n1p1,50.286,6250,6058,192,0,7845,8,0,40,100
io4_l1p2n1_l3n1p1_d1d2,86.888,10080,9888,192,0,11359,20,0,80,100
io4_l1p2n1_l3n1p2,50.619,6192,6000,192,0,7935,8,0,40,100
io4_l1p2n1_l3n1p2_d1d2,85.428,10265,10073,192,0,11501,20,0,80,100
io4_l1p2n1_l3n1p4,51.472,6287,6095,192,0,7931,8,0,40,100
io4_l1p2n1_l3n1p4_d1d2,85.929,10124,9932,192,0,11664,20,0,80,100
io4_l1p2n1_l3p1n1,55.117,8063,7807,256,0,10370,8,0,40,100
io4_l1p2n1_l3p1n1_d1d2,92.928,12533,12277,256,0,15061,20,0,80,100
io4_l1p2n1_l3p2n1,58.072,8819,8563,256,0,10879,8,0,40,100
io4_l1p2n1_l3p2n1_d1d2,93.288,14099,13843,256,0,16209,20,0,80,100
io4_l1p2n1_l3p4n1,154.008,14476,11848,256,2372,25456,8,0,40,100
io4_l1p2n1_l3p4n1_d1d2,269.498,31608,25908,256,5444,36627,20,0,160,100
io4_l1p4n1_l3n1n1,47.823,6397,6205,192,0,7900,8,0,40,100
io4_l1p4n1_l3n1n1_d1d2,113.027,18114,17922,192,0,19983,20,0,114,100
io4_l1p4n1_l3n1n2,49.331,6286,6094,192,0,8016,8,0,40,100
io4_l1p4n1_l3n1n2_d1d2,118.188,17974,17782,192,0,20042,20,0,114,100
io4_l1p4n1_l3n1n4,49.706,6217,6025,192,0,8221,8,0,40,100
io4_l1p4n1_l3n1n4_d1d2,115.594,17997,17805,192,0,20189,20,0,114,100
io4_l1p4n1_l3n1p1,51.480,6239,6047,192,0,7976,8,0,40,100
io4_l1p4n1_l3n1p1_d1d2,123.428,18102,17910,192,0,20030,20,0,114,100
io4_l1p4n1_l3n1p2,50.415,6451,6259,192,0,8057,8,0,40,100
io4_l1p4n1_l3n1p2_d1d2,121.228,18044,17852,192,0,20011,20,0,114,100
io4_l1p4n1_l3n1p4,50.672,6476,6284,192,0,8061,8,0,40,100
io4_l1p4n1_l3n1p4_d1d2,121.280,17367,17175,192,0,20399,20,0,114,100
io4_l1p4n1_l3p1n1,55.916,7694,7438,256,0,10666,8,0,40,100
io4_l1p4n1_l3p1n1_d1d2,124.640,19916,19660,256,0,23089,20,0,114,100
io4_l1p4n1_l3p2n1,60.631,9144,8888,256,0,11307,8,0,40,100
io4_l1p4n1_l3p2n1_d1d2,131.079,21449,21193,256,0,23698,20,0,114,100
io4_l1p4n1_l3p4n1,153.978,14686,12058,256,2372,25560,8,0,40,100
io4_l1p4n1_l3p4n1_d1d2,309.656,35734,30034,256,5444,38482,20,0,160,100
io8_l1n1n1_l3n1n1,16.678,1827,1315,512,0,2382,0,8,5,100
io8_l1n1n1_l3n1n1_d1d2,37.215,3003,2491,512,0,3298,0,64,5,100
io8_l1n1n1_l3n1n2,16.111,1867,1355,512,0,2488,0,8,5,100
io8_l1n1n1_l3n1n2_d1d2,34.965,3027,2515,512,0,3412,0,64,5,100
io8_l1n1n1_l3n1n4,22.890,2139,1627,512,0,2862,0,8,14,100
io8_l1n1n1_l3n1n4_d1d2,42.084,3323,2811,512,0,3714,0,64,14,100
io8_l1n1n1_l3n1n8,23.724,2218,1706,512,0,3146,0,8,14,100
io8_l1n1n1_l3n1n8_d1d2,43.697,3413,2901,512,0,3964,0,64,17,100
io8_l1n1n1_l3n1p1,19.556,2083,1571,512,0,2548,0,8,5,100
io8_l1n1n1_l3n1p1_d1d2,40.522,3145,2633,512,0,2565,0,64,5,100
io8_l1n1n1_l3n1p2,19.195,2073,1561,512,0,2615,0,8,5,100
io8_l1n1n1_l3n1p2_d1d2,37.705,3358,2846,512,0,2769,0,64,5,100
io8_l1n1n1_l3n1p4,18.356,2168,1656,512,0,2712,0,8,5,100
io8_l1n1n1_l3n1p4_d1d2,36.289,3475,2963,512,0,2948,0,64,5,100
io8_l1n1n1_l3n1p8,17.577,2132,1620,512,0,3085,0,8,5,100
io8_l1n1n1_l3n1p8_d1d2,35.574,3322,2810,512,0,3165,0,64,5,100
io8_l1n1n1_l3p1n1,55.765,4297,3651,646,0,6578,8,0,50,100
io8_l1n1n1_l3p1n1_d1d2,84.641,6939,6293,646,0,8330,64,0,50,100
io8_l1n1n1_l3p2n1,61.109,6945,6305,640,0,9901,8,0,50,100
io8_l1n1n1_l3p2n1_d1d2,41.727,6594,5954,640,0,9637,0,64,5,100
io8_l1n1n1_l3p4n1,42.066,5558,4918,640,0,7009,0,8,26,100
io8_l1n1n1_l3p4n1_d1d2,80.997,9005,8365,640,0,10608,16,48,50,100
io8_l1n1n1_l3p8n1,105.606,23224,17845,640,4739,44406,8,0,80,100
io8_l1n1n1_l3p8n1_d1d2,536.298,86075,64053,640,21382,91788,64,0,640,100
io8_l1n1n2_l3n1n1,16.485,1870,1358,512,0,2450,0,8,5,100
io8_l1n1n2_l3n1n1_d1d2,34.867,3034,2514,520,0,3368,0,64,5,100
io8_l1n1n2_l3n1n2,16.333,1841,1329,512,0,2949,0,8,5,100
io8_l1n1n2_l3n1n2_d1d2,31.680,3116,2604,512,0,3484,0,64,5,100
io8_l1n1n2_l3n1n4,23.049,2128,1616,512,0,3255,0,8,14,100
io8_l1n1n2_l3n1n4_d1d2,39.315,3305,2793,512,0,3784,0,64,14,100
io8_l1n1n2_l3n1n8,23.430,2219,1707,512,0,3412,0,8,14,100
io8_l1n1n2_l3n1n8_d1d2,40.450,3539,3027,512,0,4036,0,64,17,100
io8_l1n1n2_l3n1p1,19.068,1996,1484,512,0,2485,0,8,5,100
io8_l1n1n2_l3n1p1_d1d2,37.148,3161,2649,512,0,2631,0,64,5,100
io8_l1n1n2_l3n1p2,17.569,2134,1622,512,0,2683,0,8,5,100
io8_l1n1n2_l3n1p2_d1d2,34.480,3348,2836,512,0,2824,0,64,5,100
io8_l1n1n2_l3n1p4,17.499,2216,1704,512,0,3107,0,8,5,100
io8_l1n1n2_l3n1p4_d1d2,33.182,3474,2962,512,0,3019,0,64,5,100
io8_l1n1n2_l3n1p8,17.410,2244,1732,512,0,3351,0,8,5,100
io8_l1n1n2_l3n1p8_d1d2,32.197,3420,2908,512,0,3234,0,64,5,100
io8_l1n1n2_l3p1n1,55.471,4425,3771,654,0,6844,8,0,50,100
io8_l1n1n2_l3p1n1_d1d2,82.301,7013,6367,646,0,8398,64,0,50,100
io8_l1n1n2_l3p2n1,59.917,6924,6284,640,0,9710,8,0,50,100
io8_l1n1n2_l3p2n1_d1d2,37.996,6640,6000,640,0,9722,0,64,5,100
io8_l1n1n2_l3p4n1,39.405,5534,4894,640,0,6874,0,8,26,100
io8_l1n1n2_l3p4n1_d1d2,77.420,8996,8356,640,0,10722,16,48,50,100
io8_l1n1n2_l3p8n1,107.142,23597,18218,640,4739,44350,8,0,80,100
io8_l1n1n2_l3p8n1_d1d2,527.970,87842,65820,640,21382,91962,64,0,640,100
io8_l1n1n4_l3n1n1,16.712,2005,1493,512,0,2477,0,8,5,100
io8_l1n1n4_l3n1n1_d1d2,34.485,3106,2594,512,0,3340,0,64,5,100
io8_l1n1n4_l3n1n2,16.005,2048,1536,512,0,2916,0,8,5,100
io8_l1n1n4_l3n1n2_d1d2,31.598,3138,2626,512,0,3451,0,64,5,100
io8_l1n1n4_l3n1n4,24.386,2379,1867,512,0,3217,0,8,14,100
io8_l1n1n4_l3n1n4_d1d2,38.829,3467,2955,512,0,3755,0,64,14,100
io8_l1n1n4_l3n1n8,23.618,2397,1885,512,0,3339,0,8,14,100
io8_l1n1n4_l3n1n8_d1d2,40.484,3665,3153,512,0,3997,0,64,17,100
io8_l1n1n4_l3n1p1,19.209,2169,1657,512,0,2512,0,8,5,100
io8_l1n1n4_l3n1p1_d1d2,38.508,3237,2725,512,0,2600,0,64,5,100
io8_l1n1n4_l3n1p2,18.524,2246,1734,512,0,2710,0,8,5,100
io8_l1n1n4_l3n1p2_d1d2,35.688,3407,2895,512,0,2800,0,64,5,100
io8_l1n1n4_l3n1p4,17.948,2350,1838,512,0,2826,0,8,5,100
io8_l1n1n4_l3n1p4_d1d2,32.951,3560,3048,512,0,2989,0,64,5,100
io8_l1n1n4_l3n1p8,17.890,2311,1799,512,0,3183,0,8,5,100
io8_l1n1n4_l3n1p8_d1d2,32.165,3460,2948,512,0,3839,0,64,5,100
io8_l1n1n4_l3p1n1,55.873,4545,3905,640,0,6792,8,0,50,100
io8_l1n1n4_l3p1n1_d1d2,81.647,7009,6369,640,0,8348,64,0,50,100
io8_l1n1n4_l3p2n1,59.591,6997,6357,640,0,9729,8,0,50,100
io8_l1n1n4_l3p2n1_d1d2,37.537,6742,6102,640,0,9767,0,64,5,100
io8_l1n1n4_l3p4n1,40.828,5775,5135,640,0,6928,0,8,26,100
io8_l1n1n4_l3p4n1_d1d2,77.498,9431,8791,640,0,10646,16,48,50,100
io8_l1n1n4_l3p8n1,107.732,24367,18987,640,4740,44342,8,0,80,100
io8_l1n1n4_l3p8n1_d1d2,523.161,86080,64058,640,21382,91924,64,0,640,100
io8_l1n1n8_l3n1n1,40.424,3989,3477,512,0,4434,0,8,40,100
io8_l1n1n8_l3n1n1_d1d2,60.758,5242,4730,512,0,5151,0,64,40,100
io8_l1n1n8_l3n1n2,39.590,4096,3584,512,0,4736,0,8,40,100
io8_l1n1n8_l3n1n2_d1d2,56.603,5269,4757,512,0,5264,0,64,40,100
io8_l1n1n8_l3n1n4,43.105,4202,3690,512,0,4852,0,8,40,100
io8_l1n1n8_l3n1n4_d1d2,61.003,5495,4975,520,0,5376,0,64,40,100
io8_l1n1n8_l3n1n8,41.019,4239,3727,512,0,4502,0,8,40,100
io8_l1n1n8_l3n1n8_d1d2,59.165,5538,5026,512,0,5567,0,64,40,100
io8_l1n1n8_l3n1p1,44.319,4167,3647,520,0,4469,0,8,40,100
io8_l1n1n8_l3n1p1_d1d2,70.876,5421,4909,512,0,5192,0,64,40,100
io8_l1n1n8_l3n1p2,43.342,4313,3793,520,0,4667,0,8,40,100
io8_l1n1n8_l3n1p2_d1d2,65.265,5839,5327,512,0,5574,0,64,40,100
io8_l1n1n8_l3n1p4,43.186,4427,3907,520,0,4897,0,8,40,100
io8_l1n1n8_l3n1p4_d1d2,61.961,5755,5243,512,0,5548,0,64,40,100
io8_l1n1n8_l3n1p8,41.740,4331,3811,520,0,4646,0,8,40,100
io8_l1n1n8_l3n1p8_d1d2,60.048,5549,5037,512,0,5672,0,64,40,100
io8_l1n1n8_l3p1n1,65.581,6163,5501,662,0,7645,8,0,64,100
io8_l1n1n8_l3p1n1_d1d2,94.264,8717,8077,640,0,9697,64,0,64,100
io8_l1n1n8_l3p2n1,69.890,8483,7843,640,0,10508,8,0,64,100
io8_l1n1n8_l3p2n1_d1d2,62.951,9124,8484,640,0,11774,0,64,40,100
io8_l1n1n8_l3p4n1,49.657,7018,6378,640,0,7849,0,8,40,100
io8_l1n1n8_l3p4n1_d1d2,89.532,10907,10259,648,0,12396,16,48,64,100
io8_l1n1n8_l3p8n1,149.508,25201,19822,640,4739,44852,8,0,80,100
io8_l1n1n8_l3p8n1_d1d2,581.762,86606,64584,640,21382,92230,64,0,640,100
io8_l1n1p1_l3n1n1,20.071,2042,1522,520,0,2282,0,8,5,100
io8_l1n1p1_l3n1n1_d1d2,40.124,3123,2611,512,0,2292,0,64,5,100
io8_l1n1p1_l3n1n2,17.407,1965,1453,512,0,2257,0,8,5,100
io8_l1n1p1_l3n1n2_d1d2,38.080,3120,2608,512,0,2404,0,64,5,100
io8_l1n1p1_l3n1n4,25.198,2238,1726,512,0,2629,0,8,14,100
io8_l1n1p1_l3n1n4_d1d2,46.376,3391,2879,512,0,2709,0,64,14,100
io8_l1n1p1_l3n1n8,27.177,2320,1808,512,0,2915,0,8,14,100
io8_l1n1p1_l3n1n8_d1d2,49.086,3537,3025,512,0,3086,0,64,17,100
io8_l1n1p1_l3n1p1,21.122,1998,1486,512,0,2182,0,8,5,100
io8_l1n1p1_l3n1p1_d1d2,47.471,3218,2706,512,0,2326,0,64,5,100
io8_l1n1p1_l3n1p2,20.767,2095,1583,512,0,2385,0,8,5,100
io8_l1n1p1_l3n1p2_d1d2,44.766,3465,2953,512,0,2536,0,64,5,100
io8_l1n1p1_l3n1p4,20.940,2193,1681,512,0,2482,0,8,5,100
io8_l1n1p1_l3n1p4_d1d2,42.056,3582,3070,512,0,2718,0,64,5,100
io8_l1n1p1_l3n1p8,20.542,2125,1613,512,0,2856,0,8,5,100
io8_l1n1p1_l3n1p8_d1d2,41.973,3423,2911,512,0,2935,0,64,5,100
io8_l1n1p1_l3p1n1,58.514,4372,3732,640,0,6348,8,0,50,100
io8_l1n1p1_l3p1n1_d1d2,91.105,7049,6403,646,0,7707,64,0,50,100
io8_l1n1p1_l3p2n1,63.281,6904,6264,640,0,9473,8,0,50,100
io8_l1n1p1_l3p2n1_d1d2,44.994,6533,5893,640,0,9403,0,64,5,100
io8_l1n1p1_l3p4n1,44.182,5577,4937,640,0,6593,0,8,26,100
io8_l1n1p1_l3p4n1_d1d2,89.299,9272,8632,640,0,10630,16,48,50,100
io8_l1n1p1_l3p8n1,114.243,23507,18128,640,4739,43951,8,0,80,100
io8_l1n1p1_l3p8n1_d1d2,549.404,86179,64157,640,21382,91573,64,0,640,100
io8_l1n1p2_l3n1n1,20.593,2077,1565,512,0,2244,0,8,5,100
io8_l1n1p2_l3n1n1_d1d2,41.619,3308,2796,512,0,2393,0,64,5,100
io8_l1n1p2_l3n1n2,17.826,2129,1617,512,0,2349,0,8,5,100
io8_l1n1p2_l3n1n2_d1d2,37.706,3339,2827,512,0,2504,0,64,5,100
io8_l1n1p2_l3n1n4,27.516,2353,1841,512,0,2722,0,8,14,100
io8_l1n1p2_l3n1n4_d1d2,47.221,3562,3050,512,0,2809,0,64,14,100
io8_l1n1p2_l3n1n8,28.144,2475,1963,512,0,3010,0,8,14,100
io8_l1n1p2_l3n1n8_d1d2,47.735,3695,3183,512,0,3183,0,64,17,100
io8_l1n1p2_l3n1p1,24.147,2241,1729,512,0,2312,0,8,5,100
io8_l1n1p2_l3n1p1_d1d2,50.222,3436,2924,512,0,2427,0,64,5,100
io8_l1n1p2_l3n1p2,22.047,2201,1689,512,0,2447,0,8,5,100
io8_l1n1p2_l3n1p2_d1d2,45.803,3645,3133,512,0,2595,0,64,5,100
io8_l1n1p2_l3n1p4,22.292,2374,1862,512,0,2541,0,8,5,100
io8_l1n1p2_l3n1p4_d1d2,42.586,3720,3208,512,0,2782,0,64,5,100
io8_l1n1p2_l3n1p8,22.331,2201,1689,512,0,2910,0,8,5,100
io8_l1n1p2_l3n1p8_d1d2,40.207,3508,2996,512,0,2997,0,64,5,100
io8_l1n1p2_l3p1n1,61.307,4730,4090,640,0,6439,8,0,50,100
io8_l1n1p2_l3p1n1_d1d2,92.476,7431,6791,640,0,8340,64,0,50,100
io8_l1n1p2_l3p2n1,66.722,7101,6461,640,0,9499,8,0,50,100
io8_l1n1p2_l3p2n1_d1d2,45.566,6700,6060,640,0,9553,0,64,5,100
io8_l1n1p2_l3p4n1,45.491,5628,4988,640,0,6551,0,8,26,100
io8_l1n1p2_l3p4n1_d1d2,87.843,9275,8635,640,0,10445,16,48,50,100
io8_l1n1p2_l3p8n1,130.901,23917,18538,640,4739,44146,8,0,80,100
io8_l1n1p2_l3p8n1_d1d2,571.971,86373,64351,640,21382,91600,64,0,640,100
io8_l1n1p4_l3n1n1,21.001,2246,1734,512,0,2313,0,8,5,100
io8_l1n1p4_l3n1n1_d1d2,42.240,3521,3009,512,0,3292,0,64,5,100
io8_l1n1p4_l3n1n2,19.635,2225,1713,512,0,2758,0,8,5,100
io8_l1n1p4_l3n1n2_d1d2,38.209,3499,2987,512,0,3407,0,64,5,100
io8_l1n1p4_l3n1n4,28.523,2507,1995,512,0,3049,0,8,14,100
io8_l1n1p4_l3n1n4_d1d2,47.848,3858,3346,512,0,3709,0,64,14,100
io8_l1n1p4_l3n1n8,29.805,2577,2065,512,0,3225,0,8,14,100
io8_l1n1p4_l3n1n8_d1d2,49.171,3941,3429,512,0,3960,0,64,17,100
io8_l1n1p4_l3n1p1,24.890,2302,1790,512,0,2348,0,8,5,100
io8_l1n1p4_l3n1p1_d1d2,53.035,3661,3149,512,0,2492,0,64,5,100
io8_l1n1p4_l3n1p2,24.210,2338,1826,512,0,2516,0,8,5,100
io8_l1n1p4_l3n1p2_d1d2,45.816,3744,3232,512,0,2668,0,64,5,100
io8_l1n1p4_l3n1p4,23.153,2397,1885,512,0,2554,0,8,5,100
io8_l1n1p4_l3n1p4_d1d2,43.056,3860,3348,512,0,2793,0,64,5,100
io8_l1n1p4_l3n1p8,22.417,2421,1909,512,0,2916,0,8,5,100
io8_l1n1p4_l3n1p8_d1d2,41.154,3732,3220,512,0,3724,0,64,5,100
io8_l1n1p4_l3p1n1,59.302,4646,4006,640,0,6503,8,0,50,100
io8_l1n1p4_l3p1n1_d1d2,91.843,7337,6691,646,0,8267,64,0,50,100
io8_l1n1p4_l3p2n1,67.308,7230,6590,640,0,9472,8,0,50,100
io8_l1n1p4_l3p2n1_d1d2,43.640,7171,6507,664,0,9601,0,64,5,100
io8_l1n1p4_l3p4n1,46.955,5851,5211,640,0,6794,0,8,26,100
io8_l1n1p4_l3p4n1_d1d2,88.097,9648,9008,640,0,10375,16,48,50,100
io8_l1n1p4_l3p8n1,144.275,24128,18749,640,4739,44038,8,0,80,100
io8_l1n1p4_l3p8n1_d1d2,582.013,86538,64516,640,21382,91654,64,0,640,100
io8_l1n1p8_l3n1n1,43.515,3883,3495,384,4,3939,8,8,40,100
io8_l1n1p8_l3n1n1_d1d2,63.984,5095,4707,384,4,4661,8,64,40,100
io8_l1n1p8_l3n1n2,41.187,4053,3665,384,4,4064,8,8,40,100
io8_l1n1p8_l3n1n2_d1d2,59.764,5114,4726,384,4,4769,8,64,40,100
io8_l1n1p8_l3n1n4,46.681,4221,3833,384,4,4233,8,8,40,100
io8_l1n1p8_l3n1n4_d1d2,65.518,5352,4964,384,4,4881,8,64,40,100
io8_l1n1p8_l3n1n8,45.038,4074,3686,384,4,4011,8,8,40,100
io8_l1n1p8_l3n1n8_d1d2,62.371,5371,4983,384,4,5062,8,64,40,100
io8_l1n1p8_l3n1p1,49.377,3997,3609,384,4,3976,8,8,40,100
io8_l1n1p8_l3n1p1_d1d2,78.507,5191,4803,384,4,4695,8,64,40,100
io8_l1n1p8_l3n1p2,48.597,4123,3735,384,4,4172,8,8,40,100
io8_l1n1p8_l3n1p2_d1d2,72.215,5608,5220,384,4,5079,8,64,40,100
io8_l1n1p8_l3n1p4,47.512,4353,3965,384,4,4275,8,8,40,100
io8_l1n1p8_l3n1p4_d1d2,67.450,5708,5320,384,4,5056,8,64,40,100
io8_l1n1p8_l3n1p8,47.062,4096,3708,384,4,4130,8,8,40,100
io8_l1n1p8_l3n1p8_d1d2,65.408,5570,5182,384,4,5170,8,64,40,100
io8_l1n1p8_l3p1n1,68.213,6049,5533,512,4,7142,16,0,64,100
io8_l1n1p8_l3p1n1_d1d2,99.236,8707,8191,512,4,9134,72,0,64,100
io8_l1n1p8_l3p2n1,74.823,8564,8048,512,4,10083,16,0,64,100
io8_l1n1p8_l3p2n1_d1d2,66.946,8546,8030,512,4,11466,8,64,40,100
io8_l1n1p8_l3p4n1,53.969,6867,6351,512,4,7369,8,8,40,100
io8_l1n1p8_l3p4n1_d1d2,94.050,10772,10256,512,4,11805,24,48,64,100
io8_l1n1p8_l3p8n1,223.587,24816,19561,512,4743,44313,16,0,80,100
io8_l1n1p8_l3p8n1_d1d2,727.516,86464,64566,512,21386,91746,72,0,640,100
io8_l1p1n1_l3n1n1,50.385,6330,5946,384,0,7819,16,0,40,100
io8_l1p1n1_l3n1n1_d1d2,79.978,8412,8028,384,0,7880,72,0,40,100
io8_l1p1n1_l3n1n2,49.520,6472,6088,384,0,7922,16,0,40,100
io8_l1p1n1_l3n1n2_d1d2,75.780,8378,7994,384,0,7978,72,0,40,100
io8_l1p1n1_l3n1n4,54.730,6407,6023,384,0,8115,16,0,40,100
io8_l1p1n1_l3n1n4_d1d2,83.116,8419,8035,384,0,8491,72,0,40,100
io8_l1p1n1_l3n1n8,54.071,6527,6143,384,0,8129,16,0,40,100
io8_l1p1n1_l3n1n8_d1d2,80.890,8639,8255,384,0,8410,72,0,40,100
io8_l1p1n1_l3n1p1,56.703,6430,6046,384,0,7828,16,0,40,100
io8_l1p1n1_l3n1p1_d1d2,91.868,8472,8088,384,0,7897,72,0,40,100
io8_l1p1n1_l3n1p2,55.814,6523,6139,384,0,7996,16,0,40,100
io8_l1p1n1_l3n1p2_d1d2,85.910,8380,7996,384,0,8063,72,0,40,100
io8_l1p1n1_l3n1p4,53.855,6779,6395,384,0,8036,16,0,40,100
io8_l1p1n1_l3n1p4_d1d2,82.202,8655,8271,384,0,8058,72,0,40,100
io8_l1p1n1_l3n1p8,53.825,6751,6367,384,0,8161,16,0,40,100
io8_l1p1n1_l3n1p8_d1d2,81.632,8945,8553,392,0,8660,72,0,40,100
io8_l1p1n1_l3p1n1,78.155,8705,8193,512,0,11411,16,0,64,100
io8_l1p1n1_l3p1n1_d1d2,107.159,12036,11524,512,0,12771,72,0,64,100
io8_l1p1n1_l3p2n1,80.050,11134,10616,518,0,12390,16,0,64,100
io8_l1p1n1_l3p2n1_d1d2,82.647,12008,11496,512,0,15075,72,0,40,100
io8_l1p1n1_l3p4n1,80.867,10558,10030,528,0,12368,16,0,64,100
io8_l1p1n1_l3p4n1_d1d2,111.891,14672,14160,512,0,15549,72,0,64,100
io8_l1p1n1_l3p8n1,249.213,26987,21734,512,4741,46548,16,0,80,100
io8_l1p1n1_l3p8n1_d1d2,731.975,87756,65862,512,21382,94801,72,0,640,100
io8_l1p2n1_l3n1n1,77.175,9326,8942,384,0,10477,16,0,80,100
io8_l1p2n1_l3n1n1_d1d2,139.407,16289,15905,384,0,18562,72,0,126,100
io8_l1p2n1_l3n1n2,74.019,9388,9004,384,0,10640,16,0,80,100
io8_l1p2n1_l3n1n2_d1d2,135.630,17034,16650,384,0,18645,72,0,126,100
io8_l1p2n1_l3n1n4,81.138,9475,9091,384,0,10756,16,0,80,100
io8_l1p2n1_l3n1n4_d1d2,144.494,17243,16859,384,0,19047,72,0,126,100
io8_l1p2n1_l3n1n8,81.980,9628,9244,384,0,10810,16,0,80,100
io8_l1p2n1_l3n1n8_d1d2,142.997,16892,16508,384,0,19314,72,0,126,100
io8_l1p2n1_l3n1p1,83.857,9468,9084,384,0,10534,16,0,80,100
io8_l1p2n1_l3n1p1_d1d2,154.093,16318,15934,384,0,18598,72,0,126,100
io8_l1p2n1_l3n1p2,84.214,9608,9224,384,0,10642,16,0,80,100
io8_l1p2n1_l3n1p2_d1d2,148.043,16783,16399,384,0,18740,72,0,126,100
io8_l1p2n1_l3n1p4,82.031,9549,9165,384,0,10712,16,0,80,100
io8_l1p2n1_l3n1p4_d1d2,144.346,16701,16317,384,0,18713,72,0,126,100
io8_l1p2n1_l3n1p8,83.494,9554,9170,384,0,10832,16,0,80,100
io8_l1p2n1_l3n1p8_d1d2,142.388,16996,16612,384,0,19125,72,0,126,100
io8_l1p2n1_l3p1n1,86.182,10831,10319,512,0,13815,16,0,80,100
io8_l1p2n1_l3p1n1_d1d2,151.213,20029,19517,512,0,22441,72,0,126,100
io8_l1p2n1_l3p2n1,89.320,13086,12574,512,0,13885,16,0,80,100
io8_l1p2n1_l3p2n1_d1d2,145.429,21052,20540,512,0,25762,72,0,126,100
io8_l1p2n1_l3p4n1,88.928,12964,12452,512,0,14729,16,0,80,100
io8_l1p2n1_l3p4n1_d1d2,154.083,21708,21196,512,0,24900,72,0,126,100
io8_l1p2n1_l3p8n1,264.106,27328,22077,512,4739,43934,16,0,80,100
io8_l1p2n1_l3p8n1_d1d2,800.129,94532,72638,512,21382,98377,72,0,640,100
io8_l1p4n1_l3n1n1,100.061,16476,16092,384,0,18607,16,0,112,100
io8_l1p4n1_l3n1n1_d1d2,148.451,21017,20633,384,0,22330,72,0,126,100
io8_l1p4n1_l3n1n2,98.045,16925,16541,384,0,18697,16,0,112,100
io8_l1p4n1_l3n1n2_d1d2,143.444,20978,20594,384,0,22375,72,0,126,100
io8_l1p4n1_l3n1n4,104.954,16877,16493,384,0,18907,16,0,112,100
io8_l1p4n1_l3n1n4_d1d2,151.432,22220,21836,384,0,22972,72,0,126,100
io8_l1p4n1_l3n1n8,107.959,16956,16572,384,0,19136,16,0,112,100
io8_l1p4n1_l3n1n8_d1d2,149.704,21416,21032,384,0,22939,72,0,126,100
io8_l1p4n1_l3n1p1,108.355,16473,16089,384,0,18667,16,0,112,100
io8_l1p4n1_l3n1p1_d1d2,163.160,20984,20600,384,0,22372,72,0,126,100
io8_l1p4n1_l3n1p2,105.454,16556,16172,384,0,18732,16,0,112,100
io8_l1p4n1_l3n1p2_d1d2,156.058,21174,20790,384,0,22477,72,0,126,100
io8_l1p4n1_l3n1p4,103.322,16843,16459,384,0,18950,16,0,112,100
io8_l1p4n1_l3n1p4_d1d2,153.299,21525,21141,384,0,22455,72,0,126,100
io8_l1p4n1_l3n1p8,106.557,16780,16396,384,0,19042,16,0,112,100
io8_l1p4n1_l3n1p8_d1d2,152.484,21238,20854,384,0,22728,72,0,126,100
io8_l1p4n1_l3p1n1,111.620,18759,18247,512,0,21452,16,0,112,100
io8_l1p4n1_l3p1n1_d1d2,162.013,24651,24139,512,0,26180,72,0,126,100
io8_l1p4n1_l3p2n1,113.919,20210,19698,512,0,21794,16,0,112,100
io8_l1p4n1_l3p2n1_d1d2,151.506,24850,24338,512,0,29506,72,0,126,100
io8_l1p4n1_l3p4n1,116.208,20069,19557,512,0,22344,16,0,112,100
io8_l1p4n1_l3p4n1_d1d2,164.002,26578,26066,512,0,28662,72,0,126,100
io8_l1p4n1_l3p8n1,290.816,33408,28157,512,4739,47744,16,0,112,100
io8_l1p4n1_l3p8n1_d1d2,791.413,96061,74167,512,21382,101564,72,0,640,100
io8_l1p8n1_l3n1n1,107.381,19894,19510,384,0,21329,16,0,112,100
io8_l1p8n1_l3n1n1_d1d2,165.457,28381,27997,384,0,33715,72,0,126,100
io8_l1p8n1_l3n1n2,104.173,19851,19459,392,0,21386,16,0,112,100
io8_l1p8n1_l3n1n2_d1d2,161.606,28420,28036,384,0,33877,72,0,126,100
io8_l1p8n1_l3n1n4,110.657,19700,19316,384,0,21558,16,0,112,100
io8_l1p8n1_l3n1n4_d1d2,167.630,28521,28137,384,0,34424,72,0,126,100
io8_l1p8n1_l3n1n8,115.697,20002,19618,384,0,21547,16,0,112,100
io8_l1p8n1_l3n1n8_d1d2,163.063,28303,27919,384,0,34328,72,0,126,100
io8_l1p8n1_l3n1p1,114.673,19966,19582,384,0,21376,16,0,112,100
io8_l1p8n1_l3n1p1_d1d2,182.582,28307,27923,384,0,33872,72,0,126,100
io8_l1p8n1_l3n1p2,114.749,19728,19344,384,0,21523,16,0,112,100
io8_l1p8n1_l3n1p2_d1d2,173.759,28627,28243,384,0,33962,72,0,126,100
io8_l1p8n1_l3n1p4,110.160,19834,19450,384,0,21627,16,0,112,100
io8_l1p8n1_l3n1p4_d1d2,170.382,28653,28269,384,0,33960,72,0,126,100
io8_l1p8n1_l3n1p8,112.919,20117,19733,384,0,21520,16,0,112,100
io8_l1p8n1_l3n1p8_d1d2,166.516,28495,28111,384,0,34297,72,0,126,100
io8_l1p8n1_l3p1n1,119.304,21731,21219,512,0,24234,16,0,112,100
io8_l1p8n1_l3p1n1_d1d2,175.267,31940,31428,512,0,37616,72,0,126,100
io8_l1p8n1_l3p2n1,119.195,23343,22831,512,0,24468,16,0,112,100
io8_l1p8n1_l3p2n1_d1d2,191.013,36983,36471,512,0,41002,72,0,126,100
io8_l1p8n1_l3p4n1,125.375,23571,23059,512,0,25609,16,0,112,100
io8_l1p8n1_l3p4n1_d1d2,176.024,34737,34225,512,0,40088,72,0,126,100
io8_l1p8n1_l3p8n1,286.555,35718,30467,512,4739,47911,16,0,112,100
io8_l1p8n1_l3p8n1_d1d2,811.864,104794,82900,512,21382,104731,72,0,640,100
