name_unique,dataset_name,name,type,hls_synth__latency_best_cycles,hls_synth__latency_average_cycles,hls_synth__latency_worst_cycles,hls_synth__resources_lut_used,hls_synth__resources_ff_used,hls_synth__resources_dsp_used,hls_synth__resources_bram_used,hls_synth__resources_uram_used,impl__utilization__Total LUTs,impl__utilization__Logic LUTs,impl__utilization__LUTRAMs,impl__utilization__SRLs,impl__utilization__FFs,impl__utilization__RAMB36,impl__utilization__RAMB18,impl__utilization__URAM,impl__utilization__DSP Blocks,impl__timing__wns,impl__timing__tns,impl__timing__whs,impl__timing__ths,impl__timing__wpws,impl__timing__tpws,impl__power__total_power,impl__power__dynamic_power,impl__power__static_power,PC_0,PC_1
gsm_opt_0825d38964e1f45ee6f4b4e5a77df443,chstone_xilinx,Gsm_LPC_Analysis,space,108.0,420.0,871.0,51464,17157,87,4,0,21773,21772,0,1,14756,0,0,0,87,-1.913,-416.897,0.019,0.0,4.468,0.0,908.947,287.142,621.805,1.059879,1.0063686
gsm_opt_21690a955914018aa275971f2f423857,chstone_xilinx,Gsm_LPC_Analysis,space,108.0,440.0,990.0,51977,17138,87,4,0,21216,21215,0,1,14907,0,0,0,87,-1.808,-226.21,0.019,0.0,4.468,0.0,907.99,286.19,621.799,1.0118415,0.60416114
gsm_opt_27863689f8abfb23e9d96304bae8f117,chstone_xilinx,Gsm_LPC_Analysis,space,103.0,428.0,970.0,100594,21675,222,4,0,23055,23046,0,9,17347,0,0,0,222,-3.111,-205.682,0.019,0.0,4.468,0.0,1013.89,391.504,622.386,2.1024873,1.7584534
gsm_opt_27c4dc8848daaa91366fd06e8511c808,chstone_xilinx,Gsm_LPC_Analysis,space,376.0,758.0,1279.0,36826,15428,45,4,0,24221,24221,0,0,13692,0,0,0,45,-3.304,-801.693,0.019,0.0,4.725,0.0,911.232,289.415,621.817,0.6255806,1.2966996
gsm_opt_5a12f066ea792355b337b19a500fb595,chstone_xilinx,Gsm_LPC_Analysis,space,376.0,765.0,1318.0,34871,15224,45,4,0,23895,23895,0,0,13656,0,0,0,45,-4.138,-2251.278,0.019,0.0,4.725,0.0,915.499,293.658,621.841,1.1255169,1.3919386
gsm_opt_73e5eac93b050dd742ef5d06d9e5b6ac,chstone_xilinx,Gsm_LPC_Analysis,space,145.0,474.0,967.0,41101,16305,67,4,0,22182,22181,0,1,14338,0,0,0,67,-3.61,-1201.003,0.019,0.0,4.468,0.0,885.168,263.494,621.674,0.96329325,1.1683517
gsm_opt_d25cb66319504ea6f111a2d07fd066c0,chstone_xilinx,Gsm_LPC_Analysis,space,225.0,574.0,1087.0,36615,16041,53,4,0,22574,22574,0,0,14243,0,0,0,53,-5.963,-5348.006,0.019,0.0,4.725,0.0,830.098,208.728,621.37,1.5497279,0.8352938
gsm_opt_d7f2c78f25dad857db9d4aad849fc992,chstone_xilinx,Gsm_LPC_Analysis,space,108.0,435.0,980.0,71402,19447,139,4,0,21473,21456,0,17,16171,0,0,0,139,-2.091,-494.861,0.019,0.0,4.468,0.0,940.648,318.668,621.98,1.211277,1.3851659
gsm_opt_ea12b54bf509c1a86145135d646cfeba,chstone_xilinx,Gsm_LPC_Analysis,space,103.0,408.0,851.0,101941,21820,222,4,0,23849,23840,0,9,17318,0,0,0,222,-2.308,-99.277,0.01,0.0,4.468,0.0,1019.426,397.01,622.416,1.871616,1.7617811
gsm_opt_fc0fcb3053f2eeb9e1c660093414c4db,chstone_xilinx,Gsm_LPC_Analysis,space,108.0,422.0,900.0,73442,19636,139,4,0,22040,22023,0,17,16366,0,0,0,139,-1.247,-46.178,0.019,0.0,4.468,0.0,952.492,330.447,622.045,1.665904,1.5045326
gsm_opt_fee9791692f099e8a761049ef50975d1,chstone_xilinx,Gsm_LPC_Analysis,space,106.0,418.0,893.0,102103,21817,222,4,0,23678,23669,0,9,17477,0,0,0,222,-4.023,-2460.275,0.019,0.0,4.468,0.0,1034.507,412.007,622.5,1.8970159,1.4745684
sha_opt_200171910934764ed5e8a5b1553c5862,chstone_xilinx,sha_stream,space,57554.0,57554.0,57554.0,4130,1458,0,14,0,93,93,0,0,122,0,0,0,0,8.548,0.0,0.041,0.0,4.725,0.0,620.948,0.724,620.224,-4.365601,-2.6667094
sha_opt_94fbb3aae6ccd3df9a48ceadcabd32d0,chstone_xilinx,sha_stream,space,40335.0,40335.0,40335.0,13194,3071,0,18,0,64,64,0,0,99,0,0,0,0,8.731,0.0,0.021,0.0,4.725,0.0,620.709,0.486,620.223,-4.0174856,-1.9376035
sha_opt_9a4541c95ee31c6c4f07591b12cd6514,chstone_xilinx,sha_stream,space,49844.0,49844.0,49844.0,7009,2174,0,18,0,97,97,0,0,120,0,0,0,0,8.759,0.0,0.021,0.0,4.725,0.0,621.111,0.886,620.225,-4.000729,-2.0494227
sha_opt_bca877b18a65ce333dc19e0c3bf5c422,chstone_xilinx,sha_stream,space,33910.0,33910.0,33910.0,18119,8281,0,14,0,97,97,0,0,120,0,0,0,0,8.677,0.0,0.038,0.0,4.725,0.0,620.991,0.766,620.224,-4.87509,-1.9749091
aes_table_opt_4e97c4ec45461e153f8283862d3e3578,machsuite_xilinx,aes_table,space,611.0,611.0,611.0,330469,83173,0,32,0,17193,17151,0,42,26099,0,32,0,0,0.076,0.0,0.019,0.0,4.458,0.0,742.751,121.861,620.89,-0.21021073,3.215401
aes_table_opt_7f09e675a6cebdaef9c714805d5e69eb,machsuite_xilinx,aes_table,space,804.0,804.0,804.0,395561,78767,0,4,0,19383,19369,0,14,24805,0,4,0,0,-2.032,-208.105,0.019,0.0,4.458,0.0,760.697,139.708,620.989,-0.5232852,2.8514786
aes_table_opt_83e63ed371b80fa6584ce0adef547eef,machsuite_xilinx,aes_table,space,681.0,681.0,681.0,325694,83625,0,4,0,16031,15977,0,54,26193,0,4,0,0,0.737,0.0,0.019,0.0,4.458,0.0,762.693,141.694,621.0,-0.31642967,2.3614054
aes_table_opt_8a3159a366752f8c339d58638516d152,machsuite_xilinx,aes_table,space,611.0,611.0,611.0,330467,83197,0,32,0,17078,17036,0,42,26125,0,32,0,0,-0.986,-11.147,0.019,0.0,4.458,0.0,741.065,120.184,620.881,-0.42257604,3.4464812
aes_table_opt_ab8ded9686249a892c7f6fe24da20e97,machsuite_xilinx,aes_table,space,681.0,681.0,681.0,325694,83625,0,4,0,16031,15977,0,54,26193,0,4,0,0,0.737,0.0,0.019,0.0,4.458,0.0,762.693,141.694,621.0,-0.44808283,2.5898545
aes_table_opt_ae0c036a27cbdac38e9f7652e60291d4,machsuite_xilinx,aes_table,space,952.0,952.0,952.0,394822,77792,0,2,0,19682,19674,0,8,23896,0,2,0,0,-0.961,-13.234,0.019,0.0,4.458,0.0,750.284,129.352,620.932,-0.03270247,2.9303968
aes_table_opt_b2733e866f820d30cfce275bb14fa847,machsuite_xilinx,aes_table,space,1686.0,1855.0,2024.0,329173,83921,0,6,0,15192,15138,0,54,25912,0,6,0,0,0.438,0.0,0.019,0.0,4.458,0.0,719.691,98.927,620.764,-0.098585844,2.6616051
aes_table_opt_eb868b80d752ab472992ad760d56ec8a,machsuite_xilinx,aes_table,space,675.0,675.0,675.0,329044,83492,0,16,0,16188,16143,0,45,26075,0,16,0,0,-0.284,-0.972,0.019,0.0,4.458,0.0,691.999,71.387,620.612,-0.5117522,3.354284
aes_table_opt_f290246b1cc9c601e4f371d927e01b2a,machsuite_xilinx,aes_table,space,1782.0,1925.0,2068.0,398028,77373,0,3,0,17488,17480,0,8,23555,0,3,0,0,-0.442,-0.544,0.019,0.0,4.458,0.0,696.431,75.794,620.636,-0.47011876,2.5428894
aes_tableless_opt_20d9249413feb29600b2a863b8e6361f,machsuite_xilinx,aes_tableless,space,1786.0,17344.0,102582.0,328398,60404,0,0,0,8306,8306,0,0,25835,0,0,0,0,-0.301,-1.006,0.019,0.0,4.725,0.0,708.917,88.212,620.705,-0.7912938,2.128892
aes_tableless_opt_2f634706742d788f5aab9c8b5bdb39a9,machsuite_xilinx,aes_tableless,space,1825.0,17383.0,102621.0,328781,60446,0,0,0,8298,8298,0,0,25860,0,0,0,0,-0.539,-11.483,0.019,0.0,4.725,0.0,704.662,83.98,620.681,-0.7812668,2.040297
aes_tableless_opt_34154e2bd0cd397b1a0856d9968fe91e,machsuite_xilinx,aes_tableless,space,1717.0,17275.0,102513.0,214527,23520,0,0,0,10372,10372,0,0,14208,0,0,0,0,0.405,0.0,0.019,0.0,4.725,0.0,693.628,73.007,620.621,-1.2709086,0.5863724
aes_tableless_opt_48668a8d8254b27e431933143841f4f1,machsuite_xilinx,aes_tableless,space,1469.0,16924.0,102058.0,331945,60475,0,0,0,10179,10179,0,0,27122,0,0,0,0,1.58,0.0,0.019,0.0,4.725,0.0,740.375,119.498,620.877,-0.6895706,2.2651455
aes_tableless_opt_89f9068edf021178eaa856502707db82,machsuite_xilinx,aes_tableless,space,1916.0,17474.0,102712.0,214294,22810,0,0,0,10624,10624,0,0,13682,0,0,0,0,-0.175,-0.235,0.019,0.0,4.725,0.0,687.226,66.64,620.586,-1.8542099,1.358668
aes_tableless_opt_8ed7b0a8ac789a48b786c56e2267bf0f,machsuite_xilinx,aes_tableless,space,1819.0,17286.0,102420.0,215990,23455,0,0,0,10578,10578,0,0,14151,0,0,0,0,0.296,0.0,0.019,0.0,4.725,0.0,693.495,72.874,620.62,-1.4382368,1.1045107
aes_tableless_opt_991bd147404397414029a200204ad134,machsuite_xilinx,aes_tableless,space,1955.0,17513.0,102751.0,213843,22736,0,0,0,10471,10471,0,0,13586,0,0,0,0,-0.372,-0.939,0.019,0.0,4.725,0.0,686.429,65.847,620.582,-1.329971,0.96887076
aes_tableless_opt_aa5e0fa4286ec3a18b42bd07f50c0c57,machsuite_xilinx,aes_tableless,space,1786.0,17344.0,102582.0,214541,23613,0,0,0,10420,10420,0,0,14329,0,0,0,0,-2.491,-267.074,0.019,0.0,4.725,0.0,689.955,69.354,620.601,-1.0433072,1.3274854
aes_tableless_opt_b6e739c7c5e29191492e58590ff9e4e0,machsuite_xilinx,aes_tableless,space,1313.0,16859.0,102097.0,331148,60084,0,0,0,9779,9779,0,0,26734,0,0,0,0,0.886,0.0,0.019,0.0,4.725,0.0,731.627,110.798,620.829,-0.89904034,2.5465002
aes_tableless_opt_d3e7e03820b6db86c09724e9a91a011d,machsuite_xilinx,aes_tableless,space,1819.0,17286.0,102420.0,215990,23455,0,0,0,10578,10578,0,0,14151,0,0,0,0,0.296,0.0,0.019,0.0,4.725,0.0,693.495,72.874,620.62,-1.4055238,0.857407
aes_tableless_opt_e4c1ea15e94f505396dd01a3a999135d,machsuite_xilinx,aes_tableless,space,1897.0,17364.0,102498.0,329708,60341,0,0,0,8447,8447,0,0,25742,0,0,0,0,1.244,0.0,0.019,0.0,4.725,0.0,710.262,89.55,620.712,-0.86057335,2.4990454
aes_tableless_opt_f64a26452d92e9c786d7935842beec1c,machsuite_xilinx,aes_tableless,space,1786.0,17344.0,102582.0,328398,60404,0,0,0,8306,8306,0,0,25835,0,0,0,0,-0.301,-1.006,0.019,0.0,4.725,0.0,708.917,88.212,620.705,-0.9256211,2.4089108
bfs_bulk_opt_3ed395a9582b2382f65678d49f0da877,machsuite_xilinx,bfs_bulk,space,770.0,252170.0,998420.0,28735,4985,0,0,0,11100,11100,0,0,4912,0,0,0,0,3.46,0.0,0.019,0.0,4.725,0.0,659.917,39.481,620.437,-3.176272,-0.36278754
bfs_bulk_opt_4fac3c55de2c649c270ddf5e0f55ca07,machsuite_xilinx,bfs_bulk,space,770.0,209930.0,832020.0,6406,33449,0,0,0,10294,10294,0,0,33446,0,0,0,0,-0.222,-0.528,0.042,0.0,4.725,0.0,761.223,140.232,620.992,0.26320288,1.1739719
bfs_bulk_opt_5b227ae9456d8f93d814c258910dde91,machsuite_xilinx,bfs_bulk,space,770.0,373770.0,1487380.0,37726,19024,0,0,0,20001,20001,0,0,18988,0,0,0,0,1.722,0.0,0.019,0.0,4.725,0.0,669.48,48.99,620.489,-0.24649875,0.5909639
bfs_bulk_opt_74a51459dc094c06084b7d657b84334b,machsuite_xilinx,bfs_bulk,space,770.0,208650.0,826900.0,692,456,0,0,0,479,479,0,0,453,0,0,0,0,7.881,0.0,0.042,0.0,4.725,0.0,623.777,3.538,620.239,-4.8700333,-2.139022
bfs_bulk_opt_ab9cd725994a79bcc8be9c4fb9beb706,machsuite_xilinx,bfs_bulk,space,770.0,208650.0,826900.0,665,463,0,0,0,411,411,0,0,459,0,0,0,0,7.878,0.0,0.041,0.0,4.725,0.0,624.254,4.012,620.242,-5.083941,-1.494182
bfs_bulk_opt_bf92791b451e6c99826e846e19c237dc,machsuite_xilinx,bfs_bulk,space,770.0,209930.0,832020.0,1218,673,0,0,0,1079,1079,0,0,669,0,0,0,0,7.502,0.0,0.042,0.0,4.725,0.0,628.153,7.89,620.263,-4.9934053,-2.2334888
bfs_bulk_opt_c66492efc3382fdf5eb7a30fe275b716,machsuite_xilinx,bfs_bulk,space,770.0,208650.0,826900.0,794,460,0,0,0,683,683,0,0,457,0,0,0,0,7.746,0.0,0.042,0.0,4.725,0.0,625.067,4.821,620.246,-5.024413,-2.109096
bfs_bulk_opt_debb2d1fbe1212af0833766e14a2b176,machsuite_xilinx,bfs_bulk,space,770.0,373770.0,1487380.0,45554,19028,0,0,0,20183,20183,0,0,18992,0,0,0,0,2.814,0.0,0.019,0.0,4.725,0.0,673.233,52.723,620.51,-0.44950077,0.60792845
bfs_bulk_opt_e0fc14298acba1a74adf8a2c0270e81d,machsuite_xilinx,bfs_bulk,space,770.0,216330.0,855060.0,9205,1120,0,0,0,6080,6080,0,0,1050,0,0,0,0,2.208,0.0,0.019,0.0,4.725,0.0,658.365,37.937,620.428,-3.4774523,-1.7001569
bfs_bulk_opt_ee592148aa8b94669fec2b1e4312b769,machsuite_xilinx,bfs_bulk,space,770.0,263690.0,1044500.0,45244,70302,16,0,0,16033,9528,0,6505,16496,0,0,0,13,-0.494,-1.41,0.019,0.0,4.468,0.0,817.056,195.758,621.298,1.3093851,1.5116086
bfs_bulk_opt_f2753b5701faf71c30a7150889b46b15,machsuite_xilinx,bfs_bulk,space,770.0,221450.0,875540.0,3039,1575,0,0,0,1234,1234,0,0,1504,0,0,0,0,7.0,0.0,0.019,0.0,4.725,0.0,628.26,7.997,620.264,-4.177343,-1.6844001
bfs_queue_opt_0902da33fad7fd34c39395edd741ce64,machsuite_xilinx,bfs_queue,space,1.0,107137.0,295169.0,48967,13142,0,2,0,27211,27179,32,0,12151,0,0,0,0,-0.021,-0.021,0.024,0.0,4.468,0.0,753.656,132.706,620.95,0.6771822,1.0871694
bfs_queue_opt_3ca105cb502c4a7777b927f58799c6bf,machsuite_xilinx,bfs_queue,space,1.0,61697.0,123393.0,2709,842,0,0,0,1307,1243,64,0,830,0,0,0,0,5.599,0.0,0.019,0.0,4.468,0.0,627.541,7.281,620.26,0.9399027,-4.149016
bfs_queue_opt_50ef906c1b71987064b0ac0379d3344e,machsuite_xilinx,bfs_queue,space,1.0,63361.0,126721.0,21859,2279,0,0,0,7865,7353,512,0,2262,0,0,0,0,-0.651,-2.358,0.019,0.0,4.468,0.0,663.619,43.162,620.457,0.110701,-0.7978801
bfs_queue_opt_6aafd34e404b2ba7a27a0eaf709701b1,machsuite_xilinx,bfs_queue,space,1.0,64897.0,129793.0,4302,1639,0,0,0,1792,1760,32,0,1626,0,0,0,0,6.506,0.0,0.019,0.0,4.468,0.0,631.593,11.311,620.282,0.85496056,-3.9595635
bfs_queue_opt_8e28e662ed58436c55ab068144936eaf,machsuite_xilinx,bfs_queue,space,1.0,61569.0,123137.0,1018,341,0,1,0,285,253,32,0,286,0,0,0,0,7.393,0.0,0.019,0.0,4.468,0.0,622.572,2.339,620.233,0.20087636,-4.068297
bfs_queue_opt_b4ee26c68132d6f9889ead63a2a236e9,machsuite_xilinx,bfs_queue,space,1.0,61569.0,123137.0,1481,422,0,0,0,592,560,32,0,356,0,0,0,0,7.637,0.0,0.019,0.0,4.468,0.0,623.849,3.609,620.24,0.3589949,-3.781728
bfs_queue_opt_d183d17449f999b2a5d080119202f55d,machsuite_xilinx,bfs_queue,space,1.0,61569.0,123137.0,1091,344,0,2,0,360,328,32,0,296,0,0,0,0,7.368,0.0,0.019,0.0,4.468,0.0,622.797,2.563,620.234,0.89438844,-3.8923743
gemm_blocked_opt_60bb8e4d7d30bab541d545978c6c0616,machsuite_xilinx,bbgemm,space,163851.0,163851.0,163851.0,5987,10073,28,0,0,5690,5690,0,0,9215,0,0,0,22,3.334,0.0,0.025,0.0,4.725,0.0,658.073,37.647,620.427,-3.323346,-1.1764693
gemm_blocked_opt_634dea442db5d87dbd4ac021243e435a,machsuite_xilinx,bbgemm,space,225281.0,225281.0,225281.0,3533,7030,28,0,0,4266,4266,0,0,6753,0,0,0,22,4.864,0.0,0.025,0.0,4.725,0.0,670.213,49.72,620.493,-3.6363854,-1.4027106
gemm_blocked_opt_6bb94355158af2e3cc354e234e03a44f,machsuite_xilinx,bbgemm,space,229385.0,229385.0,229385.0,4493,3542,34,0,0,3155,3155,0,0,3144,0,0,0,28,5.772,0.0,0.024,0.0,4.725,0.0,665.013,44.548,620.465,-4.055881,-1.2278477
gemm_blocked_opt_909311b832da03ea54c4fc1dc699535e,machsuite_xilinx,bbgemm,space,199681.0,199681.0,199681.0,15319,21580,199,0,0,22174,22174,0,0,19972,0,0,0,148,-3.682,-125.167,0.019,0.0,4.725,0.0,789.692,168.544,621.148,1.113277,1.7195375
gemm_blocked_opt_a085fb8e627d9fae356177c56e3f9b09,machsuite_xilinx,bbgemm,space,196618.0,196618.0,196618.0,4320,3643,34,0,0,3368,3368,0,0,3261,0,0,0,28,5.875,0.0,0.026,0.0,4.725,0.0,703.675,82.999,620.676,-3.5268683,-1.7239876
gemm_blocked_opt_ab66a4c87a0cb25db68d495573a10338,machsuite_xilinx,bbgemm,space,192520.0,192520.0,192520.0,6431,17911,28,0,0,10833,10833,0,0,17468,0,0,0,22,1.33,0.0,0.019,0.0,4.725,0.0,702.545,81.875,620.67,-1.1636441,-0.4095697
gemm_blocked_opt_b327fd556e1e5b1da9982388dc0ba4f1,machsuite_xilinx,bbgemm,space,167946.0,167946.0,167946.0,5968,17928,28,0,0,10976,10976,0,0,17461,0,0,0,22,0.423,0.0,0.019,0.0,4.725,0.0,698.048,77.403,620.645,-0.8675037,-0.34506288
gemm_blocked_opt_e02054944426dc763c22189da225dce8,machsuite_xilinx,bbgemm,space,1572871.0,1572871.0,1572871.0,1922,1494,14,0,0,1162,1162,0,0,1369,0,0,0,11,6.102,0.0,0.02,0.0,4.725,0.0,634.725,14.426,620.299,-1.6306307,-2.2942307
gemm_blocked_opt_e47ecb4f4c74588820ec55a3ba3af96c,machsuite_xilinx,bbgemm,space,225281.0,225281.0,225281.0,2931,5862,28,0,0,3776,3776,0,0,5586,0,0,0,22,4.29,0.0,0.024,0.0,4.725,0.0,724.277,103.488,620.789,-3.3309314,-1.5767971
gemm_ncubed_opt_14871ab1d620f7d0e7f24afeeb94571f,machsuite_xilinx,gemm_ncubed,space,1355777.0,1355777.0,1355777.0,1348,1321,14,0,0,979,979,0,0,1217,0,0,0,11,5.69,0.0,0.019,0.0,4.725,0.0,639.59,19.264,620.326,-2.017146,-2.4010065
gemm_ncubed_opt_28e528bde0199eacb29f23b5405ff444,machsuite_xilinx,gemm_ncubed,space,131368.0,131368.0,131368.0,7096,16712,28,0,0,10540,9183,0,1357,16698,0,0,0,22,0.528,0.0,-0.019,-0.019,4.468,0.0,691.651,71.041,620.61,0.50427544,0.5278033
gemm_ncubed_opt_2c74945a1e24f9630b297dbd4fd96619,machsuite_xilinx,gemm_ncubed,space,131336.0,131336.0,131336.0,8275,19153,28,0,0,10273,9237,0,1036,20651,0,0,0,22,-1.383,-58.224,-0.019,-0.019,4.468,0.0,695.97,75.336,620.634,0.76927006,0.9506797
gemm_ncubed_opt_6476ed1f4fec3482fe4fde269fde4727,machsuite_xilinx,gemm_ncubed,space,1355777.0,1355777.0,1355777.0,3493,3920,14,0,0,2696,2696,0,0,3801,0,0,0,11,3.93,0.0,0.026,0.0,4.725,0.0,647.141,26.774,620.367,-1.8970232,-2.2943256
gemm_ncubed_opt_6bb9a674b083d49aab9e4d8c68754353,machsuite_xilinx,gemm_ncubed,space,1355777.0,1355777.0,1355777.0,1359,1348,14,0,0,1035,1035,0,0,1231,0,0,0,11,5.696,0.0,0.024,0.0,4.725,0.0,640.218,19.889,620.329,-2.167697,-2.4851766
gemm_ncubed_opt_8856e33cf4638eddd65764e897663af3,machsuite_xilinx,gemm_ncubed,space,1355777.0,1355777.0,1355777.0,1408,1350,14,0,0,1172,1172,0,0,1232,0,0,0,11,5.97,0.0,0.036,0.0,4.725,0.0,640.701,20.369,620.332,-2.6834493,-2.222311
gemm_ncubed_opt_9d5bb45535928f410c1ac21c39d8a98b,machsuite_xilinx,gemm_ncubed,space,1355777.0,1355777.0,1355777.0,3769,6441,14,0,0,4115,4115,0,0,6321,0,0,0,11,5.018,0.0,0.019,0.0,4.725,0.0,668.395,47.912,620.483,-1.9702649,-2.0440578
gemm_ncubed_opt_a2f1508039e02a9b8fe79ae82e8deb1b,machsuite_xilinx,gemm_ncubed,space,131339.0,131339.0,131339.0,12854,21979,28,0,0,13268,13268,0,0,21025,0,0,0,22,-1.8,-147.123,0.019,0.0,4.725,0.0,707.69,86.992,620.698,-0.06730134,0.33299342
gemm_ncubed_opt_a5946bf159c99feb3fe80e09e269f400,machsuite_xilinx,gemm_ncubed,space,1355777.0,1355777.0,1355777.0,3708,5021,14,0,0,4460,4460,0,0,4885,0,0,0,11,3.49,0.0,0.021,0.0,4.725,0.0,648.766,28.391,620.376,-1.7294215,-2.0622408
gemm_ncubed_opt_bad2ba1f6b202284722b1d261d947f24,machsuite_xilinx,gemm_ncubed,space,1355777.0,1355777.0,1355777.0,2376,2472,14,0,0,1843,1843,0,0,2356,0,0,0,11,5.999,0.0,0.021,0.0,4.725,0.0,642.567,22.225,620.342,-2.1629791,-2.4395711
md_grid_opt_1a59146583a31a542d04a0794e2b1c83,machsuite_xilinx,md,space,6401.0,1261953.0,28574081.0,7770,7820,110,0,0,8392,8248,0,144,9402,0,0,0,101,0.026,0.0,0.014,0.0,4.468,0.0,745.547,124.641,620.906,0.26808885,-0.33399412
md_grid_opt_2c7d5246aad51c42f919f75944fdde61,machsuite_xilinx,md,space,1281.0,5856001.0,354771201.0,8031,6662,86,0,0,8068,8053,0,15,8725,0,0,0,71,0.808,0.0,0.019,0.0,4.468,0.0,761.112,140.121,620.991,0.71500784,-0.5515123
md_grid_opt_56e4b2baf587e2338aeea0a98ac7872d,machsuite_xilinx,md,space,6721.0,5916929.0,356663553.0,37680,23754,86,0,0,57839,57617,0,222,21556,0,0,0,77,-5.956,-6668.286,0.007,0.0,4.468,0.0,1259.801,636.044,623.757,3.4563396,0.7387126
md_grid_opt_5d101e23cae6834cadfa4a8d401ce003,machsuite_xilinx,md,space,3649.0,5905153.0,356344065.0,12577,12092,86,0,0,13394,13276,0,118,14080,0,0,0,71,-0.455,-16.438,0.019,0.0,4.468,0.0,891.534,269.825,621.709,1.4677874,-0.23852314
md_grid_opt_7403f646f66ae27cbda9366056b9eaa2,machsuite_xilinx,md,space,7425.0,1468161.0,33960193.0,9965,12891,86,0,0,13572,13363,0,209,11828,0,0,0,71,-1.503,-29.371,0.019,0.0,4.468,0.0,819.992,198.678,621.315,0.601438,0.1644443
md_grid_opt_81fb9d232d686be93761610ac988fc8d,machsuite_xilinx,md,space,2049.0,5887745.0,355803393.0,9918,8539,86,0,0,10152,10137,0,15,10659,0,0,0,77,0.144,0.0,0.019,0.0,4.468,0.0,839.776,218.353,621.423,2.0327566,-0.6885604
md_grid_opt_c13629ab2dc07d9bf47f9abaf99934f5,machsuite_xilinx,md,space,3649.0,5905153.0,356344065.0,23356,14258,86,0,0,32632,32514,0,118,14395,0,0,0,77,-4.017,-1399.968,0.007,0.0,4.468,0.0,1093.934,471.104,622.83,0.19963664,1.2406951
md_grid_opt_e7339a0c849b3d6605240a05c2615495,machsuite_xilinx,md,space,1281.0,5856001.0,354771201.0,10481,7133,86,0,0,14145,14130,0,15,9048,0,0,0,77,-1.863,-58.257,0.019,0.0,4.468,0.0,852.178,230.686,621.492,1.1281581,-0.43887746
md_knn_opt_043e15d06e35f57ef93d947a060ac65f,machsuite_xilinx,md_kernel,space,43777.0,43777.0,43777.0,5873,8341,45,0,0,11043,10643,0,400,10531,0,0,0,36,2.426,0.0,0.007,0.0,4.468,0.0,769.955,148.915,621.039,0.104891,-0.65731657
md_knn_opt_2b793528f1081b2a225b75789c666d65,machsuite_xilinx,md_kernel,space,43777.0,43777.0,43777.0,4176,6268,42,0,0,7539,7331,0,208,8636,0,0,0,33,4.35,0.0,0.005,0.0,4.468,0.0,790.501,169.348,621.152,0.068148926,-0.8182535
md_knn_opt_6646246189f4da04954c0191ab4ef065,machsuite_xilinx,md_kernel,space,43777.0,43777.0,43777.0,5410,6095,42,0,0,8858,8650,0,208,8469,0,0,0,33,3.412,0.0,0.011,0.0,4.468,0.0,801.77,180.556,621.214,0.026558746,-0.6892834
md_knn_opt_84ebdbf133e9d0ec765b3c7c74c9bbd3,machsuite_xilinx,md_kernel,space,44033.0,44033.0,44033.0,9500,11820,62,0,0,16755,16740,0,15,14241,0,0,0,50,-1.801,-58.773,0.019,0.0,4.468,0.0,839.003,217.584,621.419,0.49302998,0.4377577
md_knn_opt_f066cc335d50985991b2b4a11d9604bf,machsuite_xilinx,md_kernel,space,43777.0,43777.0,43777.0,4364,6086,42,0,0,7974,7766,0,208,8462,0,0,0,33,5.593,0.0,0.011,0.0,4.468,0.0,794.921,173.744,621.177,-0.06187247,-0.77067345
sort_radix_opt_196be84b23eeece67a207bc559824a1a,machsuite_xilinx,ss_sort,space,231793.0,231793.0,231793.0,20073,7513,0,0,0,6075,6075,0,0,6552,0,0,0,0,5.909,0.0,0.019,0.0,4.725,0.0,654.569,34.162,620.408,-3.312714,-1.2943091
sort_radix_opt_1e8d05393d9b881d6b2f6f7742b356e9,machsuite_xilinx,ss_sort,space,99825.0,99825.0,99825.0,86806,52105,0,0,0,56230,56230,0,0,47663,0,0,0,0,3.671,0.0,0.023,0.0,4.725,0.0,762.804,141.804,621.0,0.50202566,2.5279942
sort_radix_opt_45df591a4bac8bd66cb869ae83b213e8,machsuite_xilinx,ss_sort,space,132577.0,132577.0,132577.0,19837,11657,0,0,0,13759,13759,0,0,10525,0,0,0,0,4.356,0.0,0.021,0.0,4.725,0.0,667.837,47.357,620.48,-2.414326,-0.3608351
sort_radix_opt_55e7d777589d8f5fe857cf370c83bb59,machsuite_xilinx,ss_sort,space,168369.0,168369.0,168369.0,13118,2568,0,0,0,3989,3989,0,0,2114,0,0,0,0,5.407,0.0,0.021,0.0,4.725,0.0,646.445,26.082,620.363,-3.7273486,-1.2734202
sort_radix_opt_63f378b39375eca8e49d951c22754d4e,machsuite_xilinx,ss_sort,space,132561.0,132561.0,132561.0,18293,8649,0,0,0,10089,10089,0,0,7951,0,0,0,0,4.806,0.0,0.021,0.0,4.725,0.0,650.219,29.835,620.384,-3.439797,-0.8830204
sort_radix_opt_84bbe852b927cbed11648809897bba38,machsuite_xilinx,ss_sort,space,197057.0,197057.0,197057.0,67593,44268,0,0,0,42443,42443,0,0,41689,0,0,0,0,3.627,0.0,0.019,0.0,4.725,0.0,823.263,201.93,621.332,0.8563866,1.7435347
sort_radix_opt_a4cd3a342e090d8b96469ab8dd8bcdd2,machsuite_xilinx,ss_sort,space,116113.0,116113.0,116113.0,25759,12424,0,0,0,13896,13896,0,0,10592,0,0,0,0,3.886,0.0,0.021,0.0,4.725,0.0,679.217,58.674,620.542,-2.2540345,-0.369515
sort_radix_opt_b83bcdd57695308bb4e6e1b012041d99,machsuite_xilinx,ss_sort,space,230001.0,230001.0,230001.0,22742,13106,0,0,0,14252,14252,0,0,11970,0,0,0,0,5.256,0.0,0.021,0.0,4.725,0.0,653.628,33.226,620.402,-2.1737442,-0.7766533
sort_radix_opt_c6152c731949a821d560dc6d174f49f2,machsuite_xilinx,ss_sort,space,165313.0,165313.0,165313.0,11253,6357,0,0,0,7793,7793,0,0,5747,0,0,0,0,4.917,0.0,0.025,0.0,4.725,0.0,648.16,27.787,620.373,-3.594262,-1.196281
sort_radix_opt_e73e3330b3df07a7eedcfe5b32b4df2b,machsuite_xilinx,ss_sort,space,99825.0,99825.0,99825.0,45143,27482,0,0,0,27831,27831,0,0,24557,0,0,0,0,4.305,0.0,0.019,0.0,4.725,0.0,705.562,84.875,620.686,0.3050023,1.0923568
sort_radix_opt_f45add67307f63a2251ecfa20896fe17,machsuite_xilinx,ss_sort,space,132561.0,132561.0,132561.0,26799,10074,0,0,0,8164,8164,0,0,8913,0,0,0,0,4.673,0.0,0.023,0.0,4.725,0.0,659.312,38.879,620.433,-3.5476985,-0.9361685
sort_radix_opt_fb66ff1d1c2cf55dfc4a798267f30bbc,machsuite_xilinx,ss_sort,space,201121.0,201121.0,201121.0,8459,1526,0,0,0,2816,2816,0,0,892,0,0,0,0,6.637,0.0,0.03,0.0,4.725,0.0,638.354,18.035,620.319,-4.1007056,-1.4831533
spmv_ellpack_opt_0243ec06e5b17d37b202280db73c75d0,machsuite_xilinx,ellpack,space,31123.0,31123.0,31123.0,1724,1436,14,0,0,1579,1579,0,0,1287,0,0,0,11,5.659,0.0,0.036,0.0,4.725,0.0,649.127,28.749,620.378,-4.335507,-1.7289885
spmv_ellpack_opt_0c37d2f9d28aeaa5c4cc18cc984e5185,machsuite_xilinx,ellpack,space,31123.0,31123.0,31123.0,1339,1383,14,0,0,1046,1046,0,0,1280,0,0,0,11,6.281,0.0,0.029,0.0,4.725,0.0,640.39,20.06,620.33,-4.311662,-1.8830763
spmv_ellpack_opt_5a2395a4d197ba9fe1587bdfb417cfbb,machsuite_xilinx,ellpack,space,25202.0,25202.0,25202.0,1984,2760,14,0,0,2164,2164,0,0,2649,0,0,0,11,6.115,0.0,0.021,0.0,4.725,0.0,647.341,26.973,620.368,-4.0955515,-1.4213737
spmv_ellpack_opt_5e45573378086c251c6a48fc6587c6ae,machsuite_xilinx,ellpack,space,25202.0,25202.0,25202.0,3697,2909,14,0,0,3913,3913,0,0,2755,0,0,0,11,4.973,0.0,0.021,0.0,4.725,0.0,646.53,26.166,620.364,-3.868183,-1.776417
spmv_ellpack_opt_8df5385bdb22ff8d80096e58b65310d3,machsuite_xilinx,ellpack,space,2528.0,2528.0,2528.0,8211,7296,28,0,0,4726,4713,0,13,6266,0,0,0,22,2.797,0.0,0.019,0.0,4.468,0.0,660.98,40.537,620.443,-0.066846915,-2.0898046
spmv_ellpack_opt_a060c371270618826c06d5b63a52e003,machsuite_xilinx,ellpack,space,25202.0,25202.0,25202.0,4217,2891,14,0,0,3891,3891,0,0,2743,0,0,0,11,4.476,0.0,0.026,0.0,4.725,0.0,647.069,26.702,620.367,-4.2861295,-0.9429173
spmv_ellpack_opt_f0ade323a8934170348a592b246e78cb,machsuite_xilinx,ellpack,space,25202.0,25202.0,25202.0,2712,2911,14,0,0,2902,2902,0,0,2765,0,0,0,11,6.039,0.0,0.021,0.0,4.725,0.0,649.759,29.378,620.381,-3.9392345,-1.1233337
spmv_ellpack_opt_f5cbf8e0f817c4673c568b79214be8bc,machsuite_xilinx,ellpack,space,25202.0,25202.0,25202.0,2104,2796,14,0,0,2227,2227,0,0,2683,0,0,0,11,3.334,0.0,0.026,0.0,4.725,0.0,648.204,27.831,620.373,-3.7735205,-1.1812637
stencil2D_opt_0dd4fc56c460ee82b3e858a6456f2b21,machsuite_xilinx,stencil,space,39069.0,39069.0,39069.0,1625,643,6,0,0,929,929,0,0,628,0,0,0,6,2.243,0.0,0.048,0.0,4.725,0.0,634.597,14.299,620.299,-5.1665425,-1.3649579
stencil2D_opt_1aa4f97a3394dc09785b809285cca95a,machsuite_xilinx,stencil,space,27726.0,27726.0,27726.0,14964,3416,33,0,0,5960,5960,0,0,2873,0,0,0,33,-2.644,-270.329,0.026,0.0,4.725,0.0,674.976,54.457,620.519,-2.3607116,-0.9267404
stencil2D_opt_384720b71623b3894cea137ee723f201,machsuite_xilinx,stencil,space,86185.0,86185.0,86185.0,434,124,6,0,0,208,208,0,0,124,0,0,0,6,3.923,0.0,0.046,0.0,4.725,0.0,628.244,7.981,620.264,-4.87613,-1.5099068
stencil2D_opt_3f5f66e3117dc10121117bc3f48575c1,machsuite_xilinx,stencil,space,54942.0,54942.0,54942.0,872,602,6,0,0,540,540,0,0,597,0,0,0,6,1.238,0.0,0.054,0.0,4.725,0.0,633.982,13.687,620.295,-5.4306345,-1.4151913
stencil2D_opt_518be3d1dff9fbabb5ed5a9c38525437,machsuite_xilinx,stencil,space,11728.0,11728.0,11728.0,1805,942,18,0,0,1152,1152,0,0,915,0,0,0,18,0.9,0.0,0.047,0.0,4.725,0.0,645.493,25.135,620.358,-4.8078375,-0.44814083
stencil2D_opt_726cff7db90b9e5393b41e5581bf46ce,machsuite_xilinx,stencil,space,15634.0,15634.0,15634.0,1700,674,15,0,0,947,947,0,0,662,0,0,0,15,1.869,0.0,0.041,0.0,4.725,0.0,649.994,29.612,620.383,-4.400747,-1.4596707
stencil2D_opt_8cf4e238c49b4c7e80a21bbdb6c87d38,machsuite_xilinx,stencil,space,39069.0,39069.0,39069.0,2217,642,6,0,0,1329,1329,0,0,628,0,0,0,6,1.611,0.0,0.047,0.0,4.725,0.0,628.821,8.555,620.267,-5.041303,-0.8248361
stencil2D_opt_abbd8484cf74479d0fb841f46bb48e80,machsuite_xilinx,stencil,space,54942.0,54942.0,54942.0,2118,594,6,0,0,1370,1370,0,0,592,0,0,0,6,1.849,0.0,0.051,0.0,4.725,0.0,645.061,24.705,620.356,-5.4151683,-1.2902898
stencil2D_opt_b82a4b1abe206953738169f410937f80,machsuite_xilinx,stencil,space,23446.0,23446.0,23446.0,1023,636,9,0,0,622,622,0,0,624,0,0,0,9,1.601,0.0,0.024,0.0,4.725,0.0,633.58,13.287,620.293,-4.4489713,-1.155697
stencil2D_opt_e4a15c39545b08edc158f4e4f729a1e5,machsuite_xilinx,stencil,space,4164.0,4164.0,4164.0,20243,5297,141,0,0,18698,18698,0,0,5190,0,0,0,141,-7.91,-13992.01,0.026,0.0,4.725,0.0,1035.815,413.308,622.507,2.4623973,-0.17009005
stencil2D_opt_f33dd8e871e8dd76744ccf519fd33f9b,machsuite_xilinx,stencil,space,18276.0,18276.0,18276.0,2835,1203,12,0,0,1801,1801,0,0,1072,0,0,0,12,-0.228,-0.951,0.046,0.0,4.725,0.0,638.587,18.267,620.32,-4.474287,-0.6717288
stencil2D_opt_fde89f26085d4e4739d0f635cb9afd93,machsuite_xilinx,stencil,space,35790.0,35790.0,35790.0,2331,1007,6,0,0,1247,1247,0,0,920,0,0,0,6,0.997,0.0,0.032,0.0,4.725,0.0,631.629,11.346,620.282,-3.9954536,-1.2227005
stencil3D_opt_0f4712d94bfefdade3161ea139f4be23,machsuite_xilinx,stencil3d,space,38765.0,38765.0,38765.0,7644,1531,3,0,0,1295,1295,0,0,834,0,0,0,3,1.863,0.0,0.019,0.0,4.725,0.0,628.959,8.692,620.268,-4.025146,-1.3500589
stencil3D_opt_15a4bef77e97aea72ec77a43d1f24b07,machsuite_xilinx,stencil3d,space,22696.0,22696.0,22696.0,45523,5004,9,0,0,19772,19772,0,0,4829,0,0,0,9,-9.457,-677.08,0.027,0.0,4.725,0.0,854.279,232.776,621.503,0.8541274,1.2917938
stencil3D_opt_175a65e631ea2fa547fd82cf459007a4,machsuite_xilinx,stencil3d,space,17151.0,17151.0,17151.0,27010,1990,6,0,0,8642,8642,0,0,1906,0,0,0,6,1.282,0.0,0.023,0.0,4.725,0.0,639.207,18.884,620.324,-3.259806,-1.2293835
stencil3D_opt_18bbc5cd481884ae0b9403f080c074d3,machsuite_xilinx,stencil3d,space,16016.0,16016.0,16016.0,24409,4912,9,0,0,4141,4141,0,0,2472,0,0,0,9,1.582,0.0,0.019,0.0,4.725,0.0,648.373,27.999,620.374,-3.3822343,-1.0115111
stencil3D_opt_54f58f9379a4e23095efb5cc67fc6148,machsuite_xilinx,stencil3d,space,14001.0,14001.0,14001.0,31033,4237,6,0,0,12733,12733,0,0,4037,0,0,0,6,-1.321,-151.891,0.023,0.0,4.725,0.0,668.633,48.148,620.484,-1.2271339,-0.19459207
stencil3D_opt_5716fe3b6b2974e3cb9f35bc4c137cda,machsuite_xilinx,stencil3d,space,3403.0,3403.0,3403.0,64854,5004,42,0,0,23858,23858,0,0,4555,0,0,0,42,-7.871,-2996.474,0.023,0.0,4.725,0.0,890.694,268.99,621.704,1.561205,1.0724201
stencil3D_opt_5d9ca878e13fae93b76e94511c0e7021,machsuite_xilinx,stencil3d,space,1187.0,1187.0,1187.0,71790,11017,96,0,0,26655,26655,0,0,10938,0,0,0,96,-7.504,-16380.743,0.032,0.0,4.725,0.0,1131.033,507.996,623.037,2.4236624,0.34096915
stencil3D_opt_61167d96bf076415434e29adf9caa335,machsuite_xilinx,stencil3d,space,4221.0,4221.0,4221.0,12143,2559,42,0,0,5838,5838,0,0,2531,0,0,0,42,0.177,0.0,0.039,0.0,4.725,0.0,752.251,131.309,620.942,-2.1703937,-0.7800156
stencil3D_opt_cfee41c3c7af95b3eb292018ed8d1095,machsuite_xilinx,stencil3d,space,3229.0,3229.0,3229.0,23550,3514,30,0,0,3628,3628,0,0,2797,0,0,0,30,2.344,0.0,0.03,0.0,4.725,0.0,688.224,67.632,620.591,-3.579136,-1.3262006
stencil3D_opt_e85bbebbe35f53b5e775ce3c4ad860d6,machsuite_xilinx,stencil3d,space,22568.0,22568.0,22568.0,14772,3359,6,0,0,3555,3555,0,0,1869,0,0,0,6,0.702,0.0,0.023,0.0,4.725,0.0,644.524,24.171,620.353,-4.041568,-0.9013992
viterbi_opt_1801f7fb3d99fa0cdda259f915c51cb3,machsuite_xilinx,viterbi,space,838700.0,838700.0,838700.0,16947,7630,6,128,0,10741,10740,0,1,7139,64,0,0,6,1.989,0.0,0.019,0.0,4.458,0.0,809.125,187.392,621.733,0.68512547,0.10542897
viterbi_opt_1d7c190d94f9fbff866dc32acecf5c3e,machsuite_xilinx,viterbi,space,828408.0,828408.0,828408.0,41838,15284,6,128,0,25097,25096,0,1,15206,64,0,0,6,-6.396,-1246.468,0.021,0.0,4.458,0.0,825.142,203.32,621.822,1.3113039,1.2567508
viterbi_opt_301177b8fc0bca8cac0e15385c75800d,machsuite_xilinx,viterbi,space,837304.0,837304.0,837304.0,40706,13702,6,128,0,23478,23477,0,1,13093,64,0,0,6,-0.311,-1.425,0.021,0.0,4.458,0.0,794.787,173.132,621.654,1.2894167,1.1546577
viterbi_opt_401ab925bd6adf32e1102f38e77fa79f,machsuite_xilinx,viterbi,space,679127.0,679127.0,679127.0,32662,9892,9,64,0,17570,17559,0,11,9275,32,0,0,9,-0.212,-0.766,0.024,0.0,4.458,0.0,993.431,370.918,622.513,1.0853251,0.7366169
viterbi_opt_4866a9542cec299403dd9f40eecbe6fa,machsuite_xilinx,viterbi,space,296121.0,296121.0,296121.0,28760,15312,12,56,0,19923,19905,0,18,14939,24,4,0,12,-1.8,-104.239,0.019,0.0,4.458,0.0,811.752,190.303,621.449,0.59069276,0.5668946
viterbi_opt_5dbf2e52305f61b4b87ad965635987f1,machsuite_xilinx,viterbi,space,819512.0,819512.0,819512.0,40293,13034,9,44,0,19642,19642,0,0,12355,20,2,0,9,-3.882,-236.847,0.021,0.0,4.458,0.0,809.594,188.187,621.407,0.8421833,0.8246962
viterbi_opt_89e95fd09eff30aab0868315fdc62ea6,machsuite_xilinx,viterbi,space,820908.0,820908.0,820908.0,9083,5221,9,44,0,6642,6631,0,11,4859,20,2,0,9,3.147,0.0,0.021,0.0,4.458,0.0,711.906,91.035,620.87,0.116434515,-1.4808671
viterbi_opt_94eb4cd12d57775384a58ec3e95d97e0,machsuite_xilinx,viterbi,space,820908.0,820908.0,820908.0,10610,5218,9,44,0,7230,7219,0,11,4856,20,2,0,9,2.33,0.0,0.028,0.0,4.458,0.0,718.352,97.447,620.906,-0.105112426,-1.4683305
viterbi_opt_ce56f4ee12763f3ee90af2438d8286fd,machsuite_xilinx,viterbi,space,820907.0,820907.0,820907.0,29269,10423,9,128,0,18754,18754,0,0,10335,64,0,0,9,-3.087,-74.309,0.023,0.0,4.458,0.0,789.847,168.22,621.627,1.2859094,0.5753011
viterbi_opt_ce9104942f071a50ce7311cc14898787,machsuite_xilinx,viterbi,space,678988.0,678988.0,678988.0,35148,13488,9,128,0,22035,22035,0,0,12733,64,0,0,9,-1.557,-29.333,0.028,0.0,4.458,0.0,1041.51,418.488,623.022,1.6877639,1.2243893
viterbi_opt_de66f241e27fafe696b9fe7026d177e6,machsuite_xilinx,viterbi,space,820907.0,820907.0,820907.0,8780,4821,9,64,0,5910,5899,0,11,4445,32,0,0,9,3.649,0.0,0.019,0.0,4.458,0.0,719.742,98.74,621.003,0.16129105,-1.8963581
viterbi_opt_fe8ccc7b84cf1fdf6872ddd4de6bcd8f,machsuite_xilinx,viterbi,space,829804.0,829804.0,829804.0,9944,5412,6,64,0,6923,6917,0,6,5142,32,0,0,6,3.608,0.0,0.019,0.0,4.458,0.0,726.482,105.442,621.04,0.15732081,-1.658611
atax_opt_16e8f88f590fe5d45c730afd973de098,polybench_xilinx,atax,space,26700.0,26700.0,26700.0,2291,1552,5,8,0,1329,1073,256,0,1452,4,0,0,5,5.336,0.0,0.024,0.0,4.458,0.0,639.604,19.248,620.356,1.2120982,-3.934422
atax_opt_2fabd2ab7c82ae536f56d18732998a21,polybench_xilinx,atax,space,42571.0,42571.0,42571.0,3550,2837,5,8,0,1997,1485,512,0,2715,0,8,0,5,5.197,0.0,0.019,0.0,4.458,0.0,644.293,23.942,620.351,0.4870266,-3.410519
atax_opt_652b8d2085461a5b55c7ab5e944cafe3,polybench_xilinx,atax,space,30732.0,30732.0,30732.0,2389,1880,5,8,0,1427,1171,256,0,1779,4,0,0,5,5.432,0.0,0.019,0.0,4.458,0.0,639.28,18.927,620.354,0.8660789,-4.0052876
atax_opt_88e6e4bd889f40519ff19bfa14e9b8c5,polybench_xilinx,atax,space,30284.0,30284.0,30284.0,3527,2347,5,8,0,1959,1447,512,0,2223,0,8,0,5,5.55,0.0,0.028,0.0,4.458,0.0,644.432,24.08,620.352,0.26524916,-3.6694915
atax_opt_cd53ec28cbe21869cb5bd96ea640ad55,polybench_xilinx,atax,space,14296.0,14296.0,14296.0,14732,21749,80,32,0,13939,13683,256,0,20309,24,0,0,80,2.03,0.0,0.036,0.0,4.458,0.0,840.285,218.679,621.606,0.34590837,0.33625838
atax_opt_d05a00db8adda49bfea1c05de45c49fc,polybench_xilinx,atax,space,21586.0,21586.0,21586.0,1563,1263,5,12,0,824,748,64,12,1002,5,0,0,5,5.428,0.0,0.023,0.0,4.458,0.0,640.948,20.578,620.37,0.8442293,-3.934531
atax_opt_d4bc95179cc225fcb6064586a131ff45,polybench_xilinx,atax,space,18512.0,18512.0,18512.0,6025,5977,40,8,0,3964,3317,640,7,4860,0,8,0,40,5.131,0.0,0.019,0.0,4.458,0.0,700.257,79.599,620.657,0.50442946,-2.9149163
atax_opt_e0ed5fc4962f393b201e18aa99941c8b,polybench_xilinx,atax,space,19760.0,19760.0,19760.0,12154,17582,80,66,0,11470,11374,96,0,16806,30,0,0,80,2.103,0.0,0.021,0.0,4.458,0.0,818.086,196.557,621.528,0.48257104,-0.027450267
atax_opt_f825c93d50cc23cccea05f71d8c3e1d1,polybench_xilinx,atax,space,10021.0,10021.0,10021.0,22718,34785,160,132,0,21440,15956,128,5356,28994,62,0,0,160,-4.998,-4338.999,-0.02,-0.358,4.458,0.0,1122.989,499.528,623.461,2.777787,1.4946896
bicg_opt_40095e42d87d8883d0cf5083251b9caf,polybench_xilinx,bicg,space,19471.0,19471.0,19471.0,3612,3478,20,8,0,2324,1931,384,9,2881,4,0,0,20,5.284,0.0,0.019,0.0,4.458,0.0,678.565,57.996,620.569,0.8407191,-3.6190176
bicg_opt_5334546da9e231f1c47cd6e7e43c5ab5,polybench_xilinx,bicg,space,43018.0,43018.0,43018.0,2539,1810,5,8,0,1446,1126,320,0,1712,4,0,0,5,5.302,0.0,0.019,0.0,4.458,0.0,639.449,19.095,620.355,0.64502364,-3.8612094
bicg_opt_53e94272afde646eacc3a057d651d062,polybench_xilinx,bicg,space,19759.0,19759.0,19759.0,11982,17240,80,68,0,11286,11158,128,0,16531,30,0,0,80,1.766,0.0,0.019,0.0,4.458,0.0,860.742,238.978,621.764,0.6502007,0.30148864
bicg_opt_545a3e9fcfb12dea3e859e933cbaf863,polybench_xilinx,bicg,space,19508.0,19508.0,19508.0,20875,26079,134,142,0,17852,17692,160,0,25422,66,0,0,134,-2.072,-37.107,0.019,0.0,4.458,0.0,873.432,251.328,622.104,1.3649349,1.3181303
bicg_opt_55f1fc008f5189a375b50b075abad086,polybench_xilinx,bicg,space,30283.0,30283.0,30283.0,3906,3391,5,8,0,2359,1719,640,0,3266,0,8,0,5,4.92,0.0,0.019,0.0,4.458,0.0,647.709,27.339,620.37,0.36779365,-3.6790607
bicg_opt_ba24811d4dcfa1b6b10e966873dc18b3,polybench_xilinx,bicg,space,25552.0,25552.0,25552.0,1442,1028,5,14,0,955,756,192,7,1099,4,0,0,5,4.774,0.0,0.019,0.0,4.458,0.0,638.126,17.779,620.347,0.4743866,-3.7035599
bicg_opt_d084211d0602d00807efacfd5d20e958,polybench_xilinx,bicg,space,30283.0,30283.0,30283.0,3852,2826,5,8,0,2215,1575,640,0,2702,0,8,0,5,5.329,0.0,0.022,0.0,4.458,0.0,654.943,34.533,620.41,0.9462559,-3.3532841
bicg_opt_e1401f5f21c886cc4f1facb14f7fb938,polybench_xilinx,bicg,space,6950.0,6950.0,6950.0,23069,35292,160,136,0,21843,16295,192,5356,29781,62,0,0,160,0.773,0.0,-0.02,-0.412,4.458,0.0,1014.306,391.451,622.855,2.1801927,1.9231458
bicg_opt_e26a6ebac84d7b9e5bd49aa4a3c96db2,polybench_xilinx,bicg,space,14479.0,14479.0,14479.0,6218,6326,40,8,0,4169,3394,768,7,5210,0,8,0,40,4.987,0.0,0.019,0.0,4.458,0.0,736.943,116.085,620.858,0.48928657,-2.4161398
gemm_opt_005cf8bb045a4fb3c76a388b9dd58a67,polybench_xilinx,gemm,space,28958.0,28958.0,28958.0,16366,22844,128,256,0,13640,10921,0,2719,19044,128,0,0,128,-3.203,-77.535,-0.02,-0.245,4.458,0.0,1028.216,404.786,623.43,1.8390511,2.9959462
gemm_opt_150fca79959f0434ec99af23839efdb8,polybench_xilinx,gemm,space,28958.0,28958.0,28958.0,16366,22844,128,256,0,13640,10921,0,2719,19044,128,0,0,128,-3.203,-77.535,-0.02,-0.245,4.458,0.0,1028.216,404.786,623.43,2.1538658,3.153211
gemm_opt_470eb9169366e5fca725f59f47374f8a,polybench_xilinx,gemm,space,28958.0,28958.0,28958.0,16366,22844,128,256,0,13640,10921,0,2719,19044,128,0,0,128,-3.203,-77.535,-0.02,-0.245,4.458,0.0,1028.216,404.786,623.43,3.0451572,3.4876037
gemm_opt_51fc7fb48a3381cfe66e2709e6125930,polybench_xilinx,gemm,space,28958.0,28958.0,28958.0,16366,22844,128,256,0,13640,10921,0,2719,19044,128,0,0,128,-3.203,-77.535,-0.02,-0.245,4.458,0.0,1028.216,404.786,623.43,2.1808965,3.3788395
gemm_opt_5221d480c434e2e36e79e2823a8a357b,polybench_xilinx,gemm,space,28958.0,28958.0,28958.0,16366,22844,128,256,0,13640,10921,0,2719,19044,128,0,0,128,-3.203,-77.535,-0.02,-0.245,4.458,0.0,1028.216,404.786,623.43,1.8260694,3.1911955
gemm_opt_63a60abcf5699d658eee3fa893c1e7d0,polybench_xilinx,gemm,space,28958.0,28958.0,28958.0,16366,22844,128,256,0,13640,10921,0,2719,19044,128,0,0,128,-3.203,-77.535,-0.02,-0.245,4.458,0.0,1028.216,404.786,623.43,2.617755,3.3155377
gemm_opt_64b43800695a6e3cb0b61248be5ac204,polybench_xilinx,gemm,space,28958.0,28958.0,28958.0,16366,22844,128,256,0,13640,10921,0,2719,19044,128,0,0,128,-3.203,-77.535,-0.02,-0.245,4.458,0.0,1028.216,404.786,623.43,1.9498084,2.7480955
gemm_opt_9e4db76ce30803d5554fe31d7bc363ae,polybench_xilinx,gemm,space,28958.0,28958.0,28958.0,16366,22844,128,256,0,13640,10921,0,2719,19044,128,0,0,128,-3.203,-77.535,-0.02,-0.245,4.458,0.0,1028.216,404.786,623.43,1.8419002,2.7661655
gemm_opt_a2d61a52ea12f34b39bedd675a0f2554,polybench_xilinx,gemm,space,28958.0,28958.0,28958.0,16366,22844,128,256,0,13640,10921,0,2719,19044,128,0,0,128,-3.203,-77.535,-0.02,-0.245,4.458,0.0,1028.216,404.786,623.43,2.2586968,2.4057035
gemm_opt_ac139bcfefc71f7366683503e6faa76f,polybench_xilinx,gemm,space,28958.0,28958.0,28958.0,16366,22844,128,256,0,13640,10921,0,2719,19044,128,0,0,128,-3.203,-77.535,-0.02,-0.245,4.458,0.0,1028.216,404.786,623.43,2.7325442,2.5168836
gemm_opt_ac4d026df24a55625bdb482ee3c2debf,polybench_xilinx,gemm,space,28958.0,28958.0,28958.0,16366,22844,128,256,0,13640,10921,0,2719,19044,128,0,0,128,-3.203,-77.535,-0.02,-0.245,4.458,0.0,1028.216,404.786,623.43,2.4228628,3.2656882
gemm_opt_f4a2e9d7a8efe5fc26eb8dc4e88d56fb,polybench_xilinx,gemm,space,28958.0,28958.0,28958.0,16366,22844,128,256,0,13640,10921,0,2719,19044,128,0,0,128,-3.203,-77.535,-0.02,-0.245,4.458,0.0,1028.216,404.786,623.43,2.2772572,3.0216653
gesummv_opt_183602602d5d3239e0eee67d4cbf11a2,polybench_xilinx,gesummv,space,31950.0,31950.0,31950.0,2922,2165,5,16,0,1514,1251,256,7,1681,8,0,0,5,5.379,0.0,0.024,0.0,4.458,0.0,645.192,24.777,620.416,1.1191726,-4.0199027
gesummv_opt_2557497feaa1844a4bcf7bcec2064377,polybench_xilinx,gesummv,space,20136.0,20136.0,20136.0,27755,43233,256,138,0,26892,21364,160,5368,36295,64,0,0,256,-2.234,-452.831,-0.02,-0.272,4.458,0.0,1006.947,384.117,622.829,2.1744783,2.4166512
gesummv_opt_526515fffb892c79dd0143b3183ccc75,polybench_xilinx,gesummv,space,35534.0,35534.0,35534.0,4609,3653,5,16,0,2343,1824,512,7,2940,0,16,0,5,5.214,0.0,0.019,0.0,4.458,0.0,655.451,35.039,620.412,0.8221585,-2.9832866
gesummv_opt_75f0683004c7ed2043a6873d8e28afd8,polybench_xilinx,gesummv,space,20123.0,20123.0,20123.0,27996,43561,256,198,0,27711,21583,760,5368,37646,64,0,0,256,-3.979,-2043.008,-0.02,-0.192,4.458,0.0,987.226,364.506,622.72,2.7122383,1.8505228
gesummv_opt_a04c012f9ebef589dbd9c78fc16cdddb,polybench_xilinx,gesummv,space,35918.0,35918.0,35918.0,2952,2388,5,16,0,1648,1385,256,7,1964,8,0,0,5,5.341,0.0,0.021,0.0,4.458,0.0,647.207,26.78,620.427,0.53896815,-4.245366
gesummv_opt_c18828972f8a7cfbd84dff454c20c49f,polybench_xilinx,gesummv,space,31566.0,31566.0,31566.0,4564,3596,5,16,0,2305,1786,512,7,2823,0,16,0,5,5.499,0.0,0.019,0.0,4.458,0.0,654.132,33.727,620.405,0.46034002,-3.1597476
gesummv_opt_e833a9064693e7ffa1b178b3761cb654,polybench_xilinx,gesummv,space,35534.0,35534.0,35534.0,4555,3152,5,16,0,2159,1640,512,7,2440,0,16,0,5,5.271,0.0,0.019,0.0,4.458,0.0,656.715,36.295,620.419,0.7993439,-3.118907
gesummv_opt_ef2b96ca155ff5b21533356b7a1006b1,polybench_xilinx,gesummv,space,35023.0,35023.0,35023.0,1756,1446,5,21,0,1114,939,160,15,1286,8,0,0,5,5.427,0.0,0.019,0.0,4.458,0.0,640.96,20.567,620.393,0.01838604,-4.464368
k2mm_opt_1e4d3024979f6688e034bfe07c5bc4ff,polybench_xilinx,k2mm,space,878875.0,878875.0,878875.0,14994,19426,80,280,0,11701,8980,0,2721,15963,140,0,0,80,-1.366,-112.911,-0.02,-0.171,4.458,0.0,931.939,308.955,622.984,2.1034124,1.1771064
k2mm_opt_26c507bafef1683016b090c2e1370146,polybench_xilinx,k2mm,space,2180630.0,2180630.0,2180630.0,12102,5585,40,88,0,4270,4261,0,9,4873,16,48,0,40,5.054,0.0,0.019,0.0,4.458,0.0,749.603,128.556,621.047,1.9191369,-1.9162883
k2mm_opt_4fce37b0a8e5f8d78704fbc835966996,polybench_xilinx,k2mm,space,2179094.0,2179094.0,2179094.0,7521,3310,13,64,0,2263,2252,0,11,2550,32,0,0,13,5.046,0.0,0.019,0.0,4.458,0.0,680.474,59.687,620.787,-0.552906,-1.969789
k2mm_opt_7d215b8c1e1543f974fbf24b8ff940d4,polybench_xilinx,k2mm,space,1925142.0,1925142.0,1925142.0,7285,3081,13,64,0,2081,2070,0,11,2263,32,0,0,13,5.229,0.0,0.019,0.0,4.458,0.0,676.759,55.992,620.767,-0.5164,-1.9154891
k2mm_opt_9dba5a4512f14ecca4ab1731e86d120e,polybench_xilinx,k2mm,space,1926294.0,1926294.0,1926294.0,30717,31585,160,152,0,19651,19651,0,0,29401,56,32,0,160,0.783,0.0,0.019,0.0,4.458,0.0,885.47,263.375,622.095,2.0449913,-0.3385605
k2mm_opt_d8ada3e9a38dbf0bed43849ea7942576,polybench_xilinx,k2mm,space,2180118.0,2180118.0,2180118.0,9945,6270,20,64,0,4221,4221,0,0,5743,32,0,0,20,5.192,0.0,0.019,0.0,4.458,0.0,680.46,59.673,620.787,-0.7251001,-1.7421117
k2mm_opt_d96de13db6ffeecb905c8dc7baa4e00d,polybench_xilinx,k2mm,space,2184214.0,2184214.0,2184214.0,10564,3037,11,88,0,2595,2580,0,15,2619,16,48,0,11,5.102,0.0,0.019,0.0,4.458,0.0,694.436,73.691,620.745,1.5016768,-1.8767178
k2mm_opt_dd0825bbbe0efd2ae1e4479c455dca07,polybench_xilinx,k2mm,space,2182166.0,2182166.0,2182166.0,10285,2884,13,88,0,2601,2588,0,13,2438,16,48,0,13,5.232,0.0,0.019,0.0,4.458,0.0,696.31,75.555,620.755,1.5644952,-2.0267072
k3mm_opt_3c83707c589dee2216a3242f0abd8345,polybench_xilinx,k3mm,space,877076.0,877076.0,877076.0,25819,37484,80,440,0,21859,16421,0,5438,31145,220,0,0,80,-5.229,-5661.457,-0.02,-0.619,4.458,0.0,972.937,349.124,623.814,3.266626,0.8342442
k3mm_opt_ee017e59698771d07daa71c38dcd4f70,polybench_xilinx,k3mm,space,2704397.0,2704397.0,2704397.0,14602,3457,13,88,0,3191,3191,0,0,3021,16,48,0,13,5.188,0.0,0.019,0.0,4.458,0.0,708.917,88.093,620.824,1.6473774,-1.9505557
k3mm_opt_f5fa63631c43db9d71242ae28f63db6e,polybench_xilinx,k3mm,space,2977805.0,2977805.0,2977805.0,15222,10956,53,124,0,7564,7564,0,0,9836,62,0,0,53,3.743,0.0,0.019,0.0,4.458,0.0,708.145,86.983,621.163,0.36200604,-1.3057275
mvt_opt_1749843673e74854395aeb9d59813c93,polybench_xilinx,mvt,space,35078.0,35078.0,35078.0,5542,3188,5,64,0,7068,2460,4608,0,5109,0,0,0,5,-0.102,-0.133,0.019,0.0,4.468,0.0,693.899,73.277,620.623,1.1018059,-1.2552276
mvt_opt_33f4605197363cf3cbf982b4da056a58,polybench_xilinx,mvt,space,31046.0,31046.0,31046.0,3438,3056,5,8,0,2113,1601,512,0,2938,0,8,0,5,5.306,0.0,0.019,0.0,4.458,0.0,649.151,28.773,620.378,0.6002086,-3.7320945
mvt_opt_3cbc64464227f3737198bc267e1e18d3,polybench_xilinx,mvt,space,34502.0,34502.0,34502.0,1496,1114,5,13,0,976,810,160,6,1082,4,0,0,5,5.14,0.0,0.019,0.0,4.458,0.0,636.671,16.331,620.34,0.33756024,-4.382922
mvt_opt_4cab6806569e7c5d5946bf6f1f8fa08f,polybench_xilinx,mvt,space,19868.0,19868.0,19868.0,22713,34815,160,134,0,21632,16052,224,5356,29222,60,0,0,160,-1.005,-32.923,-0.02,-0.369,4.458,0.0,998.883,376.129,622.754,2.456372,1.925039
mvt_opt_8514549d8ee84209f2a8191fbabe2bb9,polybench_xilinx,mvt,space,31430.0,31430.0,31430.0,2333,1699,5,8,0,1409,1153,256,0,1603,4,0,0,5,5.507,0.0,0.024,0.0,4.458,0.0,642.529,22.158,620.372,0.21573041,-4.167183
mvt_opt_bf5b0988d877f9bf20b76a495c04e8cc,polybench_xilinx,mvt,space,35462.0,35462.0,35462.0,2431,2027,5,8,0,1518,1262,256,0,1930,4,0,0,5,5.38,0.0,0.019,0.0,4.458,0.0,642.334,21.964,620.37,0.5257604,-4.3449407
mvt_opt_de33afc97dc750e515c0db16f9663f63,polybench_xilinx,mvt,space,35078.0,35078.0,35078.0,3606,2621,5,16,0,2102,1590,512,0,2503,8,0,0,5,5.281,0.0,0.04,0.0,4.458,0.0,651.908,31.455,620.453,0.14791004,-3.188671
syr2k_opt_097033a5007af67a25d1d9c773f72c78,polybench_xilinx,syr2k,space,2192407.0,2192407.0,2192407.0,11838,8022,28,56,0,6375,6375,0,0,7399,28,0,0,28,3.941,0.0,0.023,0.0,4.458,0.0,675.111,54.382,620.728,-0.3874113,-1.7079127
syr2k_opt_3dc4a1b4a44ab5ef5e91486e3b8d4178,polybench_xilinx,syr2k,space,1100067.0,1100067.0,1100067.0,29596,40114,208,216,0,24422,19034,0,5388,33475,108,0,0,208,-5.957,-6606.174,-0.02,-0.336,4.458,0.0,1260.931,636.347,624.584,3.1601553,1.1469914
syr2k_opt_472b18d624332d45f858e125ca9eba9e,polybench_xilinx,syr2k,space,2191383.0,2191383.0,2191383.0,7248,3800,20,56,0,2592,2582,0,10,3093,28,0,0,20,5.224,0.0,0.021,0.0,4.458,0.0,691.103,70.287,620.816,-0.7844568,-2.105069
syr2k_opt_7e9f0d52c6274d0319c596af04510c6f,polybench_xilinx,syr2k,space,878879.0,878879.0,878879.0,17721,23513,128,280,0,14144,11415,0,2729,19594,140,0,0,128,-3.667,-1460.304,-0.02,-0.094,4.458,0.0,1101.362,477.432,623.93,2.552588,1.9156369
syr2k_opt_903da4e0f65001e3a6c5be642f108282,polybench_xilinx,syr2k,space,2194455.0,2194455.0,2194455.0,9337,3991,23,56,0,3449,3438,0,11,3403,0,56,0,23,4.732,0.0,0.021,0.0,4.458,0.0,710.781,90.066,620.715,0.644582,-1.7636817
syr2k_opt_d479f4b3206e55fe43e8285264aad7cb,polybench_xilinx,syr2k,space,1937431.0,1937431.0,1937431.0,7250,3635,20,56,0,2481,2471,0,10,2836,28,0,0,20,5.082,0.0,0.021,0.0,4.458,0.0,690.063,69.253,620.81,-0.7110723,-2.1756914
syr2k_opt_e548207634c38c2d4dc670b4b76d05c9,polybench_xilinx,syr2k,space,1938583.0,1938583.0,1938583.0,42747,50496,224,152,0,37726,37726,0,0,47389,64,24,0,224,-10.498,-8795.91,0.019,0.0,4.458,0.0,922.793,300.431,622.362,3.5179083,0.8802526
syr2k_opt_e6231e15be6d3db7ffcfacd4c72d43bf,polybench_xilinx,syr2k,space,2192919.0,2192919.0,2192919.0,12178,8182,56,56,0,6287,6278,0,9,7224,0,56,0,56,4.971,0.0,0.019,0.0,4.458,0.0,778.992,157.902,621.089,1.579458,-1.7518808
syr2k_opt_eb78cb529e52711d210cae39af0c32d3,polybench_xilinx,syr2k,space,2196503.0,2196503.0,2196503.0,8845,3847,19,56,0,3143,3131,0,12,3317,0,56,0,19,4.942,0.0,0.02,0.0,4.458,0.0,698.422,77.774,620.647,1.569276,-1.8811562
syrk_opt_18eca491df86f3a1296b94df2a08c095,polybench_xilinx,syrk,space,20762.0,20762.0,20762.0,25787,38857,208,192,0,23453,18074,0,5379,32244,96,0,0,208,-6.252,-9470.385,-0.02,-0.434,4.458,0.0,900.803,278.323,622.48,3.1480207,0.4853189
syrk_opt_317abc0962414bc26c3deff1f9de6b78,polybench_xilinx,syrk,space,1108042.0,1108042.0,1108042.0,6761,9786,10,32,0,6514,6514,0,0,9012,16,0,0,10,0.15,0.0,0.019,0.0,4.458,0.0,696.503,75.747,620.756,0.3798021,-0.93854976
syrk_opt_4f0901ad199fcab56e34565d3a0aacf2,polybench_xilinx,syrk,space,1117198.0,1117198.0,1117198.0,3840,1268,5,32,0,1318,1318,0,0,1047,0,32,0,5,5.397,0.0,0.044,0.0,4.458,0.0,653.554,33.152,620.402,-1.1360495,-3.1943133
syrk_opt_706fe8fd11b9f4d989bb535d52aa0bd3,polybench_xilinx,syrk,space,1105939.0,1105939.0,1105939.0,3055,2126,10,32,0,1374,1363,0,11,1562,16,0,0,10,5.209,0.0,0.024,0.0,4.458,0.0,659.992,39.435,620.556,-0.07687187,-2.5639298
syrk_opt_7bee2a5e85cf865bc460763215146206,polybench_xilinx,syrk,space,1103379.0,1103379.0,1103379.0,6332,5122,40,40,0,3239,3230,0,9,3924,8,24,0,40,5.064,0.0,0.019,0.0,4.458,0.0,719.872,99.047,620.824,0.12907737,-2.1971803
syrk_opt_7eb1a21e13a210fae2d84241a5063d3a,polybench_xilinx,syrk,space,864276.0,864276.0,864276.0,1969,1406,5,32,0,936,917,0,19,1039,16,0,0,5,5.289,0.0,0.02,0.0,4.458,0.0,646.126,25.645,620.48,-0.114079356,-2.7785206
syrk_opt_d9d503426e1168a1c08e6cf673db579c,polybench_xilinx,syrk,space,1106963.0,1106963.0,1106963.0,4082,2312,5,40,0,1433,1418,0,15,1476,8,24,0,5,5.313,0.0,0.039,0.0,4.458,0.0,664.073,43.554,620.519,-0.5996651,-2.5818238
syrk_opt_dc41088253e977352d94ef7b6424a347,polybench_xilinx,syrk,space,849191.0,849191.0,849191.0,18509,29924,80,80,0,16255,16255,0,0,27223,32,16,0,80,-3.369,-791.546,0.019,0.0,4.458,0.0,786.941,165.569,621.372,1.1834496,1.0085676
syrk_opt_f11a1e1bb0a1c630e240b824710c1cd1,polybench_xilinx,syrk,space,864270.0,864270.0,864270.0,2607,1172,5,32,0,1055,1055,0,0,931,16,0,0,5,5.334,0.0,0.039,0.0,4.458,0.0,641.366,20.912,620.454,-0.2560837,-2.6487987
gsm_opt_passthrough,chstone_xilinx,Gsm_LPC_Analysis,base,1005.0,1263.0,1679.0,9043,3842,45,2,0,3319,3267,34,18,2982,2,0,0,40,5.554,0.0,0.019,0.0,4.458,0.0,671.679,51.163,620.516,0.3786667,-3.3216863
sha_opt_passthrough,chstone_xilinx,sha_stream,base,13403.0,13403.0,13403.0,52310,15419,0,11,0,65,65,0,0,125,0,0,0,0,8.744,0.0,0.021,0.0,4.725,0.0,620.977,0.753,620.224,-3.7309358,-2.022581
aes_table_opt_passthrough,machsuite_xilinx,aes_table,base,590.0,590.0,590.0,394535,46128,0,8,0,13003,12959,0,44,20648,0,5,0,0,2.756,0.0,0.019,0.0,4.458,0.0,783.758,162.643,621.115,-0.6321254,2.5671287
aes_tableless_opt_passthrough,machsuite_xilinx,aes_tableless,base,1916.0,17474.0,102712.0,213484,22661,0,0,0,9695,9695,0,0,13517,0,0,0,0,1.627,0.0,0.019,0.0,4.725,0.0,691.209,70.601,620.608,-1.7073959,1.2244025
bfs_bulk_opt_passthrough,machsuite_xilinx,bfs_bulk,base,770.0,208650.0,826900.0,665,463,0,0,0,411,411,0,0,459,0,0,0,0,7.878,0.0,0.041,0.0,4.725,0.0,624.254,4.012,620.242,-4.843645,-2.3972554
bfs_queue_opt_passthrough,machsuite_xilinx,bfs_queue,base,1.0,61569.0,123137.0,1018,341,0,1,0,285,253,32,0,286,0,0,0,0,7.393,0.0,0.019,0.0,4.468,0.0,622.572,2.339,620.233,0.38083324,-4.233205
gemm_blocked_opt_passthrough,machsuite_xilinx,bbgemm,base,262156.0,262156.0,262156.0,2030,2033,14,0,0,1480,1480,0,0,1888,0,0,0,11,6.121,0.0,0.021,0.0,4.725,0.0,642.261,21.92,620.34,-3.631901,-1.9922948
gemm_ncubed_opt_passthrough,machsuite_xilinx,gemm_ncubed,base,131368.0,131368.0,131368.0,6453,10643,28,0,0,5516,4159,0,1357,10651,0,0,0,22,2.674,0.0,-0.019,-0.019,4.468,0.0,689.006,68.41,620.596,0.66246474,-0.41243967
md_knn_opt_passthrough,machsuite_xilinx,md_kernel,base,2465.0,2465.0,2465.0,24492,42805,268,0,0,35493,32894,0,2599,48387,0,0,0,208,-3.661,-1449.77,-0.019,-0.019,4.468,0.0,1237.605,613.973,623.632,2.2691066,0.95470685
sort_radix_opt_passthrough,machsuite_xilinx,ss_sort,base,166289.0,166289.0,166289.0,4826,2621,0,0,0,2709,2709,0,0,2288,0,0,0,0,7.672,0.0,0.042,0.0,4.725,0.0,631.707,11.424,620.283,-4.8068986,-1.5912076
spmv_ellpack_opt_passthrough,machsuite_xilinx,ellpack,base,2528.0,2528.0,2528.0,3151,4054,28,0,0,2480,2247,0,233,3785,0,0,0,22,5.587,0.0,0.004,0.0,4.468,0.0,659.935,39.498,620.437,0.24480186,-2.8567724
stencil2D_opt_passthrough,machsuite_xilinx,stencil,base,39069.0,39069.0,39069.0,902,633,6,0,0,509,509,0,0,608,0,0,0,6,1.647,0.0,0.051,0.0,4.725,0.0,628.726,8.46,620.266,-5.461163,-1.4784272
stencil3D_opt_passthrough,machsuite_xilinx,stencil3d,base,52820.0,52820.0,52820.0,1827,499,3,0,0,581,581,0,0,469,0,0,0,3,3.391,0.0,0.042,0.0,4.725,0.0,628.387,8.122,620.265,-4.4576845,-1.2802173
viterbi_opt_passthrough,machsuite_xilinx,viterbi,base,294457.0,294457.0,294457.0,40815,20252,15,72,0,27788,27780,0,8,20028,34,2,0,15,-5.544,-887.985,0.019,0.0,4.458,0.0,799.393,177.938,621.455,0.89629257,1.5650098
atax_opt_passthrough,polybench_xilinx,atax,base,6579.0,6579.0,6579.0,31481,37916,320,70,0,27164,24601,2176,387,38204,1,0,0,320,3.214,0.0,0.019,0.0,4.458,0.0,1248.681,624.979,623.702,2.459433,1.1688586
bicg_opt_passthrough,polybench_xilinx,bicg,base,6577.0,6577.0,6577.0,31508,37914,320,71,0,27236,24641,2208,387,38252,1,0,0,320,3.572,0.0,0.019,0.0,4.458,0.0,1260.774,637.004,623.77,2.4090922,0.97179204
gemm_opt_passthrough,polybench_xilinx,gemm,base,28958.0,28958.0,28958.0,16366,22844,128,256,0,13640,10921,0,2719,19044,128,0,0,128,-3.203,-77.535,-0.02,-0.245,4.458,0.0,1028.216,404.786,623.43,1.9515072,2.9041994
gesummv_opt_passthrough,polybench_xilinx,gesummv,base,2555.0,2555.0,2555.0,69496,81979,1024,135,0,53209,48108,4320,781,74507,0,0,0,1024,2.871,0.0,0.019,0.0,4.468,0.0,2436.622,1806.102,630.52,3.1798327,1.8411596
k2mm_opt_passthrough,polybench_xilinx,k2mm,base,45606.0,45606.0,45606.0,25419,35509,128,504,0,21739,16322,0,5417,30644,252,0,0,128,-3.589,-1320.134,-0.02,-0.572,4.458,0.0,1213.161,587.754,625.408,3.4164014,1.0984766
k3mm_opt_passthrough,polybench_xilinx,k3mm,base,41495.0,41495.0,41495.0,36159,49533,160,728,0,30493,22399,0,8094,42085,364,0,0,160,-4.06,-1780.432,-0.02,-1.33,4.458,0.0,1351.797,724.748,627.049,3.55342,0.9530293
mvt_opt_passthrough,polybench_xilinx,mvt,base,6719.0,6719.0,6719.0,10871,17763,10,14,0,7986,6596,192,1198,14897,4,0,0,10,2.904,0.0,0.001,0.0,4.458,0.0,740.995,120.085,620.91,0.3265446,-0.079064295
syr2k_opt_passthrough,polybench_xilinx,syr2k,base,45610.0,45610.0,45610.0,27082,37232,128,392,0,23469,18040,0,5429,32925,196,0,0,128,-3.563,-1943.915,-0.02,-0.789,4.458,0.0,984.951,361.251,623.7,3.2955375,1.3224734
syrk_opt_passthrough,polybench_xilinx,syrk,base,28958.0,28958.0,28958.0,16762,22619,128,256,0,13631,10912,0,2719,19027,128,0,0,128,-1.14,-74.415,-0.02,-0.249,4.458,0.0,1033.064,409.607,623.457,1.6651407,2.3053255
