prj,vivado_dynamic_pwr(mW),Total LUTs,Logic LUTs,LUTRAMs,SRLs,FFs,RAMB36,RAMB18,URAM,DSP48 Blocks
io1_l2n1n1_l5n1n1_l7n1n1,16.417,844,844,0,0,635,28,0,0,5
io1_l2n1n1_l5n1n1_l7n1p1,16.736,868,859,0,9,674,28,0,0,5
io1_l2n1n1_l5n1n1_l7p1n1,24.891,2038,2038,0,0,1925,28,0,0,10
io1_l2n1p1_l5n1p1_l7n1n1,21.049,1183,1183,0,0,807,28,0,0,5
io1_l2n1p1_l5n1p1_l7n1p1,21.520,1226,1217,0,9,846,28,0,0,5
io1_l2n1p1_l5n1p1_l7p1n1,29.868,2377,2377,0,0,2060,28,0,0,10
io1_l2p1n1_l5p1n1_l7n1n1,108.181,6164,4964,0,1200,10396,28,0,0,16
io1_l2p1n1_l5p1n1_l7n1p1,109.820,6201,4992,0,1209,10447,28,0,0,16
io1_l2p1n1_l5p1n1_l7p1n1,110.759,7076,5876,0,1200,11343,28,0,0,16
io2_l2n1n1_l5n1n1_l7n1n1,17.690,959,959,0,0,791,28,0,0,5
io2_l2n1n1_l5n1n1_l7n1n1_d1d2,17.863,1272,1272,0,0,784,28,0,0,5
io2_l2n1n1_l5n1n1_l7n1n2,20.291,1209,1209,0,0,987,28,0,0,10
io2_l2n1n1_l5n1n1_l7n1n2_d1d2,18.217,1283,1283,0,0,904,28,0,0,5
io2_l2n1n1_l5n1n1_l7n1p1,17.600,980,971,0,9,809,28,0,0,5
io2_l2n1n1_l5n1n1_l7n1p1_d1d2,17.546,1286,1276,0,10,828,28,0,0,5
io2_l2n1n1_l5n1n1_l7n1p2,20.806,1285,1276,0,9,1023,28,0,0,10
io2_l2n1n1_l5n1n1_l7n1p2_d1d2,20.981,1562,1553,0,9,1104,28,0,0,10
io2_l2n1n1_l5n1n1_l7p1n1,33.990,3169,3169,0,0,3512,28,0,0,20
io2_l2n1n1_l5n1n1_l7p1n1_d1d2,33.218,3490,3490,0,0,3511,28,0,0,20
io2_l2n1n1_l5n1n1_l7p2n1,32.973,3203,3203,0,0,3362,28,0,0,20
io2_l2n1n1_l5n1n1_l7p2n1_d1d2,47.678,5649,5649,0,0,6482,28,0,0,40
io2_l2n1n2_l5n1n2_l7n1n1,21.302,1123,1123,0,0,971,28,0,0,8
io2_l2n1n2_l5n1n2_l7n1n1_d1d2,21.174,1235,1235,0,0,1038,28,0,0,8
io2_l2n1n2_l5n1n2_l7n1n2,22.933,1319,1319,0,0,1103,28,0,0,10
io2_l2n1n2_l5n1n2_l7n1n2_d1d2,21.043,1290,1290,0,0,1083,28,0,0,8
io2_l2n1n2_l5n1n2_l7n1p1,22.265,1144,1135,0,9,994,28,0,0,8
io2_l2n1n2_l5n1n2_l7n1p1_d1d2,20.722,1268,1258,0,10,1094,28,0,0,8
io2_l2n1n2_l5n1n2_l7n1p2,23.346,1362,1353,0,9,1141,28,0,0,10
io2_l2n1n2_l5n1n2_l7n1p2_d1d2,22.236,1533,1524,0,9,1313,28,0,0,10
io2_l2n1n2_l5n1n2_l7p1n1,37.054,3255,3255,0,0,3626,28,0,0,20
io2_l2n1n2_l5n1n2_l7p1n1_d1d2,35.736,4019,4019,0,0,3701,28,0,0,20
io2_l2n1n2_l5n1n2_l7p2n1,35.628,3344,3344,0,0,3483,28,0,0,20
io2_l2n1n2_l5n1n2_l7p2n1_d1d2,49.255,5661,5661,0,0,6660,28,0,0,40
io2_l2n1p1_l5n1p1_l7n1n1,22.177,1300,1300,0,0,948,28,0,0,5
io2_l2n1p1_l5n1p1_l7n1n1_d1d2,22.572,1640,1640,0,0,1075,28,0,0,5
io2_l2n1p1_l5n1p1_l7n1n2,25.631,1555,1555,0,0,1146,28,0,0,10
io2_l2n1p1_l5n1p1_l7n1n2_d1d2,22.679,1598,1598,0,0,1134,28,0,0,5
io2_l2n1p1_l5n1p1_l7n1p1,22.676,1311,1302,0,9,969,28,0,0,5
io2_l2n1p1_l5n1p1_l7n1p1_d1d2,21.880,1641,1631,0,10,1059,28,0,0,5
io2_l2n1p1_l5n1p1_l7n1p2,25.718,1618,1609,0,9,1183,28,0,0,10
io2_l2n1p1_l5n1p1_l7n1p2_d1d2,25.182,1933,1924,0,9,1341,28,0,0,10
io2_l2n1p1_l5n1p1_l7p1n1,37.226,3492,3492,0,0,3634,28,0,0,20
io2_l2n1p1_l5n1p1_l7p1n1_d1d2,39.183,3908,3908,0,0,3715,28,0,0,20
io2_l2n1p1_l5n1p1_l7p2n1,38.202,3614,3614,0,0,3487,28,0,0,20
io2_l2n1p1_l5n1p1_l7p2n1_d1d2,52.239,6017,6017,0,0,6785,28,0,0,40
io2_l2n1p2_l5n1p2_l7n1n1,23.852,1373,1373,0,0,1041,28,0,0,5
io2_l2n1p2_l5n1p2_l7n1n1_d1d2,22.209,1583,1583,0,0,1276,28,0,0,5
io2_l2n1p2_l5n1p2_l7n1n2,26.915,1577,1577,0,0,1233,28,0,0,10
io2_l2n1p2_l5n1p2_l7n1n2_d1d2,23.435,1655,1655,0,0,1286,28,0,0,5
io2_l2n1p2_l5n1p2_l7n1p1,23.832,1362,1353,0,9,1062,28,0,0,5
io2_l2n1p2_l5n1p2_l7n1p1_d1d2,22.409,1590,1580,0,10,1318,28,0,0,5
io2_l2n1p2_l5n1p2_l7n1p2,26.633,1664,1655,0,9,1276,28,0,0,10
io2_l2n1p2_l5n1p2_l7n1p2_d1d2,25.071,1890,1881,0,9,1601,28,0,0,10
io2_l2n1p2_l5n1p2_l7p1n1,40.539,3547,3547,0,0,3737,28,0,0,20
io2_l2n1p2_l5n1p2_l7p1n1_d1d2,37.661,3839,3839,0,0,3903,28,0,0,20
io2_l2n1p2_l5n1p2_l7p2n1,38.883,3682,3682,0,0,3582,28,0,0,20
io2_l2n1p2_l5n1p2_l7p2n1_d1d2,53.045,6011,6011,0,0,6945,28,0,0,40
io2_l2p1n1_l5p1n1_l7n1n1,101.466,8083,8083,0,0,8600,28,0,0,146
io2_l2p1n1_l5p1n1_l7n1n1_d1d2,88.392,13838,13838,0,0,19117,28,0,0,62
io2_l2p1n1_l5p1n1_l7n1n2,76.137,6937,6937,0,0,7297,28,0,0,91
io2_l2p1n1_l5p1n1_l7n1n2_d1d2,110.493,15225,15225,0,0,20886,26,0,0,125
io2_l2p1n1_l5p1n1_l7n1p1,75.940,6764,6755,0,9,7099,28,0,0,89
io2_l2p1n1_l5p1n1_l7n1p1_d1d2,98.185,14300,14290,0,10,19277,28,0,0,95
io2_l2p1n1_l5p1n1_l7n1p2,94.872,8015,8006,0,9,8265,28,0,0,133
io2_l2p1n1_l5p1n1_l7n1p2_d1d2,98.849,14922,14913,0,9,18405,28,0,0,103
io2_l2p1n1_l5p1n1_l7p1n1,82.838,8543,8543,0,0,8702,24,0,0,98
io2_l2p1n1_l5p1n1_l7p1n1_d1d2,81.986,15494,15494,0,0,20852,26,0,0,50
io2_l2p1n1_l5p1n1_l7p2n1,104.404,9925,9925,0,0,10090,24,0,0,152
io2_l2p1n1_l5p1n1_l7p2n1_d1d2,87.204,17599,17599,0,0,23443,28,0,0,58
io2_l2p2n1_l5p2n1_l7n1n1,184.105,14192,11805,0,2387,19780,28,0,0,26
io2_l2p2n1_l5p2n1_l7n1n1_d1d2,233.194,17946,14664,0,3282,25033,26,0,0,52
io2_l2p2n1_l5p2n1_l7n1n2,197.291,14150,11763,0,2387,19739,28,0,0,26
io2_l2p2n1_l5p2n1_l7n1n2_d1d2,238.129,18099,14817,0,3282,25075,28,0,0,52
io2_l2p2n1_l5p2n1_l7n1p1,209.777,14042,11646,0,2396,20262,28,0,0,26
io2_l2p2n1_l5p2n1_l7n1p1_d1d2,286.627,18029,14737,0,3292,25073,26,0,0,52
io2_l2p2n1_l5p2n1_l7n1p2,211.301,14237,11841,0,2396,19740,28,0,0,26
io2_l2p2n1_l5p2n1_l7n1p2_d1d2,302.282,18362,15071,0,3291,25144,28,0,0,52
io2_l2p2n1_l5p2n1_l7p1n1,219.644,15669,13282,0,2387,21163,28,0,0,26
io2_l2p2n1_l5p2n1_l7p1n1_d1d2,310.280,19877,16595,0,3282,26640,24,0,0,52
io2_l2p2n1_l5p2n1_l7p2n1,213.996,15538,13151,0,2387,21810,28,0,0,26
io2_l2p2n1_l5p2n1_l7p2n1_d1d2,309.408,21113,17831,0,3282,28316,26,0,0,52
io4_l2n1n1_l5n1n1_l7n1n1,17.411,1065,1065,0,0,792,28,0,0,5
io4_l2n1n1_l5n1n1_l7n1n1_d1d2,37.802,2250,2250,0,0,759,0,112,0,5
io4_l2n1n1_l5n1n1_l7n1n2,17.418,1096,1096,0,0,817,28,0,0,5
io4_l2n1n1_l5n1n1_l7n1n2_d1d2,38.736,2309,2309,0,0,831,0,112,0,5
io4_l2n1n1_l5n1n1_l7n1n4,26.254,1968,1968,0,0,1507,28,0,0,20
io4_l2n1n1_l5n1n1_l7n1n4_d1d2,47.656,3119,3119,0,0,1626,0,112,0,20
io4_l2n1n1_l5n1n1_l7n1p1,17.308,1104,1094,0,10,812,28,0,0,5
io4_l2n1n1_l5n1n1_l7n1p1_d1d2,38.349,2291,2279,0,12,804,0,112,0,5
io4_l2n1n1_l5n1n1_l7n1p2,21.349,1436,1426,0,10,1101,28,0,0,10
io4_l2n1n1_l5n1n1_l7n1p2_d1d2,41.441,2624,2612,0,12,1100,0,112,0,10
io4_l2n1n1_l5n1n1_l7n1p4,26.456,2004,1995,0,9,1541,28,0,0,20
io4_l2n1n1_l5n1n1_l7n1p4_d1d2,48.049,3186,3176,0,10,1675,0,112,0,20
io4_l2n1n1_l5n1n1_l7p1n1,47.959,5314,5314,0,0,5918,28,0,0,40
io4_l2n1n1_l5n1n1_l7p1n1_d1d2,75.056,6672,6672,0,0,5898,48,64,0,40
io4_l2n1n1_l5n1n1_l7p2n1,48.530,5517,5517,0,0,6464,28,0,0,40
io4_l2n1n1_l5n1n1_l7p2n1_d1d2,94.810,11438,11438,0,0,11339,42,48,0,80
io4_l2n1n1_l5n1n1_l7p4n1,47.762,5733,5733,0,0,6037,28,0,0,40
io4_l2n1n1_l5n1n1_l7p4n1_d1d2,157.168,19578,19578,0,0,22330,46,64,0,160
io4_l2n1n2_l5n1n2_l7n1n1,21.971,1323,1323,0,0,1022,28,0,0,8
io4_l2n1n2_l5n1n2_l7n1n1_d1d2,38.937,2468,2468,0,0,1000,0,112,0,8
io4_l2n1n2_l5n1n2_l7n1n2,22.380,1392,1392,0,0,1033,28,0,0,8
io4_l2n1n2_l5n1n2_l7n1n2_d1d2,38.948,2518,2518,0,0,1074,0,112,0,8
io4_l2n1n2_l5n1n2_l7n1n4,30.468,2170,2170,0,0,1678,28,0,0,20
io4_l2n1n2_l5n1n2_l7n1n4_d1d2,49.053,3254,3254,0,0,1808,0,112,0,20
io4_l2n1n2_l5n1n2_l7n1p1,21.700,1404,1394,0,10,1046,28,0,0,8
io4_l2n1n2_l5n1n2_l7n1p1_d1d2,40.080,2464,2452,0,12,1045,0,112,0,8
io4_l2n1n2_l5n1n2_l7n1p2,24.945,1624,1614,0,10,1270,28,0,0,10
io4_l2n1n2_l5n1n2_l7n1p2_d1d2,41.363,2798,2786,0,12,1283,0,112,0,10
io4_l2n1n2_l5n1n2_l7n1p4,30.985,2201,2192,0,9,1711,28,0,0,20
io4_l2n1n2_l5n1n2_l7n1p4_d1d2,49.368,3293,3283,0,10,1850,0,112,0,20
io4_l2n1n2_l5n1n2_l7p1n1,51.769,5492,5492,0,0,6092,28,0,0,40
io4_l2n1n2_l5n1n2_l7p1n1_d1d2,75.073,6815,6815,0,0,6081,48,64,0,40
io4_l2n1n2_l5n1n2_l7p2n1,53.017,5681,5681,0,0,6644,28,0,0,40
io4_l2n1n2_l5n1n2_l7p2n1_d1d2,102.835,11448,11448,0,0,11779,48,64,0,80
io4_l2n1n2_l5n1n2_l7p4n1,50.445,5737,5737,0,0,6221,28,0,0,40
io4_l2n1n2_l5n1n2_l7p4n1_d1d2,158.234,20360,20360,0,0,22709,46,64,0,160
io4_l2n1n4_l5n1n4_l7n1n1,27.212,1612,1612,0,0,1389,28,0,0,14
io4_l2n1n4_l5n1n4_l7n1n1_d1d2,44.754,2636,2636,0,0,1460,0,112,0,14
io4_l2n1n4_l5n1n4_l7n1n2,27.389,1645,1645,0,0,1399,28,0,0,14
io4_l2n1n4_l5n1n4_l7n1n2_d1d2,44.401,2710,2710,0,0,1533,0,112,0,14
io4_l2n1n4_l5n1n4_l7n1n4,30.128,2333,2333,0,0,1923,28,0,0,20
io4_l2n1n4_l5n1n4_l7n1n4_d1d2,48.922,3346,3346,0,0,2139,0,112,0,20
io4_l2n1n4_l5n1n4_l7n1p1,26.100,1680,1670,0,10,1414,28,0,0,14
io4_l2n1n4_l5n1n4_l7n1p1_d1d2,44.519,2721,2709,0,12,1505,0,112,0,14
io4_l2n1n4_l5n1n4_l7n1p2,28.310,1898,1888,0,10,1636,28,0,0,16
io4_l2n1n4_l5n1n4_l7n1p2_d1d2,45.866,2996,2984,0,12,1744,0,112,0,16
io4_l2n1n4_l5n1n4_l7n1p4,31.060,2366,2357,0,9,1954,28,0,0,20
io4_l2n1n4_l5n1n4_l7n1p4_d1d2,49.515,3384,3374,0,10,2184,0,112,0,20
io4_l2n1n4_l5n1n4_l7p1n1,52.783,5804,5804,0,0,6236,28,0,0,40
io4_l2n1n4_l5n1n4_l7p1n1_d1d2,75.767,7035,7035,0,0,6412,48,64,0,40
io4_l2n1n4_l5n1n4_l7p2n1,51.969,5825,5825,0,0,6807,25,0,0,40
io4_l2n1n4_l5n1n4_l7p2n1_d1d2,94.657,11301,11301,0,0,11903,36,48,0,80
io4_l2n1n4_l5n1n4_l7p4n1,50.893,5771,5771,0,0,6440,28,0,0,40
io4_l2n1n4_l5n1n4_l7p4n1_d1d2,158.277,19287,19287,0,0,22549,48,64,0,160
io4_l2n1p1_l5n1p1_l7n1n1,21.816,1434,1434,0,0,948,28,0,0,5
io4_l2n1p1_l5n1p1_l7n1n1_d1d2,49.088,2630,2630,0,0,918,0,112,0,5
io4_l2n1p1_l5n1p1_l7n1n2,22.744,1461,1461,0,0,955,28,0,0,5
io4_l2n1p1_l5n1p1_l7n1n2_d1d2,49.210,2680,2680,0,0,993,0,112,0,5
io4_l2n1p1_l5n1p1_l7n1n4,32.423,2300,2300,0,0,1662,28,0,0,20
io4_l2n1p1_l5n1p1_l7n1n4_d1d2,60.072,3521,3521,0,0,1792,0,112,0,20
io4_l2n1p1_l5n1p1_l7n1p1,22.479,1436,1426,0,10,965,28,0,0,5
io4_l2n1p1_l5n1p1_l7n1p1_d1d2,49.139,2674,2662,0,12,965,0,112,0,5
io4_l2n1p1_l5n1p1_l7n1p2,26.003,1806,1796,0,10,1262,28,0,0,10
io4_l2n1p1_l5n1p1_l7n1p2_d1d2,53.397,2976,2964,0,12,1258,0,112,0,10
io4_l2n1p1_l5n1p1_l7n1p4,32.936,2372,2363,0,9,1701,28,0,0,20
io4_l2n1p1_l5n1p1_l7n1p4_d1d2,60.734,3524,3514,0,10,1830,0,112,0,20
io4_l2n1p1_l5n1p1_l7p1n1,53.347,5674,5674,0,0,6045,28,0,0,40
io4_l2n1p1_l5n1p1_l7p1n1_d1d2,86.523,7046,7046,0,0,6028,48,64,0,40
io4_l2n1p1_l5n1p1_l7p2n1,54.487,5853,5853,0,0,6597,28,0,0,40
io4_l2n1p1_l5n1p1_l7p2n1_d1d2,103.630,11423,11423,0,0,11604,44,48,0,80
io4_l2n1p1_l5n1p1_l7p4n1,54.478,6086,6086,0,0,6181,28,0,0,40
io4_l2n1p1_l5n1p1_l7p4n1_d1d2,155.834,20312,20312,0,0,22469,33,48,0,160
io4_l2n1p2_l5n1p2_l7n1n1,24.059,1585,1585,0,0,1105,28,0,0,5
io4_l2n1p2_l5n1p2_l7n1n1_d1d2,43.618,2768,2768,0,0,1079,0,112,0,5
io4_l2n1p2_l5n1p2_l7n1n2,24.908,1693,1693,0,0,1120,28,0,0,5
io4_l2n1p2_l5n1p2_l7n1n2_d1d2,44.649,2782,2782,0,0,1150,0,112,0,5
io4_l2n1p2_l5n1p2_l7n1n4,34.207,2484,2484,0,0,1824,28,0,0,20
io4_l2n1p2_l5n1p2_l7n1n4_d1d2,55.256,3682,3682,0,0,1955,0,112,0,20
io4_l2n1p2_l5n1p2_l7n1p1,24.812,1617,1607,0,10,1125,28,0,0,5
io4_l2n1p2_l5n1p2_l7n1p1_d1d2,44.061,2781,2769,0,12,1122,0,112,0,5
io4_l2n1p2_l5n1p2_l7n1p2,28.349,1974,1964,0,10,1419,28,0,0,10
io4_l2n1p2_l5n1p2_l7n1p2_d1d2,49.053,3091,3079,0,12,1418,0,112,0,10
io4_l2n1p2_l5n1p2_l7n1p4,34.383,2515,2506,0,9,1857,28,0,0,20
io4_l2n1p2_l5n1p2_l7n1p4_d1d2,55.080,3674,3664,0,10,1992,0,112,0,20
io4_l2n1p2_l5n1p2_l7p1n1,55.320,5792,5792,0,0,6204,28,0,0,40
io4_l2n1p2_l5n1p2_l7p1n1_d1d2,82.604,7119,7119,0,0,6193,48,64,0,40
io4_l2n1p2_l5n1p2_l7p2n1,57.210,5957,5957,0,0,6777,28,0,0,40
io4_l2n1p2_l5n1p2_l7p2n1_d1d2,107.438,11880,11880,0,0,11648,44,64,0,80
io4_l2n1p2_l5n1p2_l7p4n1,55.070,6049,6049,0,0,6361,28,0,0,40
io4_l2n1p2_l5n1p2_l7p4n1_d1d2,163.991,20569,20569,0,0,22577,45,64,0,160
io4_l2n1p4_l5n1p4_l7n1n1,24.927,1682,1682,0,0,1343,28,0,0,5
io4_l2n1p4_l5n1p4_l7n1n1_d1d2,41.011,2779,2779,0,0,1401,0,112,0,5
io4_l2n1p4_l5n1p4_l7n1n2,24.604,1769,1769,0,0,1353,28,0,0,5
io4_l2n1p4_l5n1p4_l7n1n2_d1d2,42.141,2762,2762,0,0,1471,0,112,0,5
io4_l2n1p4_l5n1p4_l7n1n4,33.950,2574,2574,0,0,2060,28,0,0,20
io4_l2n1p4_l5n1p4_l7n1n4_d1d2,51.228,3669,3669,0,0,2277,0,112,0,20
io4_l2n1p4_l5n1p4_l7n1p1,24.479,1709,1699,0,10,1363,28,0,0,5
io4_l2n1p4_l5n1p4_l7n1p1_d1d2,41.832,2732,2720,0,12,1444,0,112,0,5
io4_l2n1p4_l5n1p4_l7n1p2,28.031,2035,2025,0,10,1652,28,0,0,10
io4_l2n1p4_l5n1p4_l7n1p2_d1d2,44.958,3124,3112,0,12,1746,0,112,0,10
io4_l2n1p4_l5n1p4_l7n1p4,34.739,2608,2599,0,9,2093,28,0,0,20
io4_l2n1p4_l5n1p4_l7n1p4_d1d2,53.266,3682,3672,0,10,2319,0,112,0,20
io4_l2n1p4_l5n1p4_l7p1n1,53.032,6101,6101,0,0,6353,28,0,0,40
io4_l2n1p4_l5n1p4_l7p1n1_d1d2,77.541,6974,6974,0,0,6449,48,64,0,40
io4_l2n1p4_l5n1p4_l7p2n1,54.697,6146,6146,0,0,6941,28,0,0,40
io4_l2n1p4_l5n1p4_l7p2n1_d1d2,104.211,11200,11200,0,0,11883,48,64,0,80
io4_l2n1p4_l5n1p4_l7p4n1,54.416,6172,6172,0,0,6524,28,0,0,40
io4_l2n1p4_l5n1p4_l7p4n1_d1d2,155.085,20953,20953,0,0,22868,36,64,0,160
io4_l2p1n1_l5p1n1_l7n1n1,34.276,2767,2767,0,0,2371,28,0,0,17
io4_l2p1n1_l5p1n1_l7n1n1_d1d2,66.473,4148,4148,0,0,2942,64,48,0,26
io4_l2p1n1_l5p1n1_l7n1n2,35.761,2922,2922,0,0,2390,28,0,0,17
io4_l2p1n1_l5p1n1_l7n1n2_d1d2,65.881,4269,4269,0,0,3017,64,48,0,26
io4_l2p1n1_l5p1n1_l7n1n4,37.892,3479,3479,0,0,2901,28,0,0,23
io4_l2p1n1_l5p1n1_l7n1n4_d1d2,70.106,4847,4847,0,0,3622,64,48,0,32
io4_l2p1n1_l5p1n1_l7n1p1,35.469,2847,2837,0,10,2414,28,0,0,17
io4_l2p1n1_l5p1n1_l7n1p1_d1d2,66.190,4178,4166,0,12,2987,64,48,0,26
io4_l2p1n1_l5p1n1_l7n1p2,38.488,3064,3054,0,10,2653,28,0,0,19
io4_l2p1n1_l5p1n1_l7n1p2_d1d2,68.795,4415,4403,0,12,3220,64,48,0,28
io4_l2p1n1_l5p1n1_l7n1p4,38.653,3525,3516,0,9,2932,28,0,0,23
io4_l2p1n1_l5p1n1_l7n1p4_d1d2,70.794,4997,4987,0,10,3680,64,48,0,32
io4_l2p1n1_l5p1n1_l7p1n1,54.972,6591,6591,0,0,7138,28,0,0,40
io4_l2p1n1_l5p1n1_l7p1n1_d1d2,89.773,8163,8163,0,0,7602,112,0,0,40
io4_l2p1n1_l5p1n1_l7p2n1,56.597,6916,6916,0,0,7636,28,0,0,40
io4_l2p1n1_l5p1n1_l7p2n1_d1d2,114.281,12483,12483,0,0,13029,112,0,0,80
io4_l2p1n1_l5p1n1_l7p4n1,56.307,6905,6905,0,0,7246,28,0,0,40
io4_l2p1n1_l5p1n1_l7p4n1_d1d2,168.778,21341,21341,0,0,23926,110,0,0,160
io4_l2p2n1_l5p2n1_l7n1n1,46.284,7220,7220,0,0,7747,28,0,0,11
io4_l2p2n1_l5p2n1_l7n1n1_d1d2,75.605,9923,9923,0,0,9506,16,96,0,26
io4_l2p2n1_l5p2n1_l7n1n2,45.028,7151,7151,0,0,7507,28,0,0,11
io4_l2p2n1_l5p2n1_l7n1n2_d1d2,74.546,10180,10180,0,0,9652,16,96,0,26
io4_l2p2n1_l5p2n1_l7n1n4,49.486,8107,8107,0,0,8103,28,0,0,20
io4_l2p2n1_l5p2n1_l7n1n4_d1d2,80.563,10657,10657,0,0,10178,16,96,0,32
io4_l2p2n1_l5p2n1_l7n1p1,45.617,7120,7110,0,10,7619,28,0,0,11
io4_l2p2n1_l5p2n1_l7n1p1_d1d2,74.563,9715,9703,0,12,9516,16,96,0,26
io4_l2p2n1_l5p2n1_l7n1p2,46.860,7464,7454,0,10,7812,28,0,0,13
io4_l2p2n1_l5p2n1_l7n1p2_d1d2,75.394,10146,10134,0,12,9755,16,92,0,28
io4_l2p2n1_l5p2n1_l7n1p4,50.949,8132,8123,0,9,8415,28,0,0,20
io4_l2p2n1_l5p2n1_l7n1p4_d1d2,77.718,10681,10671,0,10,10204,16,96,0,32
io4_l2p2n1_l5p2n1_l7p1n1,66.128,10938,10938,0,0,12225,28,0,0,40
io4_l2p2n1_l5p2n1_l7p1n1_d1d2,92.428,13838,13838,0,0,13450,56,48,0,40
io4_l2p2n1_l5p2n1_l7p2n1,66.678,11127,11127,0,0,13041,28,0,0,40
io4_l2p2n1_l5p2n1_l7p2n1_d1d2,120.522,18188,18188,0,0,18794,62,48,0,80
io4_l2p2n1_l5p2n1_l7p4n1,67.027,11263,11263,0,0,12417,28,0,0,40
io4_l2p2n1_l5p2n1_l7p4n1_d1d2,176.337,27199,27199,0,0,29681,62,48,0,160
io4_l2p4n1_l5p4n1_l7n1n1,286.588,25859,21107,0,4752,35314,28,0,0,46
io4_l2p4n1_l5p4n1_l7n1n1_d1d2,455.289,38397,31977,0,6420,49634,64,48,0,101
io4_l2p4n1_l5p4n1_l7n1n2,287.491,25772,21020,0,4752,35299,28,0,0,46
io4_l2p4n1_l5p4n1_l7n1n2_d1d2,462.718,38450,32030,0,6420,49692,60,48,0,101
io4_l2p4n1_l5p4n1_l7n1n4,342.025,25256,20504,0,4752,35239,28,0,0,46
io4_l2p4n1_l5p4n1_l7n1n4_d1d2,453.247,38603,32183,0,6420,49796,56,48,0,101
io4_l2p4n1_l5p4n1_l7n1p1,362.697,25309,20547,0,4762,35330,28,0,0,46
io4_l2p4n1_l5p4n1_l7n1p1_d1d2,619.200,38096,31664,0,6432,49873,64,32,0,101
io4_l2p4n1_l5p4n1_l7n1p2,361.235,25160,20398,0,4762,35358,28,0,0,46
io4_l2p4n1_l5p4n1_l7n1p2_d1d2,632.253,38282,31850,0,6432,49732,64,48,0,101
io4_l2p4n1_l5p4n1_l7n1p4,370.448,26376,21609,0,4767,35830,28,0,0,46
io4_l2p4n1_l5p4n1_l7n1p4_d1d2,647.732,38494,32064,0,6430,49782,64,44,0,101
io4_l2p4n1_l5p4n1_l7p1n1,384.305,27885,23133,0,4752,37728,28,0,0,46
io4_l2p4n1_l5p4n1_l7p1n1_d1d2,674.607,41155,34735,0,6420,53165,112,0,0,101
io4_l2p4n1_l5p4n1_l7p2n1,378.099,28083,23331,0,4752,38256,28,0,0,46
io4_l2p4n1_l5p4n1_l7p2n1_d1d2,674.586,43119,36699,0,6420,54733,108,0,0,101
io4_l2p4n1_l5p4n1_l7p4n1,384.444,28457,23705,0,4752,38219,28,0,0,46
io4_l2p4n1_l5p4n1_l7p4n1_d1d2,738.533,50644,44224,0,6420,64592,110,0,0,160
io8_l2n1n1_l5n1n1_l7n1n1,23.567,1530,1530,0,0,761,0,56,0,5
io8_l2n1n1_l5n1n1_l7n1n1_d1d2,118.944,7251,7251,0,0,824,0,448,0,5
io8_l2n1n1_l5n1n1_l7n1n2,23.703,1569,1569,0,0,854,0,56,0,5
io8_l2n1n1_l5n1n1_l7n1n2_d1d2,113.222,7249,7249,0,0,909,0,448,0,5
io8_l2n1n1_l5n1n1_l7n1n4,23.891,1742,1742,0,0,878,0,56,0,5
io8_l2n1n1_l5n1n1_l7n1n4_d1d2,114.368,7331,7331,0,0,1057,0,448,0,5
io8_l2n1n1_l5n1n1_l7n1n8,46.648,3608,3608,0,0,2554,0,56,0,40
io8_l2n1n1_l5n1n1_l7n1n8_d1d2,145.091,9398,9398,0,0,2884,0,448,0,40
io8_l2n1n1_l5n1n1_l7n1p1,24.302,1563,1552,0,11,801,0,56,0,5
io8_l2n1n1_l5n1n1_l7n1p1_d1d2,119.468,7304,7292,0,12,871,0,448,0,5
io8_l2n1n1_l5n1n1_l7n1p2,28.811,1919,1909,0,10,1084,0,56,0,10
io8_l2n1n1_l5n1n1_l7n1p2_d1d2,123.962,7506,7495,0,11,1165,0,448,0,10
io8_l2n1n1_l5n1n1_l7n1p4,35.203,2493,2483,0,10,1673,0,56,0,20
io8_l2n1n1_l5n1n1_l7n1p4_d1d2,132.212,8256,8243,0,13,1757,0,448,0,20
io8_l2n1n1_l5n1n1_l7n1p8,47.287,3636,3627,0,9,2585,0,56,0,40
io8_l2n1n1_l5n1n1_l7n1p8_d1d2,145.135,9432,9423,0,9,2921,0,448,0,40
io8_l2n1n1_l5n1n1_l7p1n1,83.645,8465,8465,0,0,9299,24,32,0,80
io8_l2n1n1_l5n1n1_l7p1n1_d1d2,205.664,15857,15857,0,0,9344,184,256,0,80
io8_l2n1n1_l5n1n1_l7p2n1,87.882,9843,9843,0,0,11333,24,32,0,80
io8_l2n1n1_l5n1n1_l7p2n1_d1d2,275.008,31349,31349,0,0,25980,192,256,0,160
io8_l2n1n1_l5n1n1_l7p4n1,85.424,10599,10599,0,0,12470,19,24,0,80
io8_l2n1n1_l5n1n1_l7p4n1_d1d2,361.835,37079,37079,0,0,35802,192,256,0,320
io8_l2n1n1_l5n1n1_l7p8n1,86.021,10596,10596,0,0,11610,24,32,0,80
io8_l2n1n1_l5n1n1_l7p8n1_d1d2,566.816,64606,64606,0,0,72610,189,256,0,640
io8_l2n1n2_l5n1n2_l7n1n1,23.887,1597,1597,0,0,896,0,56,0,5
io8_l2n1n2_l5n1n2_l7n1n1_d1d2,107.413,7512,7512,0,0,1335,0,448,0,5
io8_l2n1n2_l5n1n2_l7n1n2,24.703,1632,1632,0,0,992,0,56,0,5
io8_l2n1n2_l5n1n2_l7n1n2_d1d2,107.786,7503,7503,0,0,1396,0,448,0,5
io8_l2n1n2_l5n1n2_l7n1n4,24.107,1818,1818,0,0,1015,0,56,0,5
io8_l2n1n2_l5n1n2_l7n1n4_d1d2,106.258,7594,7594,0,0,1395,0,448,0,5
io8_l2n1n2_l5n1n2_l7n1n8,46.006,3698,3698,0,0,2691,0,56,0,40
io8_l2n1n2_l5n1n2_l7n1n8_d1d2,132.835,9686,9686,0,0,3388,0,448,0,40
io8_l2n1n2_l5n1n2_l7n1p1,24.250,1636,1625,0,11,936,0,56,0,5
io8_l2n1n2_l5n1n2_l7n1p1_d1d2,108.627,7545,7533,0,12,1370,0,448,0,5
io8_l2n1n2_l5n1n2_l7n1p2,27.381,1989,1979,0,10,1220,0,56,0,10
io8_l2n1n2_l5n1n2_l7n1p2_d1d2,111.454,7724,7713,0,11,1665,0,448,0,10
io8_l2n1n2_l5n1n2_l7n1p4,33.561,2566,2556,0,10,1808,0,56,0,20
io8_l2n1n2_l5n1n2_l7n1p4_d1d2,119.765,8435,8422,0,13,2272,0,448,0,20
io8_l2n1n2_l5n1n2_l7n1p8,47.033,3735,3726,0,9,2719,0,56,0,40
io8_l2n1n2_l5n1n2_l7n1p8_d1d2,134.814,9740,9731,0,9,3416,0,448,0,40
io8_l2n1n2_l5n1n2_l7p1n1,84.609,8689,8689,0,0,9472,24,32,0,80
io8_l2n1n2_l5n1n2_l7p1n1_d1d2,201.338,16498,16498,0,0,9931,192,256,0,80
io8_l2n1n2_l5n1n2_l7p2n1,88.183,10041,10041,0,0,11754,24,32,0,80
io8_l2n1n2_l5n1n2_l7p2n1_d1d2,257.519,31488,31488,0,0,25734,180,256,0,160
io8_l2n1n2_l5n1n2_l7p4n1,87.920,10642,10642,0,0,12556,21,32,0,80
io8_l2n1n2_l5n1n2_l7p4n1_d1d2,353.439,39505,39505,0,0,36470,192,256,0,320
io8_l2n1n2_l5n1n2_l7p8n1,87.454,10537,10537,0,0,11615,24,32,0,80
io8_l2n1n2_l5n1n2_l7p8n1_d1d2,552.917,66693,66693,0,0,71537,189,256,0,640
io8_l2n1n4_l5n1n4_l7n1n1,35.192,2179,2179,0,0,1489,16,40,0,14
io8_l2n1n4_l5n1n4_l7n1n1_d1d2,113.092,7679,7679,0,0,1542,0,448,0,14
io8_l2n1n4_l5n1n4_l7n1n2,35.952,2232,2232,0,0,1585,16,40,0,14
io8_l2n1n4_l5n1n4_l7n1n2_d1d2,112.416,7770,7770,0,0,1601,0,448,0,14
io8_l2n1n4_l5n1n4_l7n1n4,36.612,2400,2400,0,0,1606,16,40,0,14
io8_l2n1n4_l5n1n4_l7n1n4_d1d2,113.301,7855,7855,0,0,1755,0,448,0,14
io8_l2n1n4_l5n1n4_l7n1n8,52.586,4134,4134,0,0,3103,16,40,0,40
io8_l2n1n4_l5n1n4_l7n1n8_d1d2,135.812,9768,9768,0,0,3404,0,448,0,40
io8_l2n1n4_l5n1n4_l7n1p1,36.879,2217,2206,0,11,1529,16,40,0,14
io8_l2n1n4_l5n1n4_l7n1p1_d1d2,113.086,7732,7720,0,12,1576,0,448,0,14
io8_l2n1n4_l5n1n4_l7n1p2,38.150,2569,2559,0,10,1747,16,40,0,16
io8_l2n1n4_l5n1n4_l7n1p2_d1d2,116.356,7947,7936,0,11,1800,0,448,0,16
io8_l2n1n4_l5n1n4_l7n1p4,39.593,2979,2969,0,10,2212,16,40,0,20
io8_l2n1n4_l5n1n4_l7n1p4_d1d2,121.338,8532,8519,0,13,2287,0,448,0,20
io8_l2n1n4_l5n1n4_l7n1p8,52.555,4148,4139,0,9,3126,16,40,0,40
io8_l2n1n4_l5n1n4_l7n1p8_d1d2,135.296,9723,9714,0,9,3428,0,448,0,40
io8_l2n1n4_l5n1n4_l7p1n1,88.242,8919,8919,0,0,9740,40,16,0,80
io8_l2n1n4_l5n1n4_l7p1n1_d1d2,199.505,16074,16074,0,0,9847,184,256,0,80
io8_l2n1n4_l5n1n4_l7p2n1,93.216,10307,10307,0,0,11786,40,16,0,80
io8_l2n1n4_l5n1n4_l7p2n1_d1d2,263.726,31573,31573,0,0,26380,192,256,0,160
io8_l2n1n4_l5n1n4_l7p4n1,91.983,11169,11169,0,0,12871,32,16,0,80
io8_l2n1n4_l5n1n4_l7p4n1_d1d2,357.178,38144,38144,0,0,37491,192,256,0,320
io8_l2n1n4_l5n1n4_l7p8n1,92.494,10984,10984,0,0,11944,40,16,0,80
io8_l2n1n4_l5n1n4_l7p8n1_d1d2,550.584,66970,66970,0,0,71829,182,256,0,640
io8_l2n1n8_l5n1n8_l7n1n1,37.990,2365,2365,0,0,1599,16,40,0,14
io8_l2n1n8_l5n1n8_l7n1n1_d1d2,116.112,8251,8251,0,0,2442,0,448,0,23
io8_l2n1n8_l5n1n8_l7n1n2,36.951,2402,2402,0,0,1696,16,40,0,14
io8_l2n1n8_l5n1n8_l7n1n2_d1d2,115.096,8247,8247,0,0,2500,0,448,0,23
io8_l2n1n8_l5n1n8_l7n1n4,37.690,2603,2603,0,0,1717,16,40,0,14
io8_l2n1n8_l5n1n8_l7n1n4_d1d2,117.150,8416,8416,0,0,2635,0,448,0,23
io8_l2n1n8_l5n1n8_l7n1n8,53.517,4327,4327,0,0,3212,16,40,0,40
io8_l2n1n8_l5n1n8_l7n1n8_d1d2,128.891,10080,10080,0,0,4101,0,448,0,40
io8_l2n1n8_l5n1n8_l7n1p1,37.200,2382,2371,0,11,1639,16,40,0,14
io8_l2n1n8_l5n1n8_l7n1p1_d1d2,115.791,8283,8271,0,12,2473,0,448,0,23
io8_l2n1n8_l5n1n8_l7n1p2,39.112,2706,2696,0,10,1858,16,40,0,16
io8_l2n1n8_l5n1n8_l7n1p2_d1d2,117.601,8393,8382,0,11,2702,0,448,0,25
io8_l2n1n8_l5n1n8_l7n1p4,41.869,3156,3146,0,10,2323,16,40,0,20
io8_l2n1n8_l5n1n8_l7n1p4_d1d2,120.638,9092,9079,0,13,3163,0,448,0,29
io8_l2n1n8_l5n1n8_l7n1p8,54.368,4347,4338,0,9,3238,16,40,0,40
io8_l2n1n8_l5n1n8_l7n1p8_d1d2,128.966,10125,10116,0,9,4119,0,448,0,40
io8_l2n1n8_l5n1n8_l7p1n1,88.254,9081,9081,0,0,9867,40,16,0,80
io8_l2n1n8_l5n1n8_l7p1n1_d1d2,198.248,16327,16327,0,0,10497,192,256,0,80
io8_l2n1n8_l5n1n8_l7p2n1,93.999,10408,10408,0,0,11887,40,16,0,80
io8_l2n1n8_l5n1n8_l7p2n1_d1d2,259.966,31284,31284,0,0,26180,184,248,0,160
io8_l2n1n8_l5n1n8_l7p4n1,93.611,11100,11100,0,0,12970,40,16,0,80
io8_l2n1n8_l5n1n8_l7p4n1_d1d2,350.021,40248,40248,0,0,37408,192,256,0,320
io8_l2n1n8_l5n1n8_l7p8n1,93.770,11544,11544,0,0,12060,40,16,0,80
io8_l2n1n8_l5n1n8_l7p8n1_d1d2,548.039,65297,65297,0,0,72243,192,256,0,640
io8_l2n1p1_l5n1p1_l7n1n1,31.576,1872,1872,0,0,935,0,56,0,5
io8_l2n1p1_l5n1p1_l7n1n1_d1d2,156.920,7658,7658,0,0,988,0,448,0,5
io8_l2n1p1_l5n1p1_l7n1n2,32.504,1897,1897,0,0,1028,0,56,0,5
io8_l2n1p1_l5n1p1_l7n1n2_d1d2,158.163,7599,7599,0,0,1068,0,448,0,5
io8_l2n1p1_l5n1p1_l7n1n4,33.005,2095,2095,0,0,1047,0,56,0,5
io8_l2n1p1_l5n1p1_l7n1n4_d1d2,159.106,7700,7700,0,0,1211,0,448,0,5
io8_l2n1p1_l5n1p1_l7n1n8,54.090,3957,3957,0,0,2729,0,56,0,40
io8_l2n1p1_l5n1p1_l7n1n8_d1d2,183.712,9783,9783,0,0,3042,0,448,0,40
io8_l2n1p1_l5n1p1_l7n1p1,32.458,1917,1906,0,11,977,0,56,0,5
io8_l2n1p1_l5n1p1_l7n1p1_d1d2,159.027,7703,7691,0,12,1033,0,448,0,5
io8_l2n1p1_l5n1p1_l7n1p2,35.580,2252,2242,0,10,1258,0,56,0,10
io8_l2n1p1_l5n1p1_l7n1p2_d1d2,163.047,7895,7884,0,11,1328,0,448,0,10
io8_l2n1p1_l5n1p1_l7n1p4,42.074,2842,2832,0,10,1849,0,56,0,20
io8_l2n1p1_l5n1p1_l7n1p4_d1d2,171.047,8693,8680,0,13,1934,0,448,0,20
io8_l2n1p1_l5n1p1_l7n1p8,56.022,4022,4013,0,9,2763,0,56,0,40
io8_l2n1p1_l5n1p1_l7n1p8_d1d2,183.048,9798,9789,0,9,3088,0,448,0,40
io8_l2n1p1_l5n1p1_l7p1n1,86.920,8815,8815,0,0,9460,24,24,0,80
io8_l2n1p1_l5n1p1_l7p1n1_d1d2,246.018,16118,16118,0,0,9468,184,256,0,80
io8_l2n1p1_l5n1p1_l7p2n1,98.016,10401,10401,0,0,11591,24,32,0,80
io8_l2n1p1_l5n1p1_l7p2n1_d1d2,314.163,32365,32365,0,0,26304,184,256,0,160
io8_l2n1p1_l5n1p1_l7p4n1,90.431,10873,10873,0,0,12624,16,24,0,80
io8_l2n1p1_l5n1p1_l7p4n1_d1d2,400.004,37603,37603,0,0,35985,190,256,0,320
io8_l2n1p1_l5n1p1_l7p8n1,90.319,10809,10809,0,0,11755,16,24,0,80
io8_l2n1p1_l5n1p1_l7p8n1_d1d2,600.526,65091,65091,0,0,71412,187,256,0,640
io8_l2n1p2_l5n1p2_l7n1n1,34.713,2136,2136,0,0,1160,16,40,0,5
io8_l2n1p2_l5n1p2_l7n1n1_d1d2,131.860,8001,8001,0,0,1372,0,448,0,5
io8_l2n1p2_l5n1p2_l7n1n2,35.143,2198,2198,0,0,1253,16,40,0,5
io8_l2n1p2_l5n1p2_l7n1n2_d1d2,132.847,7970,7970,0,0,1807,0,448,0,5
io8_l2n1p2_l5n1p2_l7n1n4,35.632,2249,2249,0,0,1270,16,40,0,5
io8_l2n1p2_l5n1p2_l7n1n4_d1d2,133.709,8141,8141,0,0,1625,0,448,0,5
io8_l2n1p2_l5n1p2_l7n1n8,56.253,4238,4238,0,0,2954,16,40,0,40
io8_l2n1p2_l5n1p2_l7n1n8_d1d2,156.191,10206,10206,0,0,3457,0,448,0,40
io8_l2n1p2_l5n1p2_l7n1p1,34.567,2178,2167,0,11,1196,16,40,0,5
io8_l2n1p2_l5n1p2_l7n1p1_d1d2,131.413,8049,8037,0,12,1445,0,448,0,5
io8_l2n1p2_l5n1p2_l7n1p2,38.757,2526,2516,0,10,1481,16,40,0,10
io8_l2n1p2_l5n1p2_l7n1p2_d1d2,135.573,8221,8210,0,11,1747,0,448,0,10
io8_l2n1p2_l5n1p2_l7n1p4,45.873,3100,3090,0,10,2066,16,40,0,20
io8_l2n1p2_l5n1p2_l7n1p4_d1d2,142.868,9068,9055,0,13,2348,0,448,0,20
io8_l2n1p2_l5n1p2_l7n1p8,57.365,4260,4251,0,9,2985,16,40,0,40
io8_l2n1p2_l5n1p2_l7n1p8_d1d2,158.358,10510,10501,0,9,3370,0,448,0,40
io8_l2n1p2_l5n1p2_l7p1n1,93.230,9050,9050,0,0,9696,40,16,0,80
io8_l2n1p2_l5n1p2_l7p1n1_d1d2,222.002,16410,16410,0,0,9768,192,256,0,80
io8_l2n1p2_l5n1p2_l7p2n1,96.189,10461,10461,0,0,11822,36,16,0,80
io8_l2n1p2_l5n1p2_l7p2n1_d1d2,287.140,33187,33187,0,0,25325,184,256,0,160
io8_l2n1p2_l5n1p2_l7p4n1,97.450,11303,11303,0,0,12814,35,16,0,80
io8_l2n1p2_l5n1p2_l7p4n1_d1d2,377.076,37779,37779,0,0,36321,192,256,0,320
io8_l2n1p2_l5n1p2_l7p8n1,99.427,11252,11252,0,0,12017,37,16,0,80
io8_l2n1p2_l5n1p2_l7p8n1_d1d2,570.622,65619,65619,0,0,71651,184,256,0,640
io8_l2n1p4_l5n1p4_l7n1n1,34.537,2409,2409,0,0,1451,16,40,0,5
io8_l2n1p4_l5n1p4_l7n1n1_d1d2,113.951,8286,8286,0,0,1498,0,448,0,5
io8_l2n1p4_l5n1p4_l7n1n2,34.550,2437,2437,0,0,1545,16,40,0,5
io8_l2n1p4_l5n1p4_l7n1n2_d1d2,115.317,8196,8196,0,0,1562,0,448,0,5
io8_l2n1p4_l5n1p4_l7n1n4,35.274,2582,2582,0,0,1566,16,40,0,5
io8_l2n1p4_l5n1p4_l7n1n4_d1d2,115.661,8303,8303,0,0,1702,0,448,0,5
io8_l2n1p4_l5n1p4_l7n1n8,57.080,4561,4561,0,0,3221,16,40,0,40
io8_l2n1p4_l5n1p4_l7n1n8_d1d2,139.842,10213,10213,0,0,3532,0,448,0,40
io8_l2n1p4_l5n1p4_l7n1p1,34.545,2515,2504,0,11,1463,16,40,0,5
io8_l2n1p4_l5n1p4_l7n1p1_d1d2,114.907,8323,8311,0,12,1534,0,448,0,5
io8_l2n1p4_l5n1p4_l7n1p2,38.150,2859,2849,0,10,1749,16,40,0,10
io8_l2n1p4_l5n1p4_l7n1p2_d1d2,116.876,8460,8449,0,11,1828,0,448,0,10
io8_l2n1p4_l5n1p4_l7n1p4,43.398,3372,3362,0,10,2363,16,40,0,20
io8_l2n1p4_l5n1p4_l7n1p4_d1d2,125.486,9065,9052,0,13,2419,0,448,0,20
io8_l2n1p4_l5n1p4_l7n1p8,56.541,4594,4585,0,9,3252,16,40,0,40
io8_l2n1p4_l5n1p4_l7n1p8_d1d2,141.628,10374,10365,0,9,3570,0,448,0,40
io8_l2n1p4_l5n1p4_l7p1n1,92.373,9271,9271,0,0,9906,40,16,0,80
io8_l2n1p4_l5n1p4_l7p1n1_d1d2,204.186,16493,16493,0,0,9983,192,256,0,80
io8_l2n1p4_l5n1p4_l7p2n1,93.013,11002,11002,0,0,11954,32,16,0,80
io8_l2n1p4_l5n1p4_l7p2n1_d1d2,271.230,32843,32843,0,0,27000,192,256,0,160
io8_l2n1p4_l5n1p4_l7p4n1,97.995,11470,11470,0,0,13110,38,16,0,80
io8_l2n1p4_l5n1p4_l7p4n1_d1d2,356.516,37979,37979,0,0,36366,192,256,0,320
io8_l2n1p4_l5n1p4_l7p8n1,95.158,11645,11645,0,0,12030,34,16,0,80
io8_l2n1p4_l5n1p4_l7p8n1_d1d2,557.100,65541,65541,0,0,71758,183,256,0,640
io8_l2n1p8_l5n1p8_l7n1n1,35.582,2668,2668,0,0,1737,16,40,0,5
io8_l2n1p8_l5n1p8_l7n1n1_d1d2,107.207,8127,8127,0,0,2133,0,448,0,5
io8_l2n1p8_l5n1p8_l7n1n2,36.441,2660,2660,0,0,1836,16,40,0,5
io8_l2n1p8_l5n1p8_l7n1n2_d1d2,108.463,8102,8102,0,0,2196,0,448,0,5
io8_l2n1p8_l5n1p8_l7n1n4,36.803,2805,2805,0,0,1852,16,40,0,5
io8_l2n1p8_l5n1p8_l7n1n4_d1d2,108.653,8344,8344,0,0,2355,0,448,0,5
io8_l2n1p8_l5n1p8_l7n1n8,57.732,4774,4774,0,0,3583,16,40,0,40
io8_l2n1p8_l5n1p8_l7n1n8_d1d2,131.515,10369,10369,0,0,4183,0,448,0,40
io8_l2n1p8_l5n1p8_l7n1p1,35.761,2689,2678,0,11,1780,16,40,0,5
io8_l2n1p8_l5n1p8_l7n1p1_d1d2,108.183,8131,8119,0,12,2167,0,448,0,5
io8_l2n1p8_l5n1p8_l7n1p2,38.571,3046,3036,0,10,2064,16,40,0,10
io8_l2n1p8_l5n1p8_l7n1p2_d1d2,111.464,8346,8335,0,11,2463,0,448,0,10
io8_l2n1p8_l5n1p8_l7n1p4,45.287,3611,3601,0,10,2650,16,40,0,20
io8_l2n1p8_l5n1p8_l7n1p4_d1d2,119.123,9049,9036,0,13,3055,0,448,0,20
io8_l2n1p8_l5n1p8_l7n1p8,57.976,4792,4783,0,9,3568,16,40,0,40
io8_l2n1p8_l5n1p8_l7n1p8_d1d2,134.341,10369,10360,0,9,4211,0,448,0,40
io8_l2n1p8_l5n1p8_l7p1n1,94.476,9779,9779,0,0,10213,40,16,0,80
io8_l2n1p8_l5n1p8_l7p1n1_d1d2,195.512,16423,16423,0,0,10535,184,256,0,80
io8_l2n1p8_l5n1p8_l7p2n1,97.620,11148,11148,0,0,12319,40,16,0,80
io8_l2n1p8_l5n1p8_l7p2n1_d1d2,263.951,32411,32411,0,0,27106,192,256,0,160
io8_l2n1p8_l5n1p8_l7p4n1,96.514,11682,11682,0,0,13318,38,8,0,80
io8_l2n1p8_l5n1p8_l7p4n1_d1d2,351.780,38017,38017,0,0,37768,192,256,0,320
io8_l2n1p8_l5n1p8_l7p8n1,97.882,11534,11534,0,0,12417,40,16,0,80
io8_l2n1p8_l5n1p8_l7p8n1_d1d2,547.508,65524,65524,0,0,73020,188,256,0,640
io8_l2p1n1_l5p1n1_l7n1n1,41.633,3142,3142,0,0,2150,16,40,0,14
io8_l2p1n1_l5p1n1_l7n1n1_d1d2,115.643,9238,9238,0,0,2954,0,448,0,23
io8_l2p1n1_l5p1n1_l7n1n2,41.062,3170,3170,0,0,2202,16,40,0,14
io8_l2p1n1_l5p1n1_l7n1n2_d1d2,116.300,9259,9259,0,0,3015,0,448,0,23
io8_l2p1n1_l5p1n1_l7n1n4,41.368,3392,3392,0,0,2250,16,40,0,14
io8_l2p1n1_l5p1n1_l7n1n4_d1d2,116.971,9312,9312,0,0,3155,0,448,0,23
io8_l2p1n1_l5p1n1_l7n1n8,55.667,5071,5071,0,0,3738,16,40,0,40
io8_l2p1n1_l5p1n1_l7n1n8_d1d2,127.335,11002,11002,0,0,4606,0,448,0,40
io8_l2p1n1_l5p1n1_l7n1p1,41.273,3229,3218,0,11,2194,16,40,0,14
io8_l2p1n1_l5p1n1_l7n1p1_d1d2,117.180,9240,9228,0,12,2978,0,448,0,23
io8_l2p1n1_l5p1n1_l7n1p2,40.601,3481,3471,0,10,2372,16,40,0,16
io8_l2p1n1_l5p1n1_l7n1p2_d1d2,118.380,9430,9419,0,11,3224,0,448,0,25
io8_l2p1n1_l5p1n1_l7n1p4,43.737,3966,3956,0,10,2856,16,40,0,20
io8_l2p1n1_l5p1n1_l7n1p4_d1d2,120.963,10051,10038,0,13,3681,0,448,0,29
io8_l2p1n1_l5p1n1_l7n1p8,55.778,5134,5125,0,9,3777,16,40,0,40
io8_l2p1n1_l5p1n1_l7n1p8_d1d2,127.880,10987,10978,0,9,4640,0,448,0,40
io8_l2p1n1_l5p1n1_l7p1n1,90.447,10020,10020,0,0,10386,40,16,0,80
io8_l2p1n1_l5p1n1_l7p1n1_d1d2,192.609,17210,17210,0,0,11059,184,256,0,80
io8_l2p1n1_l5p1n1_l7p2n1,94.782,11207,11207,0,0,12453,40,16,0,80
io8_l2p1n1_l5p1n1_l7p2n1_d1d2,266.225,33066,33066,0,0,27635,192,256,0,160
io8_l2p1n1_l5p1n1_l7p4n1,97.645,12582,12582,0,0,13449,40,16,0,80
io8_l2p1n1_l5p1n1_l7p4n1_d1d2,351.141,38729,38729,0,0,37536,192,256,0,320
io8_l2p1n1_l5p1n1_l7p8n1,96.508,12004,12004,0,0,12626,40,16,0,80
io8_l2p1n1_l5p1n1_l7p8n1_d1d2,548.073,66325,66325,0,0,73578,192,256,0,640
io8_l2p2n1_l5p2n1_l7n1n1,90.103,11455,11455,0,0,16957,16,40,0,89
io8_l2p2n1_l5p2n1_l7n1n1_d1d2,171.817,25763,25763,0,0,49249,128,320,0,8
io8_l2p2n1_l5p2n1_l7n1n2,94.905,11837,11837,0,0,17142,16,40,0,101
io8_l2p2n1_l5p2n1_l7n1n2_d1d2,175.013,25478,25478,0,0,49426,128,320,0,8
io8_l2p2n1_l5p2n1_l7n1n4,85.994,11197,11197,0,0,16811,16,40,0,74
io8_l2p2n1_l5p2n1_l7n1n4_d1d2,175.135,25879,25879,0,0,49514,128,320,0,8
io8_l2p2n1_l5p2n1_l7n1n8,99.814,13251,13251,0,0,18780,16,40,0,112
io8_l2p2n1_l5p2n1_l7n1n8_d1d2,196.564,28047,28047,0,0,51273,128,320,0,40
io8_l2p2n1_l5p2n1_l7n1p1,88.120,11545,11534,0,11,16966,16,40,0,86
io8_l2p2n1_l5p2n1_l7n1p1_d1d2,175.690,24821,24809,0,12,49340,128,320,0,8
io8_l2p2n1_l5p2n1_l7n1p2,90.915,11772,11762,0,10,17111,16,40,0,94
io8_l2p2n1_l5p2n1_l7n1p2_d1d2,172.582,25896,25885,0,11,49584,120,320,0,10
io8_l2p2n1_l5p2n1_l7n1p4,87.520,11897,11887,0,10,17584,16,36,0,83
io8_l2p2n1_l5p2n1_l7n1p4_d1d2,181.479,26572,26559,0,13,50233,128,320,0,20
io8_l2p2n1_l5p2n1_l7n1p8,97.942,13081,13072,0,9,18534,16,40,0,109
io8_l2p2n1_l5p2n1_l7n1p8_d1d2,196.722,27572,27563,0,9,51289,128,320,0,40
io8_l2p2n1_l5p2n1_l7p1n1,112.008,17445,17445,0,0,23515,40,16,0,122
io8_l2p2n1_l5p2n1_l7p1n1_d1d2,252.340,34297,34297,0,0,57604,304,128,0,80
io8_l2p2n1_l5p2n1_l7p2n1,124.131,19571,19571,0,0,26279,40,16,0,143
io8_l2p2n1_l5p2n1_l7p2n1_d1d2,321.467,50161,50161,0,0,74418,316,128,0,160
io8_l2p2n1_l5p2n1_l7p4n1,112.677,19227,19227,0,0,26248,40,16,0,110
io8_l2p2n1_l5p2n1_l7p4n1_d1d2,405.859,55247,55247,0,0,84104,320,128,0,320
io8_l2p2n1_l5p2n1_l7p8n1,100.602,18687,18687,0,0,24825,40,16,0,89
io8_l2p2n1_l5p2n1_l7p8n1_d1d2,605.217,82696,82696,0,0,122185,320,128,0,640
io8_l2p4n1_l5p4n1_l7n1n1,57.459,8681,8681,0,0,8841,4,52,0,11
io8_l2p4n1_l5p4n1_l7n1n1_d1d2,302.315,54509,54509,0,0,56542,176,256,0,194
io8_l2p4n1_l5p4n1_l7n1n2,56.323,8743,8743,0,0,8723,4,52,0,11
io8_l2p4n1_l5p4n1_l7n1n2_d1d2,313.462,55359,55359,0,0,56624,184,256,0,194
io8_l2p4n1_l5p4n1_l7n1n4,60.493,9146,9146,0,0,9384,4,52,0,11
io8_l2p4n1_l5p4n1_l7n1n4_d1d2,298.095,54448,54448,0,0,56714,176,240,0,194
io8_l2p4n1_l5p4n1_l7n1n8,75.115,10985,10985,0,0,10659,4,52,0,40
io8_l2p4n1_l5p4n1_l7n1n8_d1d2,310.595,55435,55435,0,0,58114,176,240,0,208
io8_l2p4n1_l5p4n1_l7n1p1,59.834,8865,8854,0,11,9099,4,52,0,11
io8_l2p4n1_l5p4n1_l7n1p1_d1d2,307.868,53059,53047,0,12,56705,192,256,0,194
io8_l2p4n1_l5p4n1_l7n1p2,56.452,9028,9018,0,10,8985,4,52,0,13
io8_l2p4n1_l5p4n1_l7n1p2_d1d2,316.805,53552,53541,0,11,56832,184,256,0,196
io8_l2p4n1_l5p4n1_l7n1p4,63.443,9857,9847,0,10,9694,4,52,0,20
io8_l2p4n1_l5p4n1_l7n1p4_d1d2,310.947,55577,55564,0,13,57252,192,240,0,200
io8_l2p4n1_l5p4n1_l7n1p8,75.058,10736,10727,0,9,10353,4,52,0,40
io8_l2p4n1_l5p4n1_l7n1p8_d1d2,312.466,56083,56074,0,9,58150,184,248,0,208
io8_l2p4n1_l5p4n1_l7p1n1,105.729,15701,15701,0,0,16880,28,28,0,80
io8_l2p4n1_l5p4n1_l7p1n1_d1d2,358.330,61936,61936,0,0,62645,384,64,0,224
io8_l2p4n1_l5p4n1_l7p2n1,108.176,17232,17232,0,0,18895,28,28,0,80
io8_l2p4n1_l5p4n1_l7p2n1_d1d2,392.695,77758,77758,0,0,77084,384,64,0,256
io8_l2p4n1_l5p4n1_l7p4n1,111.454,18092,18092,0,0,19999,28,28,0,80
io8_l2p4n1_l5p4n1_l7p4n1_d1d2,405.011,82036,82036,0,0,85916,366,64,0,320
io8_l2p4n1_l5p4n1_l7p8n1,108.408,17498,17498,0,0,19085,24,28,0,80
io8_l2p4n1_l5p4n1_l7p8n1_d1d2,609.092,107031,107031,0,0,121452,384,64,0,640
io8_l2p8n1_l5p8n1_l7n1n1,442.331,51786,42298,0,9488,64592,32,24,0,86
io8_l2p8n1_l5p8n1_l7n1n1_d1d2,645.580,74371,65265,0,9106,98210,256,192,0,98
io8_l2p8n1_l5p8n1_l7n1n2,441.069,52741,43253,0,9488,64667,32,24,0,86
io8_l2p8n1_l5p8n1_l7n1n2_d1d2,662.464,77464,68358,0,9106,98242,256,192,0,98
io8_l2p8n1_l5p8n1_l7n1n4,479.755,52362,42874,0,9488,65163,32,24,0,86
io8_l2p8n1_l5p8n1_l7n1n4_d1d2,663.127,76580,67474,0,9106,98514,256,192,0,98
io8_l2p8n1_l5p8n1_l7n1n8,670.401,53542,44054,0,9488,65077,32,24,0,86
io8_l2p8n1_l5p8n1_l7n1n8_d1d2,671.075,75862,66756,0,9106,98765,256,192,0,98
io8_l2p8n1_l5p8n1_l7n1p1,668.457,52520,43021,0,9499,65375,32,24,0,86
io8_l2p8n1_l5p8n1_l7n1p1_d1d2,917.632,74909,65791,0,9118,98206,248,192,0,98
io8_l2p8n1_l5p8n1_l7n1p2,684.738,51337,41839,0,9498,65226,32,24,0,86
io8_l2p8n1_l5p8n1_l7n1p2_d1d2,942.650,77361,68244,0,9117,98408,248,192,0,98
io8_l2p8n1_l5p8n1_l7n1p4,706.715,52186,42688,0,9498,64988,32,24,0,86
io8_l2p8n1_l5p8n1_l7n1p4_d1d2,962.583,77419,68300,0,9119,98400,248,176,0,98
io8_l2p8n1_l5p8n1_l7n1p8,702.012,52004,42507,0,9497,64597,32,24,0,86
io8_l2p8n1_l5p8n1_l7n1p8_d1d2,954.676,76518,67403,0,9115,98532,248,192,0,98
io8_l2p8n1_l5p8n1_l7p1n1,759.996,56106,46618,0,9488,68000,56,0,0,86
io8_l2p8n1_l5p8n1_l7p1n1_d1d2,1010.704,80574,71468,0,9106,101255,448,0,0,98
io8_l2p8n1_l5p8n1_l7p2n1,749.992,57673,48185,0,9488,69561,56,0,0,86
io8_l2p8n1_l5p8n1_l7p2n1_d1d2,1085.945,94890,85784,0,9106,117869,440,0,0,160
io8_l2p8n1_l5p8n1_l7p4n1,776.731,58531,49043,0,9488,71155,56,0,0,86
io8_l2p8n1_l5p8n1_l7p4n1_d1d2,1153.657,102114,93008,0,9106,126735,446,0,0,320
io8_l2p8n1_l5p8n1_l7p8n1,750.171,57374,47886,0,9488,69648,56,0,0,86
io8_l2p8n1_l5p8n1_l7p8n1_d1d2,1358.218,131320,122214,0,9106,162067,448,0,0,640
