prjclk_target(ns),clk_estimated(ns),clk_uncertainty(ns),bram,dsp,ff,lutc_num_arith,c_num_logic,rtl_num_arith,rtl_num_logic,data_input_port(numxbits),data_output_port(numxbits)
io1_l2n1n1_l5n1n1_l7n1n1,10.0,8.419,1.25,56,5,870,1519,30,12,25,12,6x32,1x32
io1_l2n1n1_l5n1n1_l7n1p1,10.0,8.419,1.25,56,5,999,1631,31,12,26,12,6x32,1x32
io1_l2n1n1_l5n1n1_l7p1n1,10.0,9.24,1.25,56,10,2505,3815,154,74,25,74,6x32,1x32
io1_l2n1p1_l5n1p1_l7n1n1,10.0,8.419,1.25,56,5,1028,1866,34,18,29,18,6x32,1x32
io1_l2n1p1_l5n1p1_l7n1p1,10.0,8.419,1.25,56,5,1157,1978,35,18,30,18,6x32,1x32
io1_l2n1p1_l5n1p1_l7p1n1,10.0,9.24,1.25,56,10,2631,4145,158,80,29,80,6x32,1x32
io1_l2p1n1_l5p1n1_l7n1n1,10.0,8.905,1.25,56,16,14291,19636,383,262,67,262,6x32,1x32
io1_l2p1n1_l5p1n1_l7n1p1,10.0,8.905,1.25,56,16,14420,19748,384,262,68,262,6x32,1x32
io1_l2p1n1_l5p1n1_l7p1n1,10.0,8.999,1.25,56,16,15315,21550,507,324,65,324,6x32,1x32
io2_l2n1n1_l5n1n1_l7n1n1,10.0,8.419,1.25,56,5,929,1947,30,12,25,12,10x32,2x32
io2_l2n1n1_l5n1n1_l7n1n1_d1d2,10.0,8.572,1.25,56,5,978,2928,31,41,26,41,10x32,2x32
io2_l2n1n1_l5n1n1_l7n1n2,10.0,8.419,1.25,56,10,1306,2232,32,12,27,12,10x32,2x32
io2_l2n1n1_l5n1n1_l7n1n2_d1d2,10.0,8.847,1.25,56,5,1005,2894,33,36,26,36,10x32,2x32
io2_l2n1n1_l5n1n1_l7n1p1,10.0,8.419,1.25,56,5,1231,2155,31,12,26,12,10x32,2x32
io2_l2n1n1_l5n1n1_l7n1p1_d1d2,10.0,8.572,1.25,56,5,1683,3328,32,41,27,41,10x32,2x32
io2_l2n1n1_l5n1n1_l7n1p2,10.0,8.419,1.25,56,10,1434,2343,33,12,28,12,10x32,2x32
io2_l2n1n1_l5n1n1_l7n1p2_d1d2,10.0,8.572,1.25,56,10,1841,3474,34,36,29,36,10x32,2x32
io2_l2n1n1_l5n1n1_l7p1n1,10.0,9.218,1.25,56,20,4145,4703,154,42,29,42,10x32,2x32
io2_l2n1n1_l5n1n1_l7p1n1_d1d2,10.0,9.359,1.25,56,20,4608,6723,155,66,30,66,10x32,2x32
io2_l2n1n1_l5n1n1_l7p2n1,10.0,9.24,1.25,56,20,4076,5858,282,74,29,74,10x32,2x32
io2_l2n1n1_l5n1n1_l7p2n1_d1d2,10.0,9.359,1.25,56,40,7627,8340,283,66,38,66,10x32,2x32
io2_l2n1n2_l5n1n2_l7n1n1,10.0,8.55,1.25,56,8,1246,2187,35,14,26,14,10x32,2x32
io2_l2n1n2_l5n1n2_l7n1n1_d1d2,10.0,8.999,1.25,56,8,1287,3002,36,27,27,27,10x32,2x32
io2_l2n1n2_l5n1n2_l7n1n2,10.0,8.55,1.25,56,10,1463,2349,37,14,27,14,10x32,2x32
io2_l2n1n2_l5n1n2_l7n1n2_d1d2,10.0,9.011,1.25,56,8,1314,2968,38,22,27,22,10x32,2x32
io2_l2n1n2_l5n1n2_l7n1p1,10.0,8.55,1.25,56,8,1548,2395,36,14,27,14,10x32,2x32
io2_l2n1n2_l5n1n2_l7n1p1_d1d2,10.0,8.999,1.25,56,8,1992,3402,37,27,28,27,10x32,2x32
io2_l2n1n2_l5n1n2_l7n1p2,10.0,8.55,1.25,56,10,1591,2460,38,14,28,14,10x32,2x32
io2_l2n1n2_l5n1n2_l7n1p2_d1d2,10.0,8.999,1.25,56,10,1990,3425,39,22,29,22,10x32,2x32
io2_l2n1n2_l5n1n2_l7p1n1,10.0,9.218,1.25,56,20,4302,4799,159,44,29,44,10x32,2x32
io2_l2n1n2_l5n1n2_l7p1n1_d1d2,10.0,9.382,1.25,56,20,4757,6652,160,52,30,52,10x32,2x32
io2_l2n1n2_l5n1n2_l7p2n1,10.0,9.24,1.25,56,20,4233,5970,287,76,29,76,10x32,2x32
io2_l2n1n2_l5n1n2_l7p2n1_d1d2,10.0,9.382,1.25,56,40,7776,8270,288,52,38,52,10x32,2x32
io2_l2n1p1_l5n1p1_l7n1n1,10.0,8.419,1.25,56,5,1078,2338,34,20,29,20,10x32,2x32
io2_l2n1p1_l5n1p1_l7n1n1_d1d2,10.0,8.572,1.25,56,5,1207,3396,35,65,30,65,10x32,2x32
io2_l2n1p1_l5n1p1_l7n1n2,10.0,8.419,1.25,56,10,1455,2623,36,20,31,20,10x32,2x32
io2_l2n1p1_l5n1p1_l7n1n2_d1d2,10.0,8.847,1.25,56,5,1234,3362,37,60,30,60,10x32,2x32
io2_l2n1p1_l5n1p1_l7n1p1,10.0,8.419,1.25,56,5,1380,2546,35,20,30,20,10x32,2x32
io2_l2n1p1_l5n1p1_l7n1p1_d1d2,10.0,8.572,1.25,56,5,1912,3796,36,65,31,65,10x32,2x32
io2_l2n1p1_l5n1p1_l7n1p2,10.0,8.419,1.25,56,10,1583,2734,37,20,32,20,10x32,2x32
io2_l2n1p1_l5n1p1_l7n1p2_d1d2,10.0,8.419,1.25,56,10,2070,3942,38,60,33,60,10x32,2x32
io2_l2n1p1_l5n1p1_l7p1n1,10.0,9.218,1.25,56,20,4262,5075,158,50,33,50,10x32,2x32
io2_l2n1p1_l5n1p1_l7p1n1_d1d2,10.0,9.218,1.25,56,20,4807,7183,159,90,34,90,10x32,2x32
io2_l2n1p1_l5n1p1_l7p2n1,10.0,9.24,1.25,56,20,4193,6230,286,82,33,82,10x32,2x32
io2_l2n1p1_l5n1p1_l7p2n1_d1d2,10.0,9.218,1.25,56,40,7856,8800,287,90,42,90,10x32,2x32
io2_l2n1p2_l5n1p2_l7n1n1,10.0,8.881,1.25,56,5,1236,2445,41,22,31,22,10x32,2x32
io2_l2n1p2_l5n1p2_l7n1n1_d1d2,10.0,8.999,1.25,56,5,1425,3304,40,49,30,49,10x32,2x32
io2_l2n1p2_l5n1p2_l7n1n2,10.0,8.881,1.25,56,10,1613,2730,43,22,33,22,10x32,2x32
io2_l2n1p2_l5n1p2_l7n1n2_d1d2,10.0,8.562,1.25,56,5,1452,3267,42,44,30,44,10x32,2x32
io2_l2n1p2_l5n1p2_l7n1p1,10.0,8.881,1.25,56,5,1538,2653,42,22,32,22,10x32,2x32
io2_l2n1p2_l5n1p2_l7n1p1_d1d2,10.0,8.999,1.25,56,5,2130,3704,41,49,31,49,10x32,2x32
io2_l2n1p2_l5n1p2_l7n1p2,10.0,8.881,1.25,56,10,1741,2841,44,22,34,22,10x32,2x32
io2_l2n1p2_l5n1p2_l7n1p2_d1d2,10.0,8.881,1.25,56,10,2288,3850,43,44,33,44,10x32,2x32
io2_l2n1p2_l5n1p2_l7p1n1,10.0,9.251,1.25,56,20,4420,5176,165,52,35,52,10x32,2x32
io2_l2n1p2_l5n1p2_l7p1n1_d1d2,10.0,9.251,1.25,56,20,4995,7068,164,74,34,74,10x32,2x32
io2_l2n1p2_l5n1p2_l7p2n1,10.0,9.274,1.25,56,20,4351,6331,293,84,35,84,10x32,2x32
io2_l2n1p2_l5n1p2_l7p2n1_d1d2,10.0,9.251,1.25,56,40,8042,8687,292,74,42,74,10x32,2x32
io2_l2p1n1_l5p1n1_l7n1n1,10.0,9.092,1.25,56,146,13467,19023,383,134,110,134,10x32,2x32
io2_l2p1n1_l5p1n1_l7n1n1_d1d2,10.0,9.274,1.25,56,62,19475,26053,366,149,65,149,10x32,2x32
io2_l2p1n1_l5p1n1_l7n1n2,10.0,9.52,1.25,56,91,10591,16688,385,134,92,134,10x32,2x32
io2_l2p1n1_l5p1n1_l7n1n2_d1d2,10.0,9.639,1.25,56,125,22850,28742,368,144,86,144,10x32,2x32
io2_l2p1n1_l5p1n1_l7n1p1,10.0,9.497,1.25,56,89,10575,16757,384,134,92,134,10x32,2x32
io2_l2p1n1_l5p1n1_l7n1p1_d1d2,10.0,9.309,1.25,56,95,21934,27887,367,149,77,149,10x32,2x32
io2_l2p1n1_l5p1n1_l7n1p2,10.0,9.218,1.25,56,133,12965,18684,386,134,107,134,10x32,2x32
io2_l2p1n1_l5p1n1_l7n1p2_d1d2,10.0,9.285,1.25,56,103,22226,28138,369,144,80,144,10x32,2x32
io2_l2p1n1_l5p1n1_l7p1n1,10.0,9.426,1.25,56,98,12096,18900,507,164,93,164,10x32,2x32
io2_l2p1n1_l5p1n1_l7p1n1_d1d2,10.0,9.285,1.25,56,50,21883,28656,490,174,60,174,10x32,2x32
io2_l2p1n1_l5p1n1_l7p2n1,10.0,9.437,1.25,56,152,15419,22315,635,196,111,196,10x32,2x32
io2_l2p1n1_l5p1n1_l7p2n1_d1d2,10.0,9.367,1.25,56,58,24102,29776,618,174,64,174,10x32,2x32
io2_l2p2n1_l5p2n1_l7n1n1,10.0,8.905,1.25,56,26,22935,18779,639,134,71,134,10x32,2x32
io2_l2p2n1_l5p2n1_l7n1n1_d1d2,10.0,8.988,1.25,56,52,29924,28348,622,139,64,139,10x32,2x32
io2_l2p2n1_l5p2n1_l7n1n2,10.0,8.905,1.25,56,26,22925,18729,641,134,71,134,10x32,2x32
io2_l2p2n1_l5p2n1_l7n1n2_d1d2,10.0,9.229,1.25,56,52,29951,28309,624,134,64,134,10x32,2x32
io2_l2p2n1_l5p2n1_l7n1p1,10.0,8.905,1.25,56,26,23237,18987,640,134,72,134,10x32,2x32
io2_l2p2n1_l5p2n1_l7n1p1_d1d2,10.0,8.988,1.25,56,52,30629,28748,623,139,65,139,10x32,2x32
io2_l2p2n1_l5p2n1_l7n1p2,10.0,8.905,1.25,56,26,23053,18840,642,134,72,134,10x32,2x32
io2_l2p2n1_l5p2n1_l7n1p2_d1d2,10.0,8.835,1.25,56,52,30400,28561,625,134,65,134,10x32,2x32
io2_l2p2n1_l5p2n1_l7p1n1,10.0,8.952,1.25,56,26,24542,20430,763,164,69,164,10x32,2x32
io2_l2p2n1_l5p2n1_l7p1n1_d1d2,10.0,8.858,1.25,56,52,32023,31039,746,164,62,164,10x32,2x32
io2_l2p2n1_l5p2n1_l7p2n1,10.0,8.999,1.25,56,26,24473,21585,891,196,69,196,10x32,2x32
io2_l2p2n1_l5p2n1_l7p2n1_d1d2,10.0,8.858,1.25,56,52,33110,31201,874,164,62,164,10x32,2x32
io4_l2n1n1_l5n1n1_l7n1n1,10.0,8.419,1.25,56,5,986,2170,30,12,25,12,18x32,4x32
io4_l2n1n1_l5n1n1_l7n1n1_d1d2,10.0,8.419,1.25,112,5,1100,4831,31,12,26,12,18x32,4x32
io4_l2n1n1_l5n1n1_l7n1n2,10.0,8.847,1.25,56,5,1000,2322,32,15,25,15,18x32,4x32
io4_l2n1n1_l5n1n1_l7n1n2_d1d2,10.0,8.847,1.25,112,5,1229,5019,33,15,26,15,18x32,4x32
io4_l2n1n1_l5n1n1_l7n1n4,10.0,8.419,1.25,56,20,2181,3183,36,12,31,12,18x32,4x32
io4_l2n1n1_l5n1n1_l7n1n4_d1d2,10.0,8.419,1.25,112,20,2346,5404,37,12,32,12,18x32,4x32
io4_l2n1n1_l5n1n1_l7n1p1,10.0,8.419,1.25,56,5,1481,2474,31,12,26,12,18x32,4x32
io4_l2n1n1_l5n1n1_l7n1p1_d1d2,10.0,8.419,1.25,112,5,1423,5039,32,12,27,12,18x32,4x32
io4_l2n1n1_l5n1n1_l7n1p2,10.0,8.419,1.25,56,10,1899,2934,33,15,28,15,18x32,4x32
io4_l2n1n1_l5n1n1_l7n1p2_d1d2,10.0,8.419,1.25,112,10,1974,5599,34,15,29,15,18x32,4x32
io4_l2n1n1_l5n1n1_l7n1p4,10.0,8.419,1.25,56,20,2308,3293,37,12,32,12,18x32,4x32
io4_l2n1n1_l5n1n1_l7n1p4_d1d2,10.0,8.419,1.25,112,20,2610,6442,38,12,33,12,18x32,4x32
io4_l2n1n1_l5n1n1_l7p1n1,10.0,8.824,1.25,56,40,7019,6418,154,26,37,26,18x32,4x32
io4_l2n1n1_l5n1n1_l7p1n1_d1d2,10.0,8.824,1.25,160,40,7162,13126,155,26,38,26,18x32,4x32
io4_l2n1n1_l5n1n1_l7p2n1,10.0,9.218,1.25,56,40,7630,7730,282,42,37,42,18x32,4x32
io4_l2n1n1_l5n1n1_l7p2n1_d1d2,10.0,8.824,1.25,160,80,13586,16896,283,29,54,29,18x32,4x32
io4_l2n1n1_l5n1n1_l7p4n1,10.0,9.24,1.25,56,40,7287,9594,538,74,37,74,18x32,4x32
io4_l2n1n1_l5n1n1_l7p4n1_d1d2,10.0,8.824,1.25,160,160,26429,22527,539,26,86,26,18x32,4x32
io4_l2n1n2_l5n1n2_l7n1n1,10.0,8.493,1.25,56,8,1294,2574,35,20,26,20,18x32,4x32
io4_l2n1n2_l5n1n2_l7n1n1_d1d2,10.0,8.59,1.25,112,8,1416,5745,36,18,27,18,18x32,4x32
io4_l2n1n2_l5n1n2_l7n1n2,10.0,8.847,1.25,56,8,1308,2726,37,23,26,23,18x32,4x32
io4_l2n1n2_l5n1n2_l7n1n2_d1d2,10.0,8.847,1.25,112,8,1545,5933,38,21,27,21,18x32,4x32
io4_l2n1n2_l5n1n2_l7n1n4,10.0,8.493,1.25,56,20,2329,3464,41,20,31,20,18x32,4x32
io4_l2n1n2_l5n1n2_l7n1n4_d1d2,10.0,8.59,1.25,112,20,2502,5811,42,18,32,18,18x32,4x32
io4_l2n1n2_l5n1n2_l7n1p1,10.0,8.493,1.25,56,8,1789,2878,36,20,27,20,18x32,4x32
io4_l2n1n2_l5n1n2_l7n1p1_d1d2,10.0,8.59,1.25,112,8,1739,4993,37,18,28,18,18x32,4x32
io4_l2n1n2_l5n1n2_l7n1p2,10.0,8.55,1.25,56,10,2047,3215,38,23,28,23,18x32,4x32
io4_l2n1n2_l5n1n2_l7n1p2_d1d2,10.0,8.59,1.25,112,10,2130,5334,39,21,29,21,18x32,4x32
io4_l2n1n2_l5n1n2_l7n1p4,10.0,8.493,1.25,56,20,2456,3574,42,20,32,20,18x32,4x32
io4_l2n1n2_l5n1n2_l7n1p4_d1d2,10.0,8.59,1.25,112,20,2766,5985,43,18,33,18,18x32,4x32
io4_l2n1n2_l5n1n2_l7p1n1,10.0,8.824,1.25,56,40,7167,6678,159,34,37,34,18x32,4x32
io4_l2n1n2_l5n1n2_l7p1n1_d1d2,10.0,8.824,1.25,160,40,7318,12263,160,32,38,32,18x32,4x32
io4_l2n1n2_l5n1n2_l7p2n1,10.0,9.218,1.25,56,40,7778,7990,287,50,37,50,18x32,4x32
io4_l2n1n2_l5n1n2_l7p2n1_d1d2,10.0,8.824,1.25,160,80,13742,16801,288,35,54,35,18x32,4x32
io4_l2n1n2_l5n1n2_l7p4n1,10.0,9.24,1.25,56,40,7435,9870,543,82,37,82,18x32,4x32
io4_l2n1n2_l5n1n2_l7p4n1_d1d2,10.0,8.824,1.25,160,160,26585,22433,544,32,86,32,18x32,4x32
io4_l2n1n4_l5n1n4_l7n1n1,10.0,8.881,1.25,56,14,1988,3027,47,18,30,18,18x32,4x32
io4_l2n1n4_l5n1n4_l7n1n1_d1d2,10.0,8.419,1.25,112,14,2010,6271,46,12,29,12,18x32,4x32
io4_l2n1n4_l5n1n4_l7n1n2,10.0,8.517,1.25,56,14,2002,3192,49,21,30,21,18x32,4x32
io4_l2n1n4_l5n1n4_l7n1n2_d1d2,10.0,8.847,1.25,112,14,2139,6475,48,15,29,15,18x32,4x32
io4_l2n1n4_l5n1n4_l7n1n4,10.0,8.881,1.25,56,20,2703,3707,53,18,33,18,18x32,4x32
io4_l2n1n4_l5n1n4_l7n1n4_d1d2,10.0,8.419,1.25,112,20,2776,5899,52,12,32,12,18x32,4x32
io4_l2n1n4_l5n1n4_l7n1p1,10.0,8.881,1.25,56,14,2483,3331,48,18,31,18,18x32,4x32
io4_l2n1n4_l5n1n4_l7n1p1_d1d2,10.0,8.419,1.25,112,14,2333,5327,47,12,30,12,18x32,4x32
io4_l2n1n4_l5n1n4_l7n1p2,10.0,8.881,1.25,56,16,2741,3668,50,21,32,21,18x32,4x32
io4_l2n1n4_l5n1n4_l7n1p2_d1d2,10.0,8.419,1.25,112,16,2724,5668,49,15,31,15,18x32,4x32
io4_l2n1n4_l5n1n4_l7n1p4,10.0,8.881,1.25,56,20,2830,3817,54,18,34,18,18x32,4x32
io4_l2n1n4_l5n1n4_l7n1p4_d1d2,10.0,8.419,1.25,112,20,3040,6073,53,12,33,12,18x32,4x32
io4_l2n1n4_l5n1n4_l7p1n1,10.0,8.858,1.25,56,40,7445,6886,171,32,39,32,18x32,4x32
io4_l2n1n4_l5n1n4_l7p1n1_d1d2,10.0,8.824,1.25,160,40,7592,12327,170,26,38,26,18x32,4x32
io4_l2n1n4_l5n1n4_l7p2n1,10.0,9.251,1.25,56,40,8056,8214,299,48,39,48,18x32,4x32
io4_l2n1n4_l5n1n4_l7p2n1_d1d2,10.0,8.824,1.25,160,80,14016,16865,298,29,54,29,18x32,4x32
io4_l2n1n4_l5n1n4_l7p4n1,10.0,9.274,1.25,56,40,7713,10078,555,80,39,80,18x32,4x32
io4_l2n1n4_l5n1n4_l7p4n1_d1d2,10.0,8.824,1.25,160,160,26859,22499,554,26,86,26,18x32,4x32
io4_l2n1p1_l5n1p1_l7n1n1,10.0,8.419,1.25,56,5,1138,2581,34,18,29,18,18x32,4x32
io4_l2n1p1_l5n1p1_l7n1n1_d1d2,10.0,8.419,1.25,112,5,1258,5386,35,18,30,18,18x32,4x32
io4_l2n1p1_l5n1p1_l7n1n2,10.0,8.847,1.25,56,5,1152,2733,36,21,29,21,18x32,4x32
io4_l2n1p1_l5n1p1_l7n1n2_d1d2,10.0,8.847,1.25,112,5,1387,5574,37,21,30,21,18x32,4x32
io4_l2n1p1_l5n1p1_l7n1n4,10.0,8.419,1.25,56,20,2333,3594,40,18,35,18,18x32,4x32
io4_l2n1p1_l5n1p1_l7n1n4_d1d2,10.0,8.419,1.25,112,20,2504,5959,41,18,36,18,18x32,4x32
io4_l2n1p1_l5n1p1_l7n1p1,10.0,8.419,1.25,56,5,1633,2885,35,18,30,18,18x32,4x32
io4_l2n1p1_l5n1p1_l7n1p1_d1d2,10.0,8.419,1.25,112,5,1581,5018,36,18,31,18,18x32,4x32
io4_l2n1p1_l5n1p1_l7n1p2,10.0,8.419,1.25,56,10,2051,3345,37,21,32,21,18x32,4x32
io4_l2n1p1_l5n1p1_l7n1p2_d1d2,10.0,8.419,1.25,112,10,2132,5482,38,21,33,21,18x32,4x32
io4_l2n1p1_l5n1p1_l7n1p4,10.0,8.419,1.25,56,20,2460,3704,41,18,36,18,18x32,4x32
io4_l2n1p1_l5n1p1_l7n1p4_d1d2,10.0,8.419,1.25,112,20,2768,6133,42,18,37,18,18x32,4x32
io4_l2n1p1_l5n1p1_l7p1n1,10.0,8.824,1.25,56,40,7139,6802,158,32,41,32,18x32,4x32
io4_l2n1p1_l5n1p1_l7p1n1_d1d2,10.0,8.824,1.25,160,40,7288,12370,159,32,42,32,18x32,4x32
io4_l2n1p1_l5n1p1_l7p2n1,10.0,9.218,1.25,56,40,7750,8118,286,48,41,48,18x32,4x32
io4_l2n1p1_l5n1p1_l7p2n1_d1d2,10.0,8.824,1.25,160,80,13712,16908,287,35,58,35,18x32,4x32
io4_l2n1p1_l5n1p1_l7p4n1,10.0,9.24,1.25,56,40,7407,9982,542,80,41,80,18x32,4x32
io4_l2n1p1_l5n1p1_l7p4n1_d1d2,10.0,8.824,1.25,160,160,26555,22539,543,32,90,32,18x32,4x32
io4_l2n1p2_l5n1p2_l7n1n1,10.0,8.881,1.25,56,5,1298,2850,41,26,31,26,18x32,4x32
io4_l2n1p2_l5n1p2_l7n1n1_d1d2,10.0,8.881,1.25,112,5,1418,6127,40,24,30,24,18x32,4x32
io4_l2n1p2_l5n1p2_l7n1n2,10.0,8.562,1.25,56,5,1312,2999,43,29,31,29,18x32,4x32
io4_l2n1p2_l5n1p2_l7n1n2_d1d2,10.0,8.602,1.25,112,5,1547,6312,42,27,30,27,18x32,4x32
io4_l2n1p2_l5n1p2_l7n1n4,10.0,8.881,1.25,56,20,2493,3863,47,26,37,26,18x32,4x32
io4_l2n1p2_l5n1p2_l7n1n4_d1d2,10.0,8.881,1.25,112,20,2664,6316,46,24,36,24,18x32,4x32
io4_l2n1p2_l5n1p2_l7n1p1,10.0,8.881,1.25,56,5,1793,3154,42,26,32,26,18x32,4x32
io4_l2n1p2_l5n1p2_l7n1p1_d1d2,10.0,8.881,1.25,112,5,1741,5375,41,24,31,24,18x32,4x32
io4_l2n1p2_l5n1p2_l7n1p2,10.0,8.881,1.25,56,10,2211,3614,44,29,34,29,18x32,4x32
io4_l2n1p2_l5n1p2_l7n1p2_d1d2,10.0,8.881,1.25,112,10,2292,5839,43,27,33,27,18x32,4x32
io4_l2n1p2_l5n1p2_l7n1p4,10.0,8.881,1.25,56,20,2620,3973,48,26,38,26,18x32,4x32
io4_l2n1p2_l5n1p2_l7n1p4_d1d2,10.0,8.881,1.25,112,20,2928,6490,47,24,37,24,18x32,4x32
io4_l2n1p2_l5n1p2_l7p1n1,10.0,8.858,1.25,56,40,7299,7065,165,40,43,40,18x32,4x32
io4_l2n1p2_l5n1p2_l7p1n1_d1d2,10.0,8.858,1.25,160,40,7448,12719,164,38,42,38,18x32,4x32
io4_l2n1p2_l5n1p2_l7p2n1,10.0,9.251,1.25,56,40,7910,8381,293,56,43,56,18x32,4x32
io4_l2n1p2_l5n1p2_l7p2n1_d1d2,10.0,8.858,1.25,160,80,13872,17257,292,41,58,41,18x32,4x32
io4_l2n1p2_l5n1p2_l7p4n1,10.0,9.274,1.25,56,40,7567,10245,549,88,43,88,18x32,4x32
io4_l2n1p2_l5n1p2_l7p4n1_d1d2,10.0,8.858,1.25,160,160,26715,22890,548,38,90,38,18x32,4x32
io4_l2n1p4_l5n1p4_l7n1n1,10.0,8.847,1.25,56,5,1644,3108,55,24,35,24,18x32,4x32
io4_l2n1p4_l5n1p4_l7n1n1_d1d2,10.0,8.847,1.25,112,5,1742,6321,50,18,30,18,18x32,4x32
io4_l2n1p4_l5n1p4_l7n1n2,10.0,8.858,1.25,56,5,1658,3257,57,27,35,27,18x32,4x32
io4_l2n1p4_l5n1p4_l7n1n2_d1d2,10.0,8.858,1.25,112,5,1871,6506,52,21,30,21,18x32,4x32
io4_l2n1p4_l5n1p4_l7n1n4,10.0,8.847,1.25,56,20,2839,4121,61,24,41,24,18x32,4x32
io4_l2n1p4_l5n1p4_l7n1n4_d1d2,10.0,8.847,1.25,112,20,2988,6318,56,18,36,18,18x32,4x32
io4_l2n1p4_l5n1p4_l7n1p1,10.0,8.847,1.25,56,5,2139,3412,56,24,36,24,18x32,4x32
io4_l2n1p4_l5n1p4_l7n1p1_d1d2,10.0,8.847,1.25,112,5,2065,5377,51,18,31,18,18x32,4x32
io4_l2n1p4_l5n1p4_l7n1p2,10.0,8.847,1.25,56,10,2557,3872,58,27,38,27,18x32,4x32
io4_l2n1p4_l5n1p4_l7n1p2_d1d2,10.0,8.847,1.25,112,10,2616,5841,53,21,33,21,18x32,4x32
io4_l2n1p4_l5n1p4_l7n1p4,10.0,8.847,1.25,56,20,2966,4231,62,24,42,24,18x32,4x32
io4_l2n1p4_l5n1p4_l7n1p4_d1d2,10.0,8.847,1.25,112,20,3252,6492,57,18,37,18,18x32,4x32
io4_l2n1p4_l5n1p4_l7p1n1,10.0,9.229,1.25,56,40,7581,7311,179,38,47,38,18x32,4x32
io4_l2n1p4_l5n1p4_l7p1n1_d1d2,10.0,9.229,1.25,160,40,7708,12709,174,32,42,32,18x32,4x32
io4_l2n1p4_l5n1p4_l7p2n1,10.0,9.24,1.25,56,40,8192,8627,307,54,47,54,18x32,4x32
io4_l2n1p4_l5n1p4_l7p2n1_d1d2,10.0,9.229,1.25,160,80,14132,17247,302,35,58,35,18x32,4x32
io4_l2n1p4_l5n1p4_l7p4n1,10.0,9.263,1.25,56,40,7849,10507,563,86,47,86,18x32,4x32
io4_l2n1p4_l5n1p4_l7p4n1_d1d2,10.0,9.229,1.25,160,160,26975,22880,558,32,90,32,18x32,4x32
io4_l2p1n1_l5p1n1_l7n1n1,10.0,9.641,1.25,56,17,3111,11018,383,70,67,70,18x32,4x32
io4_l2p1n1_l5p1n1_l7n1n1_d1d2,10.0,9.285,1.25,176,26,3903,17474,356,70,43,70,18x32,4x32
io4_l2p1n1_l5p1n1_l7n1n2,10.0,9.665,1.25,56,17,3125,11139,385,73,67,73,18x32,4x32
io4_l2p1n1_l5p1n1_l7n1n2_d1d2,10.0,9.309,1.25,176,26,4032,17634,358,73,43,73,18x32,4x32
io4_l2p1n1_l5p1n1_l7n1n4,10.0,9.641,1.25,56,23,3826,11676,389,70,70,70,18x32,4x32
io4_l2p1n1_l5p1n1_l7n1n4_d1d2,10.0,9.285,1.25,176,32,4669,16334,362,70,46,70,18x32,4x32
io4_l2p1n1_l5p1n1_l7n1p1,10.0,9.665,1.25,56,17,3606,11347,384,70,68,70,18x32,4x32
io4_l2p1n1_l5p1n1_l7n1p1_d1d2,10.0,9.285,1.25,176,26,4226,15790,357,70,44,70,18x32,4x32
io4_l2p1n1_l5p1n1_l7n1p2,10.0,9.665,1.25,56,19,3864,11680,386,73,69,73,18x32,4x32
io4_l2p1n1_l5p1n1_l7n1p2_d1d2,10.0,9.285,1.25,176,28,4617,16131,359,73,45,73,18x32,4x32
io4_l2p1n1_l5p1n1_l7n1p4,10.0,9.665,1.25,56,23,3953,11811,390,70,71,70,18x32,4x32
io4_l2p1n1_l5p1n1_l7n1p4_d1d2,10.0,9.285,1.25,176,32,4933,16536,363,70,47,70,18x32,4x32
io4_l2p1n1_l5p1n1_l7p1n1,10.0,9.66,1.25,56,40,8376,14722,507,84,75,84,18x32,4x32
io4_l2p1n1_l5p1n1_l7p1n1_d1d2,10.0,9.285,1.25,224,40,8813,22174,480,84,48,84,18x32,4x32
io4_l2p1n1_l5p1n1_l7p2n1,10.0,9.678,1.25,56,40,8987,16006,635,100,75,100,18x32,4x32
io4_l2p1n1_l5p1n1_l7p2n1_d1d2,10.0,9.285,1.25,224,80,15235,26232,608,87,64,87,18x32,4x32
io4_l2p1n1_l5p1n1_l7p4n1,10.0,9.715,1.25,56,40,8644,17797,891,132,75,132,18x32,4x32
io4_l2p1n1_l5p1n1_l7p4n1_d1d2,10.0,9.285,1.25,224,160,28080,32352,864,84,96,84,18x32,4x32
io4_l2p2n1_l5p2n1_l7n1n1,10.0,9.368,1.25,56,11,9601,12063,639,76,65,76,18x32,4x32
io4_l2p2n1_l5p2n1_l7n1n1_d1d2,10.0,9.678,1.25,128,26,11793,18592,612,76,43,76,18x32,4x32
io4_l2p2n1_l5p2n1_l7n1n2,10.0,9.788,1.25,56,11,9487,12182,641,79,65,79,18x32,4x32
io4_l2p2n1_l5p2n1_l7n1n2_d1d2,10.0,9.524,1.25,128,26,11986,18751,614,79,43,79,18x32,4x32
io4_l2p2n1_l5p2n1_l7n1n4,10.0,9.743,1.25,56,20,10252,12843,645,76,69,76,18x32,4x32
io4_l2p2n1_l5p2n1_l7n1n4_d1d2,10.0,9.667,1.25,128,32,12549,18493,618,76,46,76,18x32,4x32
io4_l2p2n1_l5p2n1_l7n1p1,10.0,9.368,1.25,56,11,10064,12395,640,76,66,76,18x32,4x32
io4_l2p2n1_l5p2n1_l7n1p1_d1d2,10.0,9.263,1.25,128,26,12084,17944,613,76,44,76,18x32,4x32
io4_l2p2n1_l5p2n1_l7n1p2,10.0,9.788,1.25,56,13,10258,12727,642,79,67,79,18x32,4x32
io4_l2p2n1_l5p2n1_l7n1p2_d1d2,10.0,9.633,1.25,128,28,12475,18280,615,79,45,79,18x32,4x32
io4_l2p2n1_l5p2n1_l7n1p4,10.0,9.762,1.25,56,20,10635,12981,646,76,70,76,18x32,4x32
io4_l2p2n1_l5p2n1_l7n1p4_d1d2,10.0,9.644,1.25,128,32,12791,18675,619,76,47,76,18x32,4x32
io4_l2p2n1_l5p2n1_l7p1n1,10.0,9.762,1.25,56,40,14930,16015,763,90,75,90,18x32,4x32
io4_l2p2n1_l5p2n1_l7p1n1_d1d2,10.0,9.685,1.25,176,40,15967,24302,736,90,48,90,18x32,4x32
io4_l2p2n1_l5p2n1_l7p2n1,10.0,9.414,1.25,56,40,15733,17297,891,106,75,106,18x32,4x32
io4_l2p2n1_l5p2n1_l7p2n1_d1d2,10.0,9.663,1.25,176,80,22347,28340,864,93,64,93,18x32,4x32
io4_l2p2n1_l5p2n1_l7p4n1,10.0,9.851,1.25,56,40,15294,19097,1147,138,75,138,18x32,4x32
io4_l2p2n1_l5p2n1_l7p4n1_d1d2,10.0,9.263,1.25,176,160,35202,34466,1120,90,96,90,18x32,4x32
io4_l2p4n1_l5p4n1_l7n1n1,10.0,8.905,1.25,56,46,37737,24162,1151,70,79,70,18x32,4x32
io4_l2p4n1_l5p4n1_l7n1n1_d1d2,10.0,9.229,1.25,176,101,59983,39921,1188,70,73,70,18x32,4x32
io4_l2p4n1_l5p4n1_l7n1n2,10.0,9.298,1.25,56,46,37751,24309,1153,73,79,73,18x32,4x32
io4_l2p4n1_l5p4n1_l7n1n2_d1d2,10.0,9.24,1.25,176,101,60112,40104,1190,73,73,73,18x32,4x32
io4_l2p4n1_l5p4n1_l7n1n4,10.0,8.905,1.25,56,46,37771,24186,1157,70,79,70,18x32,4x32
io4_l2p4n1_l5p4n1_l7n1n4_d1d2,10.0,9.263,1.25,176,101,60377,37936,1194,70,73,70,18x32,4x32
io4_l2p4n1_l5p4n1_l7n1p1,10.0,8.905,1.25,56,46,38232,24466,1152,70,80,70,18x32,4x32
io4_l2p4n1_l5p4n1_l7n1p1_d1d2,10.0,9.229,1.25,176,101,60306,37921,1189,70,74,70,18x32,4x32
io4_l2p4n1_l5p4n1_l7n1p2,10.0,8.905,1.25,56,46,38261,24591,1154,73,80,73,18x32,4x32
io4_l2p4n1_l5p4n1_l7n1p2_d1d2,10.0,9.229,1.25,176,101,60470,38051,1191,73,74,73,18x32,4x32
io4_l2p4n1_l5p4n1_l7n1p4,10.0,8.905,1.25,56,46,37898,24296,1158,70,80,70,18x32,4x32
io4_l2p4n1_l5p4n1_l7n1p4_d1d2,10.0,9.229,1.25,176,101,60332,38034,1195,70,74,70,18x32,4x32
io4_l2p4n1_l5p4n1_l7p1n1,10.0,8.928,1.25,56,46,40165,25881,1275,84,77,84,18x32,4x32
io4_l2p4n1_l5p4n1_l7p1n1_d1d2,10.0,8.847,1.25,224,101,62568,42571,1312,84,71,84,18x32,4x32
io4_l2p4n1_l5p4n1_l7p2n1,10.0,8.952,1.25,56,46,40776,27213,1403,100,77,100,18x32,4x32
io4_l2p4n1_l5p4n1_l7p2n1_d1d2,10.0,8.847,1.25,224,101,65126,43577,1440,87,71,87,18x32,4x32
io4_l2p4n1_l5p4n1_l7p4n1,10.0,8.999,1.25,56,46,40433,29069,1659,132,77,132,18x32,4x32
io4_l2p4n1_l5p4n1_l7p4n1_d1d2,10.0,8.847,1.25,224,160,76179,48749,1696,84,96,84,18x32,4x32
io8_l2n1n1_l5n1n1_l7n1n1,10.0,8.419,1.25,56,5,995,3003,30,12,25,12,34x32,8x32
io8_l2n1n1_l5n1n1_l7n1n1_d1d2,10.0,8.528,1.25,448,5,1613,16506,31,12,26,12,34x32,8x32
io8_l2n1n1_l5n1n1_l7n1n2,10.0,8.847,1.25,56,5,1261,3076,32,13,25,13,34x32,8x32
io8_l2n1n1_l5n1n1_l7n1n2_d1d2,10.0,8.847,1.25,448,5,1887,17159,33,13,26,13,34x32,8x32
io8_l2n1n1_l5n1n1_l7n1n4,10.0,8.881,1.25,56,5,1250,3353,36,19,25,19,34x32,8x32
io8_l2n1n1_l5n1n1_l7n1n4_d1d2,10.0,8.967,1.25,448,5,2511,18384,37,19,26,19,34x32,8x32
io8_l2n1n1_l5n1n1_l7n1n8,10.0,8.419,1.25,56,40,3921,5376,44,12,39,12,34x32,8x32
io8_l2n1n1_l5n1n1_l7n1n8_d1d2,10.0,8.528,1.25,448,40,4533,15571,45,12,40,12,34x32,8x32
io8_l2n1n1_l5n1n1_l7n1p1,10.0,8.419,1.25,56,5,1251,3175,31,12,26,12,34x32,8x32
io8_l2n1n1_l5n1n1_l7n1p1_d1d2,10.0,8.528,1.25,448,5,1936,16710,32,12,27,12,34x32,8x32
io8_l2n1n1_l5n1n1_l7n1p2,10.0,8.419,1.25,56,10,1732,3580,33,13,28,13,34x32,8x32
io8_l2n1n1_l5n1n1_l7n1p2_d1d2,10.0,8.528,1.25,448,10,2489,17671,34,13,29,13,34x32,8x32
io8_l2n1n1_l5n1n1_l7n1p4,10.0,8.419,1.25,56,20,2635,4519,37,19,32,19,34x32,8x32
io8_l2n1n1_l5n1n1_l7n1p4_d1d2,10.0,8.528,1.25,448,20,3593,19630,38,19,33,19,34x32,8x32
io8_l2n1n1_l5n1n1_l7n1p8,10.0,8.419,1.25,56,40,4047,5485,45,12,40,12,34x32,8x32
io8_l2n1n1_l5n1n1_l7n1p8_d1d2,10.0,8.528,1.25,448,40,4796,22940,46,12,41,12,34x32,8x32
io8_l2n1n1_l5n1n1_l7p1n1,10.0,8.881,1.25,80,80,11521,10694,154,18,53,18,34x32,8x32
io8_l2n1n1_l5n1n1_l7p1n1_d1d2,10.0,8.967,1.25,640,80,12102,41578,155,18,54,18,34x32,8x32
io8_l2n1n1_l5n1n1_l7p2n1,10.0,8.824,1.25,80,80,13504,11718,282,26,53,26,34x32,8x32
io8_l2n1n1_l5n1n1_l7p2n1_d1d2,10.0,8.967,1.25,640,160,29109,45528,283,19,86,19,34x32,8x32
io8_l2n1n1_l5n1n1_l7p4n1,10.0,9.218,1.25,80,80,14617,14136,538,42,53,42,34x32,8x32
io8_l2n1n1_l5n1n1_l7p4n1_d1d2,10.0,8.967,1.25,640,320,44695,58871,539,25,150,25,34x32,8x32
io8_l2n1n1_l5n1n1_l7p8n1,10.0,9.24,1.25,80,80,13753,17452,1050,74,53,74,34x32,8x32
io8_l2n1n1_l5n1n1_l7p8n1_d1d2,10.0,8.967,1.25,640,640,87696,80235,1051,18,278,18,34x32,8x32
io8_l2n1n2_l5n1n2_l7n1n1,10.0,8.881,1.25,56,5,1456,3230,35,16,25,16,34x32,8x32
io8_l2n1n2_l5n1n2_l7n1n1_d1d2,10.0,8.955,1.25,448,5,2617,21099,36,14,26,14,34x32,8x32
io8_l2n1n2_l5n1n2_l7n1n2,10.0,8.578,1.25,56,5,1722,3316,37,17,25,17,34x32,8x32
io8_l2n1n2_l5n1n2_l7n1n2_d1d2,10.0,8.967,1.25,448,5,3252,21657,38,15,26,15,34x32,8x32
io8_l2n1n2_l5n1n2_l7n1n4,10.0,8.813,1.25,56,5,1711,3588,41,23,25,23,34x32,8x32
io8_l2n1n2_l5n1n2_l7n1n4_d1d2,10.0,8.813,1.25,448,5,3506,22937,42,21,26,21,34x32,8x32
io8_l2n1n2_l5n1n2_l7n1n8,10.0,8.881,1.25,56,40,4382,5603,49,16,39,16,34x32,8x32
io8_l2n1n2_l5n1n2_l7n1n8_d1d2,10.0,8.955,1.25,448,40,5529,16292,50,14,40,14,34x32,8x32
io8_l2n1n2_l5n1n2_l7n1p1,10.0,8.881,1.25,56,5,1712,3402,36,16,26,16,34x32,8x32
io8_l2n1n2_l5n1n2_l7n1p1_d1d2,10.0,8.955,1.25,448,5,2932,13591,37,14,27,14,34x32,8x32
io8_l2n1n2_l5n1n2_l7n1p2,10.0,8.881,1.25,56,10,2193,3807,38,17,28,17,34x32,8x32
io8_l2n1n2_l5n1n2_l7n1p2_d1d2,10.0,8.955,1.25,448,10,3485,14072,39,15,29,15,34x32,8x32
io8_l2n1n2_l5n1n2_l7n1p4,10.0,8.881,1.25,56,20,3096,4746,42,23,32,23,34x32,8x32
io8_l2n1n2_l5n1n2_l7n1p4_d1d2,10.0,8.955,1.25,448,20,4589,15071,43,21,33,21,34x32,8x32
io8_l2n1n2_l5n1n2_l7n1p8,10.0,8.881,1.25,56,40,4508,5712,50,16,40,16,34x32,8x32
io8_l2n1n2_l5n1n2_l7n1p8_d1d2,10.0,8.955,1.25,448,40,5792,16461,51,14,41,14,34x32,8x32
io8_l2n1n2_l5n1n2_l7p1n1,10.0,8.813,1.25,80,80,11981,10911,159,22,53,22,34x32,8x32
io8_l2n1n2_l5n1n2_l7p1n1_d1d2,10.0,8.813,1.25,640,80,13057,31215,160,20,54,20,34x32,8x32
io8_l2n1n2_l5n1n2_l7p2n1,10.0,8.858,1.25,80,80,13964,11935,287,30,53,30,34x32,8x32
io8_l2n1n2_l5n1n2_l7p2n1_d1d2,10.0,8.813,1.25,640,160,30064,42845,288,21,86,21,34x32,8x32
io8_l2n1n2_l5n1n2_l7p4n1,10.0,9.251,1.25,80,80,15078,14373,543,46,53,46,34x32,8x32
io8_l2n1n2_l5n1n2_l7p4n1_d1d2,10.0,8.813,1.25,640,320,45650,56188,544,27,150,27,34x32,8x32
io8_l2n1n2_l5n1n2_l7p8n1,10.0,9.274,1.25,80,80,14214,17689,1055,78,53,78,34x32,8x32
io8_l2n1n2_l5n1n2_l7p8n1_d1d2,10.0,8.813,1.25,640,640,88651,77554,1056,20,278,20,34x32,8x32
io8_l2n1n4_l5n1n4_l7n1n1,10.0,8.881,1.25,72,14,1994,4372,47,32,30,32,34x32,8x32
io8_l2n1n4_l5n1n4_l7n1n1_d1d2,10.0,8.528,1.25,448,14,2531,23020,46,26,29,26,34x32,8x32
io8_l2n1n4_l5n1n4_l7n1n2,10.0,8.533,1.25,72,14,2261,4462,49,33,30,33,34x32,8x32
io8_l2n1n4_l5n1n4_l7n1n2_d1d2,10.0,8.922,1.25,448,14,3166,23581,48,27,29,27,34x32,8x32
io8_l2n1n4_l5n1n4_l7n1n4,10.0,8.813,1.25,72,14,2249,4730,53,39,30,39,34x32,8x32
io8_l2n1n4_l5n1n4_l7n1n4_d1d2,10.0,8.944,1.25,448,14,3420,24855,52,33,29,33,34x32,8x32
io8_l2n1n4_l5n1n4_l7n1n8,10.0,8.881,1.25,72,40,4440,6412,61,32,41,32,34x32,8x32
io8_l2n1n4_l5n1n4_l7n1n8_d1d2,10.0,8.528,1.25,448,40,4963,16868,60,26,40,26,34x32,8x32
io8_l2n1n4_l5n1n4_l7n1p1,10.0,8.881,1.25,72,14,2250,4544,48,32,31,32,34x32,8x32
io8_l2n1n4_l5n1n4_l7n1p1_d1d2,10.0,8.528,1.25,448,14,2846,14536,47,26,30,26,34x32,8x32
io8_l2n1n4_l5n1n4_l7n1p2,10.0,8.881,1.25,72,16,2571,4826,50,33,32,33,34x32,8x32
io8_l2n1n4_l5n1n4_l7n1p2_d1d2,10.0,8.528,1.25,448,16,3239,14894,49,27,31,27,34x32,8x32
io8_l2n1n4_l5n1n4_l7n1p4,10.0,8.881,1.25,72,20,3154,5555,54,39,34,39,34x32,8x32
io8_l2n1n4_l5n1n4_l7n1p4_d1d2,10.0,8.528,1.25,448,20,4023,15647,53,33,33,33,34x32,8x32
io8_l2n1n4_l5n1n4_l7n1p8,10.0,8.881,1.25,72,40,4566,6521,62,32,42,32,34x32,8x32
io8_l2n1n4_l5n1n4_l7n1p8_d1d2,10.0,8.528,1.25,448,40,5226,17037,61,26,41,26,34x32,8x32
io8_l2n1n4_l5n1n4_l7p1n1,10.0,8.847,1.25,96,80,11943,11670,171,38,55,38,34x32,8x32
io8_l2n1n4_l5n1n4_l7p1n1_d1d2,10.0,8.944,1.25,640,80,12523,31753,170,32,54,32,34x32,8x32
io8_l2n1n4_l5n1n4_l7p2n1,10.0,8.858,1.25,96,80,13926,12694,299,46,55,46,34x32,8x32
io8_l2n1n4_l5n1n4_l7p2n1_d1d2,10.0,8.944,1.25,640,160,29530,43374,298,33,86,33,34x32,8x32
io8_l2n1n4_l5n1n4_l7p4n1,10.0,9.251,1.25,96,80,15040,15132,555,62,55,62,34x32,8x32
io8_l2n1n4_l5n1n4_l7p4n1_d1d2,10.0,8.944,1.25,640,320,45116,56726,554,39,150,39,34x32,8x32
io8_l2n1n4_l5n1n4_l7p8n1,10.0,9.274,1.25,96,80,14176,18448,1067,94,55,94,34x32,8x32
io8_l2n1n4_l5n1n4_l7p8n1_d1d2,10.0,8.944,1.25,640,640,88117,78093,1066,32,278,32,34x32,8x32
io8_l2n1n8_l5n1n8_l7n1n1,10.0,9.206,1.25,72,14,2336,4688,71,26,34,26,34x32,8x32
io8_l2n1n8_l5n1n8_l7n1n1_d1d2,10.0,8.922,1.25,448,23,3621,25558,66,12,32,12,34x32,8x32
io8_l2n1n8_l5n1n8_l7n1n2,10.0,9.218,1.25,72,14,2603,4771,73,27,34,27,34x32,8x32
io8_l2n1n8_l5n1n8_l7n1n2_d1d2,10.0,9.315,1.25,448,23,4256,26116,68,13,32,13,34x32,8x32
io8_l2n1n8_l5n1n8_l7n1n4,10.0,9.24,1.25,72,14,2590,5042,77,33,34,33,34x32,8x32
io8_l2n1n8_l5n1n8_l7n1n4_d1d2,10.0,9.338,1.25,448,23,4689,27329,72,19,32,19,34x32,8x32
io8_l2n1n8_l5n1n8_l7n1n8,10.0,9.206,1.25,72,40,4782,6710,85,26,45,26,34x32,8x32
io8_l2n1n8_l5n1n8_l7n1n8_d1d2,10.0,8.922,1.25,448,40,5573,17125,80,12,40,12,34x32,8x32
io8_l2n1n8_l5n1n8_l7n1p1,10.0,9.206,1.25,72,14,2592,4860,72,26,35,26,34x32,8x32
io8_l2n1n8_l5n1n8_l7n1p1_d1d2,10.0,8.922,1.25,448,23,3936,15162,67,12,33,12,34x32,8x32
io8_l2n1n8_l5n1n8_l7n1p2,10.0,9.206,1.25,72,16,2913,5142,74,27,36,27,34x32,8x32
io8_l2n1n8_l5n1n8_l7n1p2_d1d2,10.0,8.922,1.25,448,25,4329,15520,69,13,34,13,34x32,8x32
io8_l2n1n8_l5n1n8_l7n1p4,10.0,9.206,1.25,72,20,3496,5853,78,33,38,33,34x32,8x32
io8_l2n1n8_l5n1n8_l7n1p4_d1d2,10.0,8.922,1.25,448,29,5113,16273,73,19,36,19,34x32,8x32
io8_l2n1n8_l5n1n8_l7n1p8,10.0,9.206,1.25,72,40,4908,6819,86,26,46,26,34x32,8x32
io8_l2n1n8_l5n1n8_l7n1p8_d1d2,10.0,8.922,1.25,448,40,5836,17294,81,12,41,12,34x32,8x32
io8_l2n1n8_l5n1n8_l7p1n1,10.0,9.24,1.25,96,80,12285,11967,195,32,59,32,34x32,8x32
io8_l2n1n8_l5n1n8_l7p1n1_d1d2,10.0,9.338,1.25,640,80,13101,31971,190,18,54,18,34x32,8x32
io8_l2n1n8_l5n1n8_l7p2n1,10.0,8.835,1.25,96,80,14268,12991,323,40,59,40,34x32,8x32
io8_l2n1n8_l5n1n8_l7p2n1_d1d2,10.0,9.338,1.25,640,160,30108,43585,318,19,86,19,34x32,8x32
io8_l2n1n8_l5n1n8_l7p4n1,10.0,9.229,1.25,96,80,15381,15417,579,56,59,56,34x32,8x32
io8_l2n1n8_l5n1n8_l7p4n1_d1d2,10.0,9.338,1.25,640,320,45694,56944,574,25,150,25,34x32,8x32
io8_l2n1n8_l5n1n8_l7p8n1,10.0,9.251,1.25,96,80,14518,18738,1091,88,59,88,34x32,8x32
io8_l2n1n8_l5n1n8_l7p8n1_d1d2,10.0,9.338,1.25,640,640,88695,78315,1086,18,278,18,34x32,8x32
io8_l2n1p1_l5n1p1_l7n1n1,10.0,8.419,1.25,56,5,1164,3454,34,18,29,18,34x32,8x32
io8_l2n1p1_l5n1p1_l7n1n1_d1d2,10.0,8.528,1.25,448,5,1791,17629,35,18,30,18,34x32,8x32
io8_l2n1p1_l5n1p1_l7n1n2,10.0,8.847,1.25,56,5,1430,3527,36,19,29,19,34x32,8x32
io8_l2n1p1_l5n1p1_l7n1n2_d1d2,10.0,8.847,1.25,448,5,2049,18218,37,19,30,19,34x32,8x32
io8_l2n1p1_l5n1p1_l7n1n4,10.0,8.881,1.25,56,5,1419,3804,40,25,29,25,34x32,8x32
io8_l2n1p1_l5n1p1_l7n1n4_d1d2,10.0,8.967,1.25,448,5,2672,19427,41,25,30,25,34x32,8x32
io8_l2n1p1_l5n1p1_l7n1n8,10.0,8.419,1.25,56,40,4091,5831,48,18,43,18,34x32,8x32
io8_l2n1p1_l5n1p1_l7n1n8_d1d2,10.0,8.528,1.25,448,40,4711,16694,49,18,44,18,34x32,8x32
io8_l2n1p1_l5n1p1_l7n1p1,10.0,8.419,1.25,56,5,1421,3630,35,18,30,18,34x32,8x32
io8_l2n1p1_l5n1p1_l7n1p1_d1d2,10.0,8.528,1.25,448,5,2115,13997,36,18,31,18,34x32,8x32
io8_l2n1p1_l5n1p1_l7n1p2,10.0,8.419,1.25,56,10,1902,4035,37,19,32,19,34x32,8x32
io8_l2n1p1_l5n1p1_l7n1p2_d1d2,10.0,8.528,1.25,448,10,2668,14478,38,19,33,19,34x32,8x32
io8_l2n1p1_l5n1p1_l7n1p4,10.0,8.419,1.25,56,20,2805,4974,41,25,36,25,34x32,8x32
io8_l2n1p1_l5n1p1_l7n1p4_d1d2,10.0,8.528,1.25,448,20,3772,15477,42,25,37,25,34x32,8x32
io8_l2n1p1_l5n1p1_l7n1p8,10.0,8.419,1.25,56,40,4217,5940,49,18,44,18,34x32,8x32
io8_l2n1p1_l5n1p1_l7n1p8_d1d2,10.0,8.528,1.25,448,40,4975,16867,50,18,45,18,34x32,8x32
io8_l2n1p1_l5n1p1_l7p1n1,10.0,8.881,1.25,80,80,11658,11106,158,24,57,24,34x32,8x32
io8_l2n1p1_l5n1p1_l7p1n1_d1d2,10.0,8.967,1.25,640,80,12240,31422,159,24,58,24,34x32,8x32
io8_l2n1p1_l5n1p1_l7p2n1,10.0,8.824,1.25,80,80,13641,12130,286,32,57,32,34x32,8x32
io8_l2n1p1_l5n1p1_l7p2n1_d1d2,10.0,8.967,1.25,640,160,29247,43052,287,25,90,25,34x32,8x32
io8_l2n1p1_l5n1p1_l7p4n1,10.0,9.218,1.25,80,80,14754,14556,542,48,57,48,34x32,8x32
io8_l2n1p1_l5n1p1_l7p4n1_d1d2,10.0,8.967,1.25,640,320,44833,56395,543,31,154,31,34x32,8x32
io8_l2n1p1_l5n1p1_l7p8n1,10.0,9.24,1.25,80,80,13890,17872,1054,80,57,80,34x32,8x32
io8_l2n1p1_l5n1p1_l7p8n1_d1d2,10.0,8.967,1.25,640,640,87834,77759,1055,24,282,24,34x32,8x32
io8_l2n1p2_l5n1p2_l7n1n1,10.0,8.881,1.25,72,5,1393,3663,41,22,31,22,34x32,8x32
io8_l2n1p2_l5n1p2_l7n1n1_d1d2,10.0,8.955,1.25,448,5,2052,22160,40,20,30,20,34x32,8x32
io8_l2n1p2_l5n1p2_l7n1n2,10.0,8.578,1.25,72,5,1658,3729,43,23,31,23,34x32,8x32
io8_l2n1p2_l5n1p2_l7n1n2_d1d2,10.0,8.967,1.25,448,5,2309,22742,42,21,30,21,34x32,8x32
io8_l2n1p2_l5n1p2_l7n1n4,10.0,8.813,1.25,72,5,1647,4001,47,29,31,29,34x32,8x32
io8_l2n1p2_l5n1p2_l7n1n4_d1d2,10.0,8.813,1.25,448,5,2932,23946,46,27,30,27,34x32,8x32
io8_l2n1p2_l5n1p2_l7n1n8,10.0,8.881,1.25,72,40,4319,6036,55,22,45,22,34x32,8x32
io8_l2n1p2_l5n1p2_l7n1n8_d1d2,10.0,8.955,1.25,448,40,4972,17385,54,20,44,20,34x32,8x32
io8_l2n1p2_l5n1p2_l7n1p1,10.0,8.881,1.25,72,5,1649,3835,42,22,32,22,34x32,8x32
io8_l2n1p2_l5n1p2_l7n1p1_d1d2,10.0,8.955,1.25,448,5,2375,14684,41,20,31,20,34x32,8x32
io8_l2n1p2_l5n1p2_l7n1p2,10.0,8.881,1.25,72,10,2130,4240,44,23,34,23,34x32,8x32
io8_l2n1p2_l5n1p2_l7n1p2_d1d2,10.0,8.955,1.25,448,10,2928,15165,43,21,33,21,34x32,8x32
io8_l2n1p2_l5n1p2_l7n1p4,10.0,8.881,1.25,72,20,3033,5179,48,29,38,29,34x32,8x32
io8_l2n1p2_l5n1p2_l7n1p4_d1d2,10.0,8.955,1.25,448,20,4032,16164,47,27,37,27,34x32,8x32
io8_l2n1p2_l5n1p2_l7n1p8,10.0,8.881,1.25,72,40,4445,6145,56,22,46,22,34x32,8x32
io8_l2n1p2_l5n1p2_l7n1p8_d1d2,10.0,8.955,1.25,448,40,5235,17554,55,20,45,20,34x32,8x32
io8_l2n1p2_l5n1p2_l7p1n1,10.0,8.813,1.25,96,80,11886,11305,165,28,59,28,34x32,8x32
io8_l2n1p2_l5n1p2_l7p1n1_d1d2,10.0,8.813,1.25,640,80,12500,32101,164,26,58,26,34x32,8x32
io8_l2n1p2_l5n1p2_l7p2n1,10.0,8.858,1.25,96,80,13869,12329,293,36,59,36,34x32,8x32
io8_l2n1p2_l5n1p2_l7p2n1_d1d2,10.0,8.813,1.25,640,160,29507,43731,292,27,90,27,34x32,8x32
io8_l2n1p2_l5n1p2_l7p4n1,10.0,9.251,1.25,96,80,14982,14755,549,52,59,52,34x32,8x32
io8_l2n1p2_l5n1p2_l7p4n1_d1d2,10.0,8.813,1.25,640,320,45093,57074,548,33,154,33,34x32,8x32
io8_l2n1p2_l5n1p2_l7p8n1,10.0,9.274,1.25,96,80,14118,18071,1061,84,59,84,34x32,8x32
io8_l2n1p2_l5n1p2_l7p8n1_d1d2,10.0,8.813,1.25,640,640,88094,78440,1060,26,282,26,34x32,8x32
io8_l2n1p4_l5n1p4_l7n1n1,10.0,8.847,1.25,72,5,1673,4493,55,38,35,38,34x32,8x32
io8_l2n1p4_l5n1p4_l7n1n1_d1d2,10.0,8.847,1.25,448,5,2288,23626,50,32,30,32,34x32,8x32
io8_l2n1p4_l5n1p4_l7n1n2,10.0,8.858,1.25,72,5,1938,4559,57,39,35,39,34x32,8x32
io8_l2n1p4_l5n1p4_l7n1n2_d1d2,10.0,8.922,1.25,448,5,2923,24184,52,33,30,33,34x32,8x32
io8_l2n1p4_l5n1p4_l7n1n4,10.0,8.813,1.25,72,5,1927,4864,61,45,35,45,34x32,8x32
io8_l2n1p4_l5n1p4_l7n1n4_d1d2,10.0,8.944,1.25,448,5,3160,25413,56,39,30,39,34x32,8x32
io8_l2n1p4_l5n1p4_l7n1n8,10.0,8.847,1.25,72,40,4599,6866,69,38,49,38,34x32,8x32
io8_l2n1p4_l5n1p4_l7n1n8_d1d2,10.0,8.847,1.25,448,40,5200,17859,64,32,44,32,34x32,8x32
io8_l2n1p4_l5n1p4_l7n1p1,10.0,8.847,1.25,72,5,1929,4665,56,38,36,38,34x32,8x32
io8_l2n1p4_l5n1p4_l7n1p1_d1d2,10.0,8.847,1.25,448,5,2603,15158,51,32,31,32,34x32,8x32
io8_l2n1p4_l5n1p4_l7n1p2,10.0,8.847,1.25,72,10,2410,5070,58,39,38,39,34x32,8x32
io8_l2n1p4_l5n1p4_l7n1p2_d1d2,10.0,8.847,1.25,448,10,3156,15639,53,33,33,33,34x32,8x32
io8_l2n1p4_l5n1p4_l7n1p4,10.0,8.847,1.25,72,20,3313,6009,62,45,42,45,34x32,8x32
io8_l2n1p4_l5n1p4_l7n1p4_d1d2,10.0,8.847,1.25,448,20,4260,16638,57,39,37,39,34x32,8x32
io8_l2n1p4_l5n1p4_l7n1p8,10.0,8.847,1.25,72,40,4725,6975,70,38,50,38,34x32,8x32
io8_l2n1p4_l5n1p4_l7n1p8_d1d2,10.0,8.847,1.25,448,40,5463,18028,65,32,45,32,34x32,8x32
io8_l2n1p4_l5n1p4_l7p1n1,10.0,8.813,1.25,96,80,12102,12123,179,44,63,44,34x32,8x32
io8_l2n1p4_l5n1p4_l7p1n1_d1d2,10.0,8.944,1.25,640,80,12664,32563,174,38,58,38,34x32,8x32
io8_l2n1p4_l5n1p4_l7p2n1,10.0,9.229,1.25,96,80,14085,13147,307,52,63,52,34x32,8x32
io8_l2n1p4_l5n1p4_l7p2n1_d1d2,10.0,8.944,1.25,640,160,29671,44210,302,39,90,39,34x32,8x32
io8_l2n1p4_l5n1p4_l7p4n1,10.0,9.24,1.25,96,80,15198,15573,563,68,63,68,34x32,8x32
io8_l2n1p4_l5n1p4_l7p4n1_d1d2,10.0,8.944,1.25,640,320,45257,57536,558,45,154,45,34x32,8x32
io8_l2n1p4_l5n1p4_l7p8n1,10.0,9.263,1.25,96,80,14334,18905,1075,100,63,100,34x32,8x32
io8_l2n1p4_l5n1p4_l7p8n1_d1d2,10.0,8.944,1.25,640,640,88258,78902,1070,38,282,38,34x32,8x32
io8_l2n1p8_l5n1p8_l7n1n1,10.0,8.824,1.25,72,5,2235,4958,83,32,43,32,34x32,8x32
io8_l2n1p8_l5n1p8_l7n1n1_d1d2,10.0,8.922,1.25,448,5,2914,25715,70,18,30,18,34x32,8x32
io8_l2n1p8_l5n1p8_l7n1n2,10.0,9.218,1.25,72,5,2502,5033,85,33,43,33,34x32,8x32
io8_l2n1p8_l5n1p8_l7n1n2_d1d2,10.0,9.315,1.25,448,5,3549,26274,72,19,30,19,34x32,8x32
io8_l2n1p8_l5n1p8_l7n1n4,10.0,9.24,1.25,72,5,2489,5307,89,39,43,39,34x32,8x32
io8_l2n1p8_l5n1p8_l7n1n4_d1d2,10.0,9.338,1.25,448,5,3982,27496,76,25,30,25,34x32,8x32
io8_l2n1p8_l5n1p8_l7n1n8,10.0,8.824,1.25,72,40,5161,7331,97,32,57,32,34x32,8x32
io8_l2n1p8_l5n1p8_l7n1n8_d1d2,10.0,8.922,1.25,448,40,5826,18028,84,18,44,18,34x32,8x32
io8_l2n1p8_l5n1p8_l7n1p1,10.0,8.824,1.25,72,5,2491,5130,84,32,44,32,34x32,8x32
io8_l2n1p8_l5n1p8_l7n1p1_d1d2,10.0,8.922,1.25,448,5,3229,15327,71,18,31,18,34x32,8x32
io8_l2n1p8_l5n1p8_l7n1p2,10.0,8.824,1.25,72,10,2972,5535,86,33,46,33,34x32,8x32
io8_l2n1p8_l5n1p8_l7n1p2_d1d2,10.0,8.922,1.25,448,10,3782,15808,73,19,33,19,34x32,8x32
io8_l2n1p8_l5n1p8_l7n1p4,10.0,8.824,1.25,72,20,3875,6474,90,39,50,39,34x32,8x32
io8_l2n1p8_l5n1p8_l7n1p4_d1d2,10.0,8.922,1.25,448,20,4886,16807,77,25,37,25,34x32,8x32
io8_l2n1p8_l5n1p8_l7n1p8,10.0,8.824,1.25,72,40,5287,7440,98,32,58,32,34x32,8x32
io8_l2n1p8_l5n1p8_l7n1p8_d1d2,10.0,8.922,1.25,448,40,6089,18197,85,18,45,18,34x32,8x32
io8_l2n1p8_l5n1p8_l7p1n1,10.0,9.24,1.25,96,80,12664,12589,207,38,71,38,34x32,8x32
io8_l2n1p8_l5n1p8_l7p1n1_d1d2,10.0,9.338,1.25,640,80,13290,32734,194,24,58,24,34x32,8x32
io8_l2n1p8_l5n1p8_l7p2n1,10.0,8.835,1.25,96,80,14647,13613,335,46,71,46,34x32,8x32
io8_l2n1p8_l5n1p8_l7p2n1_d1d2,10.0,9.338,1.25,640,160,30297,44365,322,25,90,25,34x32,8x32
io8_l2n1p8_l5n1p8_l7p4n1,10.0,8.847,1.25,96,80,15760,16039,591,62,71,62,34x32,8x32
io8_l2n1p8_l5n1p8_l7p4n1_d1d2,10.0,9.338,1.25,640,320,45883,57707,578,31,154,31,34x32,8x32
io8_l2n1p8_l5n1p8_l7p8n1,10.0,8.881,1.25,96,80,14896,19363,1103,94,71,94,34x32,8x32
io8_l2n1p8_l5n1p8_l7p8n1_d1d2,10.0,9.338,1.25,640,640,88884,79072,1090,24,282,24,34x32,8x32
io8_l2p1n1_l5p1n1_l7n1n1,10.0,9.615,1.25,72,14,2977,12405,383,38,66,38,34x32,8x32
io8_l2p1n1_l5p1n1_l7n1n1_d1d2,10.0,9.201,1.25,448,23,4232,37230,350,38,36,38,34x32,8x32
io8_l2p1n1_l5p1n1_l7n1n2,10.0,9.626,1.25,72,14,3244,12417,385,39,66,39,34x32,8x32
io8_l2p1n1_l5p1n1_l7n1n2_d1d2,10.0,9.595,1.25,448,23,4867,37788,352,39,36,39,34x32,8x32
io8_l2p1n1_l5p1n1_l7n1n4,10.0,9.648,1.25,72,14,3231,12666,389,45,66,45,34x32,8x32
io8_l2p1n1_l5p1n1_l7n1n4_d1d2,10.0,9.617,1.25,448,23,5300,38953,356,45,36,45,34x32,8x32
io8_l2p1n1_l5p1n1_l7n1n8,10.0,9.615,1.25,72,40,5423,14431,397,38,77,38,34x32,8x32
io8_l2p1n1_l5p1n1_l7n1n8_d1d2,10.0,9.201,1.25,448,40,6184,28831,364,38,44,38,34x32,8x32
io8_l2p1n1_l5p1n1_l7n1p1,10.0,9.615,1.25,72,14,3237,12609,384,38,67,38,34x32,8x32
io8_l2p1n1_l5p1n1_l7n1p1_d1d2,10.0,9.201,1.25,448,23,4547,26906,351,38,37,38,34x32,8x32
io8_l2p1n1_l5p1n1_l7n1p2,10.0,9.615,1.25,72,16,3554,12866,386,39,68,39,34x32,8x32
io8_l2p1n1_l5p1n1_l7n1p2_d1d2,10.0,9.201,1.25,448,25,4940,27262,353,39,38,39,34x32,8x32
io8_l2p1n1_l5p1n1_l7n1p4,10.0,9.615,1.25,72,20,4137,13602,390,45,70,45,34x32,8x32
io8_l2p1n1_l5p1n1_l7n1p4_d1d2,10.0,9.201,1.25,448,29,5724,28011,357,45,40,45,34x32,8x32
io8_l2p1n1_l5p1n1_l7n1p8,10.0,9.615,1.25,72,40,5549,14568,398,38,78,38,34x32,8x32
io8_l2p1n1_l5p1n1_l7n1p8_d1d2,10.0,9.201,1.25,448,40,6447,29032,365,38,45,38,34x32,8x32
io8_l2p1n1_l5p1n1_l7p1n1,10.0,9.648,1.25,96,80,12926,19680,507,44,91,44,34x32,8x32
io8_l2p1n1_l5p1n1_l7p1n1_d1d2,10.0,9.617,1.25,640,80,13712,43490,474,44,58,44,34x32,8x32
io8_l2p1n1_l5p1n1_l7p2n1,10.0,9.239,1.25,96,80,14913,20695,635,52,91,52,34x32,8x32
io8_l2p1n1_l5p1n1_l7p2n1_d1d2,10.0,9.617,1.25,640,160,30719,55121,602,45,90,45,34x32,8x32
io8_l2p1n1_l5p1n1_l7p4n1,10.0,9.258,1.25,96,80,16022,23089,891,68,91,68,34x32,8x32
io8_l2p1n1_l5p1n1_l7p4n1_d1d2,10.0,9.617,1.25,640,320,46305,68463,858,51,154,51,34x32,8x32
io8_l2p1n1_l5p1n1_l7p8n1,10.0,9.295,1.25,96,80,15158,26341,1403,100,91,100,34x32,8x32
io8_l2p1n1_l5p1n1_l7p8n1_d1d2,10.0,9.617,1.25,640,640,89306,89840,1370,44,282,44,34x32,8x32
io8_l2p2n1_l5p2n1_l7n1n1,10.0,9.814,1.25,72,89,26138,23274,639,40,91,40,34x32,8x32
io8_l2p2n1_l5p2n1_l7n1n1_d1d2,10.0,9.894,1.25,576,8,55051,71548,606,40,31,40,34x32,8x32
io8_l2p2n1_l5p2n1_l7n1n2,10.0,9.825,1.25,72,101,26885,23842,641,41,95,41,34x32,8x32
io8_l2p2n1_l5p2n1_l7n1n2_d1d2,10.0,9.922,1.25,576,8,55686,72100,608,41,31,41,34x32,8x32
io8_l2p2n1_l5p2n1_l7n1n4,10.0,9.751,1.25,72,74,25592,22893,645,47,86,47,34x32,8x32
io8_l2p2n1_l5p2n1_l7n1n4_d1d2,10.0,9.911,1.25,576,8,56121,73260,612,47,31,47,34x32,8x32
io8_l2p2n1_l5p2n1_l7n1n8,10.0,9.814,1.25,72,112,28424,25192,653,40,101,40,34x32,8x32
io8_l2p2n1_l5p2n1_l7n1n8_d1d2,10.0,9.94,1.25,576,40,57803,40357,620,40,44,40,34x32,8x32
io8_l2p2n1_l5p2n1_l7n1p1,10.0,9.814,1.25,72,86,26266,23336,640,40,91,40,34x32,8x32
io8_l2p2n1_l5p2n1_l7n1p1_d1d2,10.0,9.497,1.25,576,8,55366,37651,607,40,32,40,34x32,8x32
io8_l2p2n1_l5p2n1_l7n1p2,10.0,9.814,1.25,72,94,26715,23924,642,41,94,41,34x32,8x32
io8_l2p2n1_l5p2n1_l7n1p2_d1d2,10.0,9.497,1.25,576,10,55759,38045,609,41,33,41,34x32,8x32
io8_l2p2n1_l5p2n1_l7n1p4,10.0,9.814,1.25,72,83,26818,23963,646,47,91,47,34x32,8x32
io8_l2p2n1_l5p2n1_l7n1p4_d1d2,10.0,9.497,1.25,576,20,56863,39052,613,47,37,47,34x32,8x32
io8_l2p2n1_l5p2n1_l7n1p8,10.0,9.814,1.25,72,109,28358,25212,654,40,101,40,34x32,8x32
io8_l2p2n1_l5p2n1_l7n1p8_d1d2,10.0,9.906,1.25,576,40,58066,40550,621,40,45,40,34x32,8x32
io8_l2p2n1_l5p2n1_l7p1n1,10.0,9.751,1.25,96,122,33367,29233,763,46,105,46,34x32,8x32
io8_l2p2n1_l5p2n1_l7p1n1_d1d2,10.0,9.938,1.25,768,80,65267,55155,730,46,58,46,34x32,8x32
io8_l2p2n1_l5p2n1_l7p2n1,10.0,9.821,1.25,96,143,36662,31099,891,54,112,54,34x32,8x32
io8_l2p2n1_l5p2n1_l7p2n1_d1d2,10.0,9.95,1.25,768,160,82306,66809,858,47,90,47,34x32,8x32
io8_l2p2n1_l5p2n1_l7p4n1,10.0,9.839,1.25,96,110,35695,32105,1147,70,101,70,34x32,8x32
io8_l2p2n1_l5p2n1_l7p4n1_d1d2,10.0,9.95,1.25,768,320,97892,80163,1114,53,154,53,34x32,8x32
io8_l2p2n1_l5p2n1_l7p8n1,10.0,9.876,1.25,96,89,33551,34474,1659,102,94,102,34x32,8x32
io8_l2p2n1_l5p2n1_l7p8n1_d1d2,10.0,9.95,1.25,768,640,140893,101500,1626,46,282,46,34x32,8x32
io8_l2p4n1_l5p4n1_l7n1n1,10.0,9.614,1.25,60,11,13656,13881,1151,52,65,52,34x32,8x32
io8_l2p4n1_l5p4n1_l7n1n1_d1d2,10.0,9.999,1.25,640,194,65919,125911,1182,52,93,52,34x32,8x32
io8_l2p4n1_l5p4n1_l7n1n2,10.0,10.073,1.25,60,11,13863,13958,1153,53,65,53,34x32,8x32
io8_l2p4n1_l5p4n1_l7n1n2_d1d2,10.0,10.12,1.25,640,194,66527,126707,1184,53,93,53,34x32,8x32
io8_l2p4n1_l5p4n1_l7n1n4,10.0,10.019,1.25,60,11,13882,14122,1157,59,65,59,34x32,8x32
io8_l2p4n1_l5p4n1_l7n1n4_d1d2,10.0,10.143,1.25,640,194,66961,127855,1188,59,93,59,34x32,8x32
io8_l2p4n1_l5p4n1_l7n1n8,10.0,10.019,1.25,60,40,16322,16040,1165,52,77,52,34x32,8x32
io8_l2p4n1_l5p4n1_l7n1n8_d1d2,10.0,9.999,1.25,640,208,67715,81696,1196,52,100,52,34x32,8x32
io8_l2p4n1_l5p4n1_l7n1p1,10.0,10.019,1.25,60,11,13944,14115,1152,52,66,52,34x32,8x32
io8_l2p4n1_l5p4n1_l7n1p1_d1d2,10.0,9.976,1.25,640,194,66206,79587,1183,52,94,52,34x32,8x32
io8_l2p4n1_l5p4n1_l7n1p2,10.0,10.073,1.25,60,13,14165,14362,1154,53,67,53,34x32,8x32
io8_l2p4n1_l5p4n1_l7n1p2_d1d2,10.0,9.727,1.25,640,196,66697,80180,1185,53,95,53,34x32,8x32
io8_l2p4n1_l5p4n1_l7n1p4,10.0,9.614,1.25,60,20,14940,15211,1158,59,70,59,34x32,8x32
io8_l2p4n1_l5p4n1_l7n1p4_d1d2,10.0,9.976,1.25,640,200,67392,80955,1189,59,97,59,34x32,8x32
io8_l2p4n1_l5p4n1_l7n1p8,10.0,10.073,1.25,60,40,16384,16177,1166,52,78,52,34x32,8x32
io8_l2p4n1_l5p4n1_l7n1p8_d1d2,10.0,9.976,1.25,640,208,67959,81657,1197,52,101,52,34x32,8x32
io8_l2p4n1_l5p4n1_l7p1n1,10.0,10.019,1.25,84,80,23605,21368,1275,58,91,58,34x32,8x32
io8_l2p4n1_l5p4n1_l7p1n1_d1d2,10.0,10.143,1.25,832,224,72404,95470,1306,58,106,58,34x32,8x32
io8_l2p4n1_l5p4n1_l7p2n1,10.0,10.077,1.25,84,80,25588,22364,1403,66,91,66,34x32,8x32
io8_l2p4n1_l5p4n1_l7p2n1_d1d2,10.0,10.143,1.25,832,256,86970,104703,1434,59,122,59,34x32,8x32
io8_l2p4n1_l5p4n1_l7p4n1,10.0,9.617,1.25,84,80,26765,24723,1659,82,91,82,34x32,8x32
io8_l2p4n1_l5p4n1_l7p4n1_d1d2,10.0,10.143,1.25,832,320,97308,114683,1690,65,154,65,34x32,8x32
io8_l2p4n1_l5p4n1_l7p8n1,10.0,9.614,1.25,84,80,25897,27973,2171,114,91,114,34x32,8x32
io8_l2p4n1_l5p4n1_l7p8n1_d1d2,10.0,10.143,1.25,832,640,140282,136078,2202,58,282,58,34x32,8x32
io8_l2p8n1_l5p8n1_l7n1n1,10.0,8.905,1.25,88,86,65946,40874,2175,38,95,38,34x32,8x32
io8_l2p8n1_l5p8n1_l7n1n1_d1d2,10.0,9.418,1.25,704,98,119743,144277,2270,38,66,38,34x32,8x32
io8_l2p8n1_l5p8n1_l7n1n2,10.0,9.298,1.25,88,86,66213,40946,2177,39,95,39,34x32,8x32
io8_l2p8n1_l5p8n1_l7n1n2_d1d2,10.0,9.43,1.25,704,98,120378,144833,2272,39,66,39,34x32,8x32
io8_l2p8n1_l5p8n1_l7n1n4,10.0,9.321,1.25,88,86,66200,41218,2181,45,95,45,34x32,8x32
io8_l2p8n1_l5p8n1_l7n1n4_d1d2,10.0,9.452,1.25,704,98,120811,146053,2276,45,66,45,34x32,8x32
io8_l2p8n1_l5p8n1_l7n1n8,10.0,8.905,1.25,88,86,66163,40935,2189,38,95,38,34x32,8x32
io8_l2p8n1_l5p8n1_l7n1n8_d1d2,10.0,9.042,1.25,704,98,121234,91252,2284,38,66,38,34x32,8x32
io8_l2p8n1_l5p8n1_l7n1p1,10.0,8.905,1.25,88,86,66202,41046,2176,38,96,38,34x32,8x32
io8_l2p8n1_l5p8n1_l7n1p1_d1d2,10.0,9.418,1.25,704,98,120058,90689,2271,38,67,38,34x32,8x32
io8_l2p8n1_l5p8n1_l7n1p2,10.0,8.905,1.25,88,86,66296,41116,2178,39,96,39,34x32,8x32
io8_l2p8n1_l5p8n1_l7n1p2_d1d2,10.0,9.418,1.25,704,98,120224,90852,2273,39,67,39,34x32,8x32
io8_l2p8n1_l5p8n1_l7n1p4,10.0,8.905,1.25,88,86,66425,41401,2182,45,96,45,34x32,8x32
io8_l2p8n1_l5p8n1_l7n1p4_d1d2,10.0,9.418,1.25,704,98,120554,91183,2277,45,67,45,34x32,8x32
io8_l2p8n1_l5p8n1_l7n1p8,10.0,8.905,1.25,88,86,66289,41044,2190,38,96,38,34x32,8x32
io8_l2p8n1_l5p8n1_l7n1p8_d1d2,10.0,9.029,1.25,704,98,120209,91237,2285,38,67,38,34x32,8x32
io8_l2p8n1_l5p8n1_l7p1n1,10.0,9.321,1.25,112,86,68874,42908,2299,44,93,44,34x32,8x32
io8_l2p8n1_l5p8n1_l7p1n1_d1d2,10.0,9.321,1.25,896,98,122874,102551,2394,44,64,44,34x32,8x32
io8_l2p8n1_l5p8n1_l7p2n1,10.0,8.928,1.25,112,86,70857,44137,2427,52,93,52,34x32,8x32
io8_l2p8n1_l5p8n1_l7p2n1_d1d2,10.0,9.321,1.25,896,160,138345,113300,2522,45,90,45,34x32,8x32
io8_l2p8n1_l5p8n1_l7p4n1,10.0,8.952,1.25,112,86,71970,46595,2683,68,93,68,34x32,8x32
io8_l2p8n1_l5p8n1_l7p4n1_d1d2,10.0,9.321,1.25,896,320,153931,126684,2778,51,154,51,34x32,8x32
io8_l2p8n1_l5p8n1_l7p8n1,10.0,8.999,1.25,112,86,71106,49887,3195,100,93,100,34x32,8x32
io8_l2p8n1_l5p8n1_l7p8n1_d1d2,10.0,9.321,1.25,896,640,196932,148091,3290,44,282,44,34x32,8x32
